Period,7th March 2024 00:00 -> 21st May 2025 09:45,

Time,53 Perouse Rd,Addiscombe Rd,Auburn Rd & Mary St,Auburn Rd eastern footpath,Belmore Rd,Blaxcell St A,Blaxcell St B,Blaxcell St C,Bourke Street & Lachlan Street,"Civic Park, Pendle Hill",Coles St,Collins Street,Concord Rd East footpath,Concord Rd West footpath,Correys Ave,Doncaster Ave North of Todman Ave,Elizabeth St A,Elizabeth St B,Evaline St North side,Evaline St South side,Houston Rd and Day Ave,Kenneth Rd,Lidcombe town centre,Oliver St & Brighton St (East),Oliver St & Brighton St (West),Oliver Street (east footpath),Oliver Street (west footpath),Parramatta Rd footpath,Perouse Rd footpath,Rainbow street,St Pauls Street footpath,
7th Mar 2024 00:00,,,,,,,,,,,,,,,,,,,,,0,,,,,,,,,,,
7th Mar 2024 01:00,,,,,,,,,,,,,,,,,,,,,0,,,,,,,,,,,
7th Mar 2024 02:00,,,,,,,,,,,,,,,,,,,,,0,,,,,,,,,,,
7th Mar 2024 03:00,,,,,,,,,,,,,,,,,,,,,0,,,,,,,,,,,
7th Mar 2024 04:00,,,,,,,,,,,,,,,,,,,,,0,,,,,,,,,,,
7th Mar 2024 05:00,,,,,,,,,,,,,,,,,,,,,0,,,,,,,,,,,
7th Mar 2024 06:00,,,,,,,,,,,,,,,,,,,,,0,,,,,,,,,,,
7th Mar 2024 07:00,,,,,,,,,,,,,,,,,,,,,0,,,,,,,,,,,
7th Mar 2024 08:00,,,,,,,,,,,,,,,,,,,,,0,,,,,,,,,,,
7th Mar 2024 09:00,,,,,,,,,,,,,,,,,,,,,0,,,,,,,,,,,
7th Mar 2024 10:00,,,,,,,,,,,,,,,,,,,,,0,,,,,,,,,,,
7th Mar 2024 11:00,,,,,,,,,,,,,,,,,,,,,0,,,,,,,,,,,
7th Mar 2024 12:00,,,,,,,,,,,,,,,,,,,,,0,,,,,,,,,,,
7th Mar 2024 13:00,,,,,,,,,,,,,,,,,,,,,0,,,,,,,,,,,
7th Mar 2024 14:00,,,,,,,,,,,,,,,,,,,,,588,,,,,,,,,,,
7th Mar 2024 15:00,,,,,,,,,,,,,,,,,,,,,394,,,,,,,,,,,
7th Mar 2024 16:00,,,,,,,,,,,,,,,,,,,,,40,,,,,,,,,,,
7th Mar 2024 17:00,,,,,,,,,,,,,,,,,,,,,35,,,,,,,,,,,
7th Mar 2024 18:00,,,,,,,,,,,,,,,,,,,,,30,,,,,,,,,,,
7th Mar 2024 19:00,,,,,,,,,,,,,,,,,,,,,13,,,,,,,,,,,
7th Mar 2024 20:00,,,,,,,,,,,,,,,,,,,,,23,,,,,,,,,,,
7th Mar 2024 21:00,,,,,,,,,,,,,,,,,,,,,24,,,,,,,,,,,
7th Mar 2024 22:00,,,,,,,,,,,,,,,,,,,,,16,,,,,,,,,,,
7th Mar 2024 23:00,,,,,,,,,,,,,,,,,,,,,10,,,,,,,,,,,
8th Mar 2024 00:00,,,,,,,,,,,,,,,,,,,,,7,,,,,,,,,,,
8th Mar 2024 01:00,,,,,,,,,,,,,,,,,,,,,1,,,,,,,,,,,
8th Mar 2024 02:00,,,,,,,,,,,,,,,,,,,,,1,,,,,,,,,,,
8th Mar 2024 03:00,,,,,,,,,,,,,,,,,,,,,1,,,,,,,,,,,
8th Mar 2024 04:00,,,,,,,,,,,,,,,,,,,,,1,,,,,,,,,,,
8th Mar 2024 05:00,,,,,,,,,,,,,,,,,,,,,6,,,,,,,,,,,
8th Mar 2024 06:00,,,,,,,,,,,,,,,,,,,,,13,,,,,,,,,,,
8th Mar 2024 07:00,,,,,,,,,,,,,,,,,,,,,49,,,,,,,,,,,
8th Mar 2024 08:00,,,,,,,,,,,,,,,,,,,,,50,,,,,,,,,,,
8th Mar 2024 09:00,,,,,,,,,,,,,,,,,,,,,29,,,,,,,,,,,
8th Mar 2024 10:00,,,,,,,,,,,,,,,,,,,,,18,,,,,,,,,,,
8th Mar 2024 11:00,,,,,,,,,,,,,,,,,,,,,14,,,,,,,,,,,
8th Mar 2024 12:00,,,,,,,,,,,,,,,,,,,,,13,,,,,,,,,,,
8th Mar 2024 13:00,,,,,,,,,,,,,,,,,,,,,18,,,,,,,,,,,
8th Mar 2024 14:00,,,,,,,,,,,,,,,,,,,,,16,,,,,,,,,,,
8th Mar 2024 15:00,,,,,,,,,,,,,,,,,,,,,23,,,,,,,,,,,
8th Mar 2024 16:00,,,,,,,,,,,,,,,,,,,,,27,,,,,,,,,,,
8th Mar 2024 17:00,,,,,,,,,,,,,,,,,,,,,45,,,,,,,,,,,
8th Mar 2024 18:00,,,,,,,,,,,,,,,,,,,,,29,,,,,,,,,,,
8th Mar 2024 19:00,,,,,,,,,,,,,,,,,,,,,21,,,,,,,,,,,
8th Mar 2024 20:00,,,,,,,,,,,,,,,,,,,,,12,,,,,,,,,,,
8th Mar 2024 21:00,,,,,,,,,,,,,,,,,,,,,15,,,,,,,,,,,
8th Mar 2024 22:00,,,,,,,,,,,,,,,,,,,,,11,,,,,,,,,,,
8th Mar 2024 23:00,,,,,,,,,,,,,,,,,,,,,3,,,,,,,,,,,
9th Mar 2024 00:00,,,,,,,,,,,,,,,,,,,,,3,,,,,,,,,,,
9th Mar 2024 01:00,,,,,,,,,,,,,,,,,,,,,1,,,,,,,,,,,
9th Mar 2024 02:00,,,,,,,,,,,,,,,,,,,,,1,,,,,,,,,,,
9th Mar 2024 03:00,,,,,,,,,,,,,,,,,,,,,0,,,,,,,,,,,
9th Mar 2024 04:00,,,,,,,,,,,,,,,,,,,,,2,,,,,,,,,,,
9th Mar 2024 05:00,,,,,,,,,,,,,,,,,,,,,2,,,,,,,,,,,
9th Mar 2024 06:00,,,,,,,,,,,,,,,,,,,,,17,,,,,,,,,,,
9th Mar 2024 07:00,,,,,,,,,,,,,,,,,,,,,20,,,,,,,,,,,
9th Mar 2024 08:00,,,,,,,,,,,,,,,,,,,,,38,,,,,,,,,,,
9th Mar 2024 09:00,,,,,,,,,,,,,,,,,,,,,29,,,,,,,,,,,
9th Mar 2024 10:00,,,,,,,,,,,,,,,,,,,,,29,,,,,,,,,,,
9th Mar 2024 11:00,,,,,,,,,,,,,,,,,,,,,25,,,,,,,,,,,
9th Mar 2024 12:00,,,,,,,,,,,,,,,,,,,,,17,,,,,,,,,,,
9th Mar 2024 13:00,,,,,,,,,,,,,,,,,,,,,18,,,,,,,,,,,
9th Mar 2024 14:00,,,,,,,,,,,,,,,,,,,,,16,,,,,,,,,,,
9th Mar 2024 15:00,,,,,,,,,,,,,,,,,,,,,3,,,,,,,,,,,
9th Mar 2024 16:00,,,,,,,,,,,,,,,,,,,,,12,,,,,,,,,,,
9th Mar 2024 17:00,,,,,,,,,,,,,,,,,,,,,9,,,,,,,,,,,
9th Mar 2024 18:00,,,,,,,,,,,,,,,,,,,,,15,,,,,,,,,,,
9th Mar 2024 19:00,,,,,,,,,,,,,,,,,,,,,20,,,,,,,,,,,
9th Mar 2024 20:00,,,,,,,,,,,,,,,,,,,,,12,,,,,,,,,,,
9th Mar 2024 21:00,,,,,,,,,,,,,,,,,,,,,9,,,,,,,,,,,
9th Mar 2024 22:00,,,,,,,,,,,,,,,,,,,,,12,,,,,,,,,,,
9th Mar 2024 23:00,,,,,,,,,,,,,,,,,,,,,4,,,,,,,,,,,
10th Mar 2024 00:00,,,,,,,,,,,,,,,,,,,,,3,,,,,,,,,,,
10th Mar 2024 01:00,,,,,,,,,,,,,,,,,,,,,1,,,,,,,,,,,
10th Mar 2024 02:00,,,,,,,,,,,,,,,,,,,,,2,,,,,,,,,,,
10th Mar 2024 03:00,,,,,,,,,,,,,,,,,,,,,2,,,,,,,,,,,
10th Mar 2024 04:00,,,,,,,,,,,,,,,,,,,,,1,,,,,,,,,,,
10th Mar 2024 05:00,,,,,,,,,,,,,,,,,,,,,1,,,,,,,,,,,
10th Mar 2024 06:00,,,,,,,,,,,,,,,,,,,,,6,,,,,,,,,,,
10th Mar 2024 07:00,,,,,,,,,,,,,,,,,,,,,10,,,,,,,,,,,
10th Mar 2024 08:00,,,,,,,,,,,,,,,,,,,,,35,,,,,,,,,,,
10th Mar 2024 09:00,,,,,,,,,,,,,,,,,,,,,33,,,,,,,,,,,
10th Mar 2024 10:00,,,,,,,,,,,,,,,,,,,,,28,,,,,,,,,,,
10th Mar 2024 11:00,,,,,,,,,,,,,,,,,,,,,27,,,,,,,,,,,
10th Mar 2024 12:00,,,,,,,,,,,,,,,,,,,,,34,,,,,,,,,,,
10th Mar 2024 13:00,,,,,,,,,,,,,,,,,,,,,15,,,,,,,,,,,
10th Mar 2024 14:00,,,,,,,,,,,,,,,,,,,,,11,,,,,,,,,,,
10th Mar 2024 15:00,,,,,,,,,,,,,,,,,,,,,17,,,,,,,,,,,
10th Mar 2024 16:00,,,,,,,,,,,,,,,,,,,,,8,,,,,,,,,,,
10th Mar 2024 17:00,,,,,,,,,,,,,,,,,,,,,9,,,,,,,,,,,
10th Mar 2024 18:00,,,,,,,,,,,,,,,,,,,,,8,,,,,,,,,,,
10th Mar 2024 19:00,,,,,,,,,,,,,,,,,,,,,11,,,,,,,,,,,
10th Mar 2024 20:00,,,,,,,,,,,,,,,,,,,,,7,,,,,,,,,,,
10th Mar 2024 21:00,,,,,,,,,,,,,,,,,,,,,5,,,,,,,,,,,
10th Mar 2024 22:00,,,,,,,,,,,,,,,,,,,,,8,,,,,,,,,,,
10th Mar 2024 23:00,,,,,,,,,,,,,,,,,,,,,3,,,,,,,,,,,
11th Mar 2024 00:00,,,,,,,,,,,,,,,,,,,,,4,,,,,,,,,,,
11th Mar 2024 01:00,,,,,,,,,,,,,,,,,,,,,1,,,,,,,,,,,
11th Mar 2024 02:00,,,,,,,,,,,,,,,,,,,,,0,,,,,,,,,,,
11th Mar 2024 03:00,,,,,,,,,,,,,,,,,,,,,0,,,,,,,,,,,
11th Mar 2024 04:00,,,,,,,,,,,,,,,,,,,,,1,,,,,,,,,,,
11th Mar 2024 05:00,,,,,,,,,,,,,,,,,,,,,7,,,,,,,,,,,
11th Mar 2024 06:00,,,,,,,,,,,,,,,,,,,,,27,,,,,,,,,,,
11th Mar 2024 07:00,,,,,,,,,,,,,,,,,,,,,39,,,,,,,,,,,
11th Mar 2024 08:00,,,,,,,,,,,,,,,,,,,,,66,,,,,,,,,,,
11th Mar 2024 09:00,,,,,,,,,,,,,,,,,,,,,22,,,,,,,,,,,
11th Mar 2024 10:00,,,,,,,,,,,,,,,,,,,,,15,,,,,,,,,,,
11th Mar 2024 11:00,,,,,,,,,,,,,,,,,,,,,28,,,,,,,,,,,
11th Mar 2024 12:00,,,,,,,,,,,,,,,,,,,,,17,,,,,,,,,,,
11th Mar 2024 13:00,,,,,,,,,,,,,,,,,,,,,21,,,,,,,,,,,
11th Mar 2024 14:00,,,,,,,,,,,,,,,,,,,,,18,,,,,,,,,,,
11th Mar 2024 15:00,,,,,,,,,,,,,,,,,,,,,15,,,,,,,,,,,
11th Mar 2024 16:00,,,,,,,,,,,,,,,,,,,,,21,,,,,,,,,,,
11th Mar 2024 17:00,,,,,,,,,,,,,,,,,,,,,37,,,,,,,,,,,
11th Mar 2024 18:00,,,,,,,,,,,,,,,,,,,,,32,,,,,,,,,,,
11th Mar 2024 19:00,,,,,,,,,,,,,,,,,,,,,24,,,,,,,,,,,
11th Mar 2024 20:00,,,,,,,,,,,,,,,,,,,,,13,,,,,,,,,,,
11th Mar 2024 21:00,,,,,,,,,,,,,,,,,,,,,16,,,,,,,,,,,
11th Mar 2024 22:00,,,,,,,,,,,,,,,,,,,,,7,,,,,,,,,,,
11th Mar 2024 23:00,,,,,,,,,,,,,,,,,,,,,3,,,,,,,,,,,
12th Mar 2024 00:00,,,,,,,,,,,,,,,,,,,,,2,,,,,,,,,,,
12th Mar 2024 01:00,,,,,,,,,,,,,,,,,,,,,0,,,,,,,,,,,
12th Mar 2024 02:00,,,,,,,,,,,,,,,,,,,,,0,,,,,,,,,,,
12th Mar 2024 03:00,,,,,,,,,,,,,,,,,,,,,1,,,,,,,,,,,
12th Mar 2024 04:00,,,,,,,,,,,,,,,,,,,,,1,,,,,,,,,,,
12th Mar 2024 05:00,,,,,,,,,,,,,,,,,,,,,8,,,,,,,,,,,
12th Mar 2024 06:00,,,,,,,,,,,,,,,,,,,,,22,,,,,,,,,,,
12th Mar 2024 07:00,,,,,,,,,,,,,,,,,,,,,58,,,,,,,,,,,
12th Mar 2024 08:00,,,,,,,,,,,,,,,,,,,,,66,,,,,,,,,,,
12th Mar 2024 09:00,,,,,,,,,,,,,,,,,,,,,25,,,,,,,,,,,
12th Mar 2024 10:00,,,,,,,,,,,,,,,,,,,,,22,,,,,,,,,,,
12th Mar 2024 11:00,,,,,,,,,,,,,,,,,,,,,30,,,,,,,,,,,
12th Mar 2024 12:00,,,,,,,,,,,,,,,,,,,,,17,,,,,,,,,,,
12th Mar 2024 13:00,,,,,,,,,,,,,,,,,,,,,25,,,,,,,,,,,
12th Mar 2024 14:00,,,,,,,,,,,,,,,,,,,,,16,,,,,,,,,,,
12th Mar 2024 15:00,,,,,,,,,,,,,,,,,,,,,18,,,,,,,,,,,
12th Mar 2024 16:00,,,,,,,,,,,,,,,,,,,,,15,,,,,,,,,,,
12th Mar 2024 17:00,,,,,,,,,,,,,,,,,,,,,35,,,,,,,,,,,
12th Mar 2024 18:00,,,,,,,,,,,,,,,,,,,,,20,,,,,,,,,,,
12th Mar 2024 19:00,,,,,,,,,,,,,,,,,,,,,18,,,,,,,,,,,
12th Mar 2024 20:00,,,,,,,,,,,,,,,,,,,,,20,,,,,,,,,,,
12th Mar 2024 21:00,,,,,,,,,,,,,,,,,,,,,22,,,,,,,,,,,
12th Mar 2024 22:00,,,,,,,,,,,,,,,,,,,,,8,,,,,,,,,,,
12th Mar 2024 23:00,,,,,,,,,,,,,,,,,,,,,5,,,,,,,,,,,
13th Mar 2024 00:00,,,,,,,,,,,,,,,,,,,,,1,,,,,,,,,,,
13th Mar 2024 01:00,,,,,,,,,,,,,,,,,,,,,0,,,,,,,,,,,
13th Mar 2024 02:00,,,,,,,,,,,,,,,,,,,,,1,,,,,,,,,,,
13th Mar 2024 03:00,,,,,,,,,,,,,,,,,,,,,1,,,,,,,,,,,
13th Mar 2024 04:00,,,,,,,,,,,,,,,,,,,,,1,,,,,,,,,,,
13th Mar 2024 05:00,,,,,,,,,,,,,,,,,,,,,7,,,,,,,,,,,
13th Mar 2024 06:00,,,,,,,,,,,,,,,,,,,,,18,,,,,,,,,,,
13th Mar 2024 07:00,,,,,,,,,,,,,,,,,,,,,51,,,,,,,,,,,
13th Mar 2024 08:00,,,,,,,,,,,,,,,,,,,,,54,,,,,,,,,,,
13th Mar 2024 09:00,,,,,,,,,,,,,,,,,,,,,21,,,,,,,,,,,
13th Mar 2024 10:00,,,,,,,,,,,,,,,,,,,,,13,,,,,,,,,,,
13th Mar 2024 11:00,,,,,,,,,,,,,,,,,,,,,11,,,,,,,,,,,
13th Mar 2024 12:00,,,,,,,,,,,,,,,,,,,,,6,,,,,,,,,,,
13th Mar 2024 13:00,,,,,,,,,,,,,,,,,,,,,22,,,,,,,,,,,
13th Mar 2024 14:00,,,,,,,,,,,,,,,,,,,,,22,,,,,,,,,,,
13th Mar 2024 15:00,,,,,,,,,,,,,,,,,,,,,21,,,,,,,,,,,
13th Mar 2024 16:00,,,,,,,,,,,,,,,,,,,,,19,,,,,,,,,,,
13th Mar 2024 17:00,,,,,,,,,,,,,,,,,,,,,33,,,,,,,,,,,
13th Mar 2024 18:00,,,,,,,,,,,,,,,,,,,,,66,,,,,,,,,,,
13th Mar 2024 19:00,,,,,,,,,,,,,,,,,,,,,18,,,,,,,,,,,
13th Mar 2024 20:00,,,,,,,,,,,,,,,,,,,,,14,,,,,,,,,,,
13th Mar 2024 21:00,,,,,,,,,,,,,,,,,,,,,14,,,,,,,,,,,
13th Mar 2024 22:00,,,,,,,,,,,,,,,,,,,,,7,,,,,,,,,,,
13th Mar 2024 23:00,,,,,,,,,,,,,,,,,,,,,2,,,,,,,,,,,
14th Mar 2024 00:00,,,,,,,,,,,,,,,,,,,,,0,,,,,,,,,,,
14th Mar 2024 01:00,,,,,,,,,,,,,,,,,,,,,0,,,,,,,,,,,
14th Mar 2024 02:00,,,,,,,,,,,,,,,,,,,,,2,,,,,,,,,,,
14th Mar 2024 03:00,,,,,,,,,,,,,,,,,,,,,2,,,,,,,,,,,
14th Mar 2024 04:00,,,,,,,,,,,,,,,,,,,,,0,,,,,,,,,,,
14th Mar 2024 05:00,,,,,,,,,,,,,,,,,,,,,11,,,,,,,,,,,
14th Mar 2024 06:00,,,,,,,,,,,,,,,,,,,,,20,,,,,,,,,,,
14th Mar 2024 07:00,,,,,,,,,,,,,,,,,,,,,40,,,,,,,,,,,
14th Mar 2024 08:00,,,,,,,,,,,,,,,,,,,,,84,,,,,,,,,,,
14th Mar 2024 09:00,,,,,,,,,,,,,,,,,,,,,28,,,,,,,,,,,
14th Mar 2024 10:00,,,,,,,,,,,,,,,,,,,,,22,,,,,,,,,,,
14th Mar 2024 11:00,,,,,,,,,,,,,,,,,,,,,16,,,,,,,,,,,
14th Mar 2024 12:00,,,,,,,,,,,,,,,,,,,,,17,,,,,,,,,,,
14th Mar 2024 13:00,,,,,,,,,,,,,,,,,,,,,16,,,,,,,,,,,
14th Mar 2024 14:00,,,,,,,,,,,,,,,,,,,,,9,,,,,,,,,,,
14th Mar 2024 15:00,,,,,,,,,,,,,,,,,,,,,18,,,,,,,,,,,
14th Mar 2024 16:00,,,,,,,,,,,,,,,,,,,,,22,,,,,,,,,,,
14th Mar 2024 17:00,,,,,,,,,,,,,,,,,,,,,34,,,,,,,,,,,
14th Mar 2024 18:00,,,,,,,,,,,,,,,,,,,,,39,,,,,,,,,,,
14th Mar 2024 19:00,,,,,,,,,,,,,,,,,,,,,21,,,,,,,,,,,
14th Mar 2024 20:00,,,,,,,,,,,,,,,,,,,,,27,,,,,,,,,,,
14th Mar 2024 21:00,,,,,,,,,,,,,,,,,,,,,21,,,,,,,,,,,
14th Mar 2024 22:00,,,,,,,,,,,,,,,,,,,,,7,,,,,,,,,,,
14th Mar 2024 23:00,,,,,,,,,,,,,,,,,,,,,2,,,,,,,,,,,
15th Mar 2024 00:00,,,,,2,,,,,,,,,,,,,,,,,,,,,,,,,,,
15th Mar 2024 01:00,,,,,0,,,,,,,,,,,,,,,,,,,,,,,,,,,
15th Mar 2024 02:00,,,,,0,,,,,,,,,,,,,,,,,,,,,,,,,,,
15th Mar 2024 03:00,,,,,1,,,,,,,,,,,,,,,,,,,,,,,,,,,
15th Mar 2024 04:00,,,,,1,,,,,,,,,,,,,,,,,,,,,,,,,,,
15th Mar 2024 05:00,,,,,6,,,,,,,,,,,,,,,,,,,,,,,,,,,
15th Mar 2024 06:00,,,,,7,,,,,,,,,,,,,,,,,,,,,,,,,,,
15th Mar 2024 07:00,,,,,35,,,,,,,,,,,,,,,,,,,,,,,,,,,
15th Mar 2024 08:00,,,,,58,,,,,,,,,,,,,,,,,,,,,,,,,,,
15th Mar 2024 09:00,,,,,22,,,,,,,,,,,,,,,,,,,,,,,,,,,
15th Mar 2024 10:00,,,,,23,,,,,,,,,,,,,,,,,,,,,,,,,,,
15th Mar 2024 11:00,,,,,214,,,,,,,,,,,,,,,,,,,,,,,,,,,
15th Mar 2024 12:00,,,,,299,,,,,,,,,,,,,,,,,,,,,,,,,,,
15th Mar 2024 13:00,,,,,282,,,,,,,,,,,,,,,,,,,,,,,,,,,
15th Mar 2024 14:00,,,,,269,,,,,,,,,,,,,,,,,,,,,,,,,,,
15th Mar 2024 15:00,,,,,286,,,,,,,,,,,,,,,,,,,,,,,,,,,
15th Mar 2024 16:00,,,,,354,,,,,,,,,,,,,,,,,,,,,,,,,,,
15th Mar 2024 17:00,,,,,342,,,,,,,,,,,,,,,,,,,,,,,,,,,
15th Mar 2024 18:00,,,,,285,,,,,,,,,,,,,,,,,,,,,,,,,,,
15th Mar 2024 19:00,,,,,226,,,,,,,,,,,,,,,,,,,,,,,,,,,
15th Mar 2024 20:00,,,,,155,,,,,,,,,,,,,,,,,,,,,,,,,,,
15th Mar 2024 21:00,,,,,120,,,,,,,,,,,,,,,,,,,,,,,,,,,
15th Mar 2024 22:00,,,,,71,,,,,,,,,,,,,,,,,,,,,,,,,,,
15th Mar 2024 23:00,,,,,33,,,,,,,,,,,,,,,,,,,,,,,,,,,
16th Mar 2024 00:00,,,,,22,,,,,,,,,,,,,,,,,,,,,,,,,,,
16th Mar 2024 01:00,,,,,25,,,,,,,,,,,,,,,,,,,,,,,,,,,
16th Mar 2024 02:00,,,,,10,,,,,,,,,,,,,,,,,,,,,,,,,,,
16th Mar 2024 03:00,,,,,3,,,,,,,,,,,,,,,,,,,,,,,,,,,
16th Mar 2024 04:00,,,,,4,,,,,,,,,,,,,,,,,,,,,,,,,,,
16th Mar 2024 05:00,,,,,6,,,,,,,,,,,,,,,,,,,,,,,,,,,
16th Mar 2024 06:00,,,,,43,,,,,,,,,,,,,,,,,,,,,,,,,,,
16th Mar 2024 07:00,,,,,92,,,,,,,,,,,,,,,,,,,,,,,,,,,
16th Mar 2024 08:00,,,,,215,,,,,,,,,,,,,,,,,,,,,,,,,,,
16th Mar 2024 09:00,,,,,281,,,,,,,,,,,,,,,,,,,,,,,,,,,
16th Mar 2024 10:00,,,,,242,,,,,,,,,,,,,,,,,,,,,,,,,,,
16th Mar 2024 11:00,,,,,349,,,,,,,,,,,,,,,,,,,,,,,,,,,
16th Mar 2024 12:00,,,,,323,,,,,,,,,,,,,,,,,,,,,,,,,,,
16th Mar 2024 13:00,,,,,287,,,,,,,,,,,,,,,,,,,,,,,,,,,
16th Mar 2024 14:00,,,,,237,,,,,,,,,,,,,,,,,,,,,,,,,,,
16th Mar 2024 15:00,,,,,188,,,,,,,,,,,,,,,,,,,,,,,,,,,
16th Mar 2024 16:00,,,,,271,,,,,,,,,,,,,,,,,,,,,,,,,,,
16th Mar 2024 17:00,,,,,214,,,,,,,,,,,,,,,,,,,,,,,,,,,
16th Mar 2024 18:00,,,,,190,,,,,,,,,,,,,,,,,,,,,,,,,,,
16th Mar 2024 19:00,,,,,166,,,,,,,,,,,,,,,,,,,,,,,,,,,
16th Mar 2024 20:00,,,,,146,,,,,,,,,,,,,,,,,,,,,,,,,,,
16th Mar 2024 21:00,,,,,140,,,,,,,,,,,,,,,,,,,,,,,,,,,
16th Mar 2024 22:00,,,,,67,,,,,,,,,,,,,,,,,,,,,,,,,,,
16th Mar 2024 23:00,,,,,40,,,,,,,,,,,,,,,,,,,,,,,,,,,
17th Mar 2024 00:00,,,,,25,,,,,,,,,,,,,,,,,,,,,,,,,,,
17th Mar 2024 01:00,,,,,16,,,,,,,,,,,,,,,,,,,,,,,,,,,
17th Mar 2024 02:00,,,,,14,,,,,,,,,,,,,,,,,,,,,,,,,,,
17th Mar 2024 03:00,,,,,0,,,,,,,,,,,,,,,,,,,,,,,,,,,
17th Mar 2024 04:00,,,,,1,,,,,,,,,,,,,,,,,,,,,,,,,,,
17th Mar 2024 05:00,,,,,7,,,,,,,,,,,,,,,,,,,,,,,,,,,
17th Mar 2024 06:00,,,,,18,,,,,,,,,,,,,,,,,,,,,,,,,,,
17th Mar 2024 07:00,,,,,43,,,,,,,,,,,,,,,,,,,,,,,,,,,
17th Mar 2024 08:00,,,,,55,,,,,,,,,,,,,,,,,,,,,,,,,,,
17th Mar 2024 09:00,,,,,142,,,,,,,,,,,,,,,,,,,,,,,,,,,
17th Mar 2024 10:00,,,,,221,,,,,,,,,,,,,,,,,,,,,,,,,,,
17th Mar 2024 11:00,,,,,227,,,,,,,,,,,,,,,,,,,,,,,,,,,
17th Mar 2024 12:00,,,,,269,,,,,,,,,,,,,,,,,,,,,,,,,,,
17th Mar 2024 13:00,,,,,248,,,,,,,,,,,,,,,,,,,,,,,,,,,
17th Mar 2024 14:00,,,,,263,,,,,,,,,,,,,,,,,,,,,,,,,,,
17th Mar 2024 15:00,,,,,198,,,,,,,,,,,,,,,,,,,,,,,,,,,
17th Mar 2024 16:00,,,,,184,,,,,,,,,,,,,,,,,,,,,,,,,,,
17th Mar 2024 17:00,,,,,187,,,,,,,,,,,,,,,,,,,,,,,,,,,
17th Mar 2024 18:00,,,,,176,,,,,,,,,,,,,,,,,,,,,,,,,,,
17th Mar 2024 19:00,,,,,186,,,,,,,,,,,,,,,,,,,,,,,,,,,
17th Mar 2024 20:00,,,,,118,,,,,,,,,,,,,,,,,,,,,,,,,,,
17th Mar 2024 21:00,,,,,80,,,,,,,,,,,,,,,,,,,,,,,,,,,
17th Mar 2024 22:00,,,,,43,,,,,,,,,,,,,,,,,,,,,,,,,,,
17th Mar 2024 23:00,,,,,34,,,,,,,,,,,,,,,,,,,,,,,,,,,
18th Mar 2024 00:00,,,,,21,,,,,,,,,,,,,,,,,,,,,,,,,,,
18th Mar 2024 01:00,,,,,12,,,,,,,,,,,,,,,,,,,,,,,,,,,
18th Mar 2024 02:00,,,,,3,,,,,,,,,,,,,,,,,,,,,,,,,,,
18th Mar 2024 03:00,,,,,3,,,,,,,,,,,,,,,,,,,,,,,,,,,
18th Mar 2024 04:00,,,,,6,,,,,,,,,,,,,,,,,,,,,,,,,,,
18th Mar 2024 05:00,,,,,23,,,,,,,,,,,,,,,,,,,,,,,,,,,
18th Mar 2024 06:00,,,,,73,,,,,,,,,,,,,,,,,,,,,,,,,,,
18th Mar 2024 07:00,,,,,140,,,,,,,,,,,,,,,,,,,,,,,,,,,
18th Mar 2024 08:00,,,,,253,,,,,,,,,,,,,,,,,,,,,,,,,,,
18th Mar 2024 09:00,,,,,257,,,,,,,,,,,,,,,,,,,,,,,,,,,
18th Mar 2024 10:00,,,,,275,,,,,,,,,,,,,,,,,,,,,,,,,,,
18th Mar 2024 11:00,,,,,263,,,,,,,,,,,,,,,,,,,,,,,,,,,
18th Mar 2024 12:00,,,,,307,,,,,,,,,,,,,,,,,,,,,,,,,,,
18th Mar 2024 13:00,,,,,299,,,,,,,,,,,,,,,,,,,,,,,,,,,
18th Mar 2024 14:00,,,,,249,,,,,,,,,,,,,,,,,,,,,,,,,,,
18th Mar 2024 15:00,,,,,293,,,,,,,,,,,,,,,,,,,,,,,,,,,
18th Mar 2024 16:00,,,,,294,,,,,,,,,,,,,,,,,,,,,,,,,,,
18th Mar 2024 17:00,,,,,316,,,,,,,,,,,,,,,,,,,,,,,,,,,
18th Mar 2024 18:00,,,,,264,,,,,,,,,,,,,,,,,,,,,,,,,,,
18th Mar 2024 19:00,,,,,207,,,,,,,,,,,,,,,,,,,,,,,,,,,
18th Mar 2024 20:00,,,,,88,,,,,,,,,,,,,,,,,,,,,,,,,,,
18th Mar 2024 21:00,,,,,83,,,,,,,,,,,,,,,,,,,,,,,,,,,
18th Mar 2024 22:00,,,,,44,,,,,,,,,,,,,,,,,,,,,,,,,,,
18th Mar 2024 23:00,,,,,27,,,,,,,,,,,,,,,,,,,,,,,,,,,
19th Mar 2024 00:00,,,,,7,,,,,,,,,,,,,,,,,,,,,,,,,,,
19th Mar 2024 01:00,,,,,7,,,,,,,,,,,,,,,,,,,,,,,,,,,
19th Mar 2024 02:00,,,,,0,,,,,,,,,,,,,,,,,,,,,,,,,,,
19th Mar 2024 03:00,,,,,0,,,,,,,,,,,,,,,,,,,,,,,,,,,
19th Mar 2024 04:00,,,,,2,,,,,,,,,,,,,,,,,,,,,,,,,,,
19th Mar 2024 05:00,,,,,11,,,,,,,,,,,,,,,,,,,,,,,,,,,
19th Mar 2024 06:00,,,,,44,,,,,,,,,,,,,,,,,,,,,,,,,,,
19th Mar 2024 07:00,,,,,90,,,,,,,,,,,,,,,,,,,,,,,,,,,
19th Mar 2024 08:00,,,,,107,,,,,,,,,,,,,,,,,,,,,,,,,,,
19th Mar 2024 09:00,,,,,109,,,,,,,,,,,,,,,,,,,,,,,,,,,
19th Mar 2024 10:00,,,,,88,,,,,,,,,,,,,,,,,,,,,,,,,,,
19th Mar 2024 11:00,,,,,126,,,,,,,,,,,,,,,,,,,,,,,,,,,
19th Mar 2024 12:00,,,,,11,,,,,,,,,,,,,,,,,,,,,,,,,,,
19th Mar 2024 13:00,,,,,35,,,,,,,,,,,,,,,,,,,,,,,,,,,
19th Mar 2024 14:00,,,,,23,,,,,,,,,,,,,,,,,,,,,,,,,,,
19th Mar 2024 15:00,,,,,15,,,,,,,,,,,,,,,,,,,,,,,,,,,
19th Mar 2024 16:00,,,,,59,,,,,,,,,,,,,,,,,,,,,,,,,,,
19th Mar 2024 17:00,,,,,40,,,,,,,,,,,,,,,,,,,,,,,,,,,
19th Mar 2024 18:00,,,,,14,,,,,,,,,,,,,,,,,,,,,,,,,,,
19th Mar 2024 19:00,,,,,15,,,,,,,,,,,,,,,,,,,,,,,,,,,
19th Mar 2024 20:00,,,,,11,,,,,,,,,,,,,,,,,,,,,,,,,,,
19th Mar 2024 21:00,,,,,3,,,,,,,,,,,,,,,,,,,,,,,,,,,
19th Mar 2024 22:00,,,,,12,,,,,,,,,,,,,,,,,,,,,,,,,,,
19th Mar 2024 23:00,,,,,22,,,,,,,,,,,,,,,,,,,,,,,,,,,
20th Mar 2024 00:00,,,,,4,,,,,,,,,,,,,,,,,,,,,,,,,,,
20th Mar 2024 01:00,,,,,6,,,,,,,,,,,,,,,,,,,,,,,,,,,
20th Mar 2024 02:00,,,,,4,,,,,,,,,,,,,,,,,,,,,,,,,,,
20th Mar 2024 03:00,,,,,2,,,,,,,,,,,,,,,,,,,,,,,,,,,
20th Mar 2024 04:00,,,,,9,,,,,,,,,,,,,,,,,,,,,,,,,,,
20th Mar 2024 05:00,,,,,6,,,,,,,,,,,,,,,,,,,,,,,,,,,
20th Mar 2024 06:00,,,,,2,,,,,,,,,,,,,,,,,,,,,,,,,,,
20th Mar 2024 07:00,,,,,8,,,,,,,,,,,,,,,,,,,,,,,,,,,
20th Mar 2024 08:00,,,,,31,,,,,,,,,,,,,,,,,,,,,,,,,,,
20th Mar 2024 09:00,,,,,39,,,,,,,,,,,,,,,,,,,,,,,,,,,
20th Mar 2024 10:00,,,,,23,,,,,,,,,,,,,,,,,,,,,,,,,,,
20th Mar 2024 11:00,,,,,20,,,,,,,,,,,,,,,,,,,,,,,,,,,
20th Mar 2024 12:00,,,,,14,,,,,,,,,,,,,,,,,,,,,,,,,,,
20th Mar 2024 13:00,,,,,15,,,,,,,,,,,,,,,,,,,,,,,,,,,
20th Mar 2024 14:00,,,,,11,,,,,,,,,,,,,,,,,,,,,,,,,,,
20th Mar 2024 15:00,,,,,24,,,,,,,,,,,,,,,,,,,,,,,,,,,
20th Mar 2024 16:00,,,,,3,,,,,,,,,,,,,,,,,,,,,,,,,,,
20th Mar 2024 17:00,,,,,9,,,,,,,,,,,,,,,,,,,,,,,,,,,
20th Mar 2024 18:00,,,,,19,,,,,,,,,,,,,,,,,,,,,,,,,,,
20th Mar 2024 19:00,,,,,20,,,,,,,,,,,,,,,,,,,,,,,,,,,
20th Mar 2024 20:00,,,,,15,,,,,,,,,,,,,,,,,,,,,,,,,,,
20th Mar 2024 21:00,,,,,16,,,,,,,,,,,,,,,,,,,,,,,,,,,
20th Mar 2024 22:00,,,,,7,,,,,,,,,,,,,,,,,,,,,,,,,,,
20th Mar 2024 23:00,,,,,16,,,,,,,,,,,,,,,,,,,,,,,,,,,
21st Mar 2024 00:00,,,,,35,,,,,,,,,,,,,,,,,,,,,,,,,,,
21st Mar 2024 01:00,,,,,33,,,,,,,,,,,,,,,,,,,,,,,,,,,
21st Mar 2024 02:00,,,,,4,,,,,,,,,,,,,,,,,,,,,,,,,,,
21st Mar 2024 03:00,,,,,0,,,,,,,,,,,,,,,,,,,,,,,,,,,
21st Mar 2024 04:00,,,,,3,,,,,,,,,,,,,,,,,,,,,,,,,,,
21st Mar 2024 05:00,,,,,6,,,,,,,,,,,,,,,,,,,,,,,,,,,
21st Mar 2024 06:00,,,,,11,,,,,,,,,,,,,,,,,,,,,,,,,,,
21st Mar 2024 07:00,,,,,38,,,,,,,,,,,,,,,,,,,,,,,,,,,
21st Mar 2024 08:00,,,,,125,,,,,,,,,,,,,,,,,,,,,,,,,,,
21st Mar 2024 09:00,,,,,223,,,,,,,,,,,,,,,,,,,,,,,,,,,
21st Mar 2024 10:00,,,,,258,,,,,,,,,,,,,,,,,,,,,,,,,,,
21st Mar 2024 11:00,,,,,240,,,,,,,,,,,,,,,,,,,,,,,,,,,
21st Mar 2024 12:00,,,,,306,,,,,,,,,,,,,,,,,,,,,,,,,,,
21st Mar 2024 13:00,,,,,308,,,,,,,,,,,,,,,,,,,,,,,,,,,
21st Mar 2024 14:00,,,,,202,,,,,,,,,,,,,,,,,,,,,,,,,,,
21st Mar 2024 15:00,,,,,18,,,,,,,,,,,,,,,,,,,,,,,,,,,
21st Mar 2024 16:00,,,,,42,,,,,,,,,,,,,,,,,,,,,,,,,,,
21st Mar 2024 17:00,,,,,28,,,,,,,,,,,,,,,,,,,,,,,,,,,
21st Mar 2024 18:00,,,,,33,,,,,,,,,,,,,,,,,,,,,,,,,,,
21st Mar 2024 19:00,,,,,34,,,,,,,,,,,,,,,,,,,,,,,,,,,
21st Mar 2024 20:00,,,,,11,,,,,,,,,,,,,,,,,,,,,,,,,,,
21st Mar 2024 21:00,,,,,16,,,,,,,,,,,,,,,,,,,,,,,,,,,
21st Mar 2024 22:00,,,,,14,,,,,,,,,,,,,,,,,,,,,,,,,,,
21st Mar 2024 23:00,,,,,11,,,,,,,,,,,,,,,,,,,,,,,,,,,
22nd Mar 2024 00:00,,,,,8,,,,,,,,,,,,,,,,,,,,,,,,,,,
22nd Mar 2024 01:00,,,,,8,,,,,,,,,,,,,,,,,,,,,,,,,,,
22nd Mar 2024 02:00,,,,,1,,,,,,,,,,,,,,,,,,,,,,,,,,,
22nd Mar 2024 03:00,,,,,2,,,,,,,,,,,,,,,,,,,,,,,,,,,
22nd Mar 2024 04:00,,,,,0,,,,,,,,,,,,,,,,,,,,,,,,,,,
22nd Mar 2024 05:00,,,,,4,,,,,,,,,,,,,,,,,,,,,,,,,,,
22nd Mar 2024 06:00,,,,,0,,,,,,,,,,,,,,,,,,,,,,,,,,,
22nd Mar 2024 07:00,,,,,19,,,,,,,,,,,,,,,,,,,,,,,,,,,
22nd Mar 2024 08:00,,,,,49,,,,,,,,,,,,,,,,,,,,,,,,,,,
22nd Mar 2024 09:00,,,,,50,,,,,,,,,,,,,,,,,,,,,,,,,,,
22nd Mar 2024 10:00,,,,,241,,,,,,,,,,,,,,,,,,,,,,,,,,,
22nd Mar 2024 11:00,,,,,333,,,,,,,,,,,,,,,,,,,,,,,,,,,
22nd Mar 2024 12:00,,,,,353,,,,,,,,,,,,,,,,,,,,,,,,,,,
22nd Mar 2024 13:00,,,,,332,,,,,,,,,,,,,,,,,,,,,,,,,,,
22nd Mar 2024 14:00,,,,,282,,,,,,,,,,,,,,,,,,,,,,,,,,,
22nd Mar 2024 15:00,,,,,292,,,,,,,,,,,,,,,,,,,,,,,,,,,
22nd Mar 2024 16:00,,,,,323,,,,,,,,,,,,,,,,,,,,,,,,,,,
22nd Mar 2024 17:00,,,,,319,,,,,,,,,,,,,,,,,,,,,,,,,,,
22nd Mar 2024 18:00,,,,,251,,,,,,,,,,,,,,,,,,,,,,,,,,,
22nd Mar 2024 19:00,,,,,221,,,,,,,,,,,,,,,,,,,,,,,,,,,
22nd Mar 2024 20:00,,,,,159,,,,,,,,,,,,,,,,,,,,,,,,,,,
22nd Mar 2024 21:00,,,,,106,,,,,,,,,,,,,,,,,,,,,,,,,,,
22nd Mar 2024 22:00,,,,,101,,,,,,,,,,,,,,,,,,,,,,,,,,,
22nd Mar 2024 23:00,,,,,42,,,,,,,,,,,,,,,,,,,,,,,,,,,
23rd Mar 2024 00:00,,,,,34,,,,,,,,,,,,,,,,,,,,,,,,,,,
23rd Mar 2024 01:00,,,,,19,,,,,,,,,,,,,,,,,,,,,,,,,,,
23rd Mar 2024 02:00,,,,,3,,,,,,,,,,,,,,,,,,,,,,,,,,,
23rd Mar 2024 03:00,,,,,3,,,,,,,,,,,,,,,,,,,,,,,,,,,
23rd Mar 2024 04:00,,,,,5,,,,,,,,,,,,,,,,,,,,,,,,,,,
23rd Mar 2024 05:00,,,,,8,,,,,,,,,,,,,,,,,,,,,,,,,,,
23rd Mar 2024 06:00,,,,,60,,,,,,,,,,,,,,,,,,,,,,,,,,,
23rd Mar 2024 07:00,,,,,113,,,,,,,,,,,,,,,,,,,,,,,,,,,
23rd Mar 2024 08:00,,,,,191,,,,,,,,,,,,,,,,,,,,,,,,,,,
23rd Mar 2024 09:00,,,,,292,,,,,,,,,,,,,,,,,,,,,,,,,,,
23rd Mar 2024 10:00,,,,,308,,,,,,,,,,,,,,,,,,,,,,,,,,,
23rd Mar 2024 11:00,,,,,340,,,,,,,,,,,,,,,,,,,,,,,,,,,
23rd Mar 2024 12:00,,,,,291,,,,,,,,,,,,,,,,,,,,,,,,,,,
23rd Mar 2024 13:00,,,,,310,,,,,,,,,,,,,,,,,,,,,,,,,,,
23rd Mar 2024 14:00,,,,,279,,,,,,,,,,,,,,,,,,,,,,,,,,,
23rd Mar 2024 15:00,,,,,256,,,,,,,,,,,,,,,,,,,,,,,,,,,
23rd Mar 2024 16:00,,,,,260,,,,,,,,,,,,,,,,,,,,,,,,,,,
23rd Mar 2024 17:00,,,,,209,,,,,,,,,,,,,,,,,,,,,,,,,,,
23rd Mar 2024 18:00,,,,,205,,,,,,,,,,,,,,,,,,,,,,,,,,,
23rd Mar 2024 19:00,,,,,224,,,,,,,,,,,,,,,,,,,,,,,,,,,
23rd Mar 2024 20:00,,,,,140,,,,,,,,,,,,,,,,,,,,,,,,,,,
23rd Mar 2024 21:00,,,,,89,,,,,,,,,,,,,,,,,,,,,,,,,,,
23rd Mar 2024 22:00,,,,,99,,,,,,,,,,,,,,,,,,,,,,,,,,,
23rd Mar 2024 23:00,,,,,68,,,,,,,,,,,,,,,,,,,,,,,,,,,
24th Mar 2024 00:00,,,,,23,,,,,,,,,,,,,,,,,,,,,,,,,,,
24th Mar 2024 01:00,,,,,10,,,,,,,,,,,,,,,,,,,,,,,,,,,
24th Mar 2024 02:00,,,,,4,,,,,,,,,,,,,,,,,,,,,,,,,,,
24th Mar 2024 03:00,,,,,6,,,,,,,,,,,,,,,,,,,,,,,,,,,
24th Mar 2024 04:00,,,,,5,,,,,,,,,,,,,,,,,,,,,,,,,,,
24th Mar 2024 05:00,,,,,6,,,,,,,,,,,,,,,,,,,,,,,,,,,
24th Mar 2024 06:00,,,,,25,,,,,,,,,,,,,,,,,,,,,,,,,,,
24th Mar 2024 07:00,,,,,60,,,,,,,,,,,,,,,,,,,,,,,,,,,
24th Mar 2024 08:00,,,,,117,,,,,,,,,,,,,,,,,,,,,,,,,,,
24th Mar 2024 09:00,,,,,170,,,,,,,,,,,,,,,,,,,,,,,,,,,
24th Mar 2024 10:00,,,,,245,,,,,,,,,,,,,,,,,,,,,,,,,,,
24th Mar 2024 11:00,,,,,226,,,,,,,,,,,,,,,,,,,,,,,,,,,
24th Mar 2024 12:00,,,,,284,,,,,,,,,,,,,,,,,,,,,,,,,,,
24th Mar 2024 13:00,,,,,332,,,,,,,,,,,,,,,,,,,,,,,,,,,
24th Mar 2024 14:00,,,,,282,,,,,,,,,,,,,,,,,,,,,,,,,,,
24th Mar 2024 15:00,,,,,262,,,,,,,,,,,,,,,,,,,,,,,,,,,
24th Mar 2024 16:00,,,,,254,,,,,,,,,,,,,,,,,,,,,,,,,,,
24th Mar 2024 17:00,,,,,301,,,,,,,,,,,,,,,,,,,,,,,,,,,
24th Mar 2024 18:00,,,,,264,,,,,,,,,,,,,,,,,,,,,,,,,,,
24th Mar 2024 19:00,,,,,236,,,,,,,,,,,,,,,,,,,,,,,,,,,
24th Mar 2024 20:00,,,,,190,,,,,,,,,,,,,,,,,,,,,,,,,,,
24th Mar 2024 21:00,,,,,76,,,,,,,,,,,,,,,,,,,,,,,,,,,
24th Mar 2024 22:00,,,,,42,,,,,,,,,,,,,,,,,,,,,,,,,,,
24th Mar 2024 23:00,,,,,19,,,,,,,,,,,,,,,,,,,,,,,,,,,
25th Mar 2024 00:00,,,,,11,,,,,,,,,,,,,,,,,,,,,,,,,,,
25th Mar 2024 01:00,,,,,6,,,,,,,,,,,,,,,,,,,,,,,,,,,
25th Mar 2024 02:00,,,,,0,,,,,,,,,,,,,,,,,,,,,,,,,,,
25th Mar 2024 03:00,,,,,0,,,,,,,,,,,,,,,,,,,,,,,,,,,
25th Mar 2024 04:00,,,,,7,,,,,,,,,,,,,,,,,,,,,,,,,,,
25th Mar 2024 05:00,,,,,19,,,,,,,,,,,,,,,,,,,,,,,,,,,
25th Mar 2024 06:00,,,,,97,,,,,,,,,,,,,,,,,,,,,,,,,,,
25th Mar 2024 07:00,,,,,242,,,,,,,,,,,,,,,,,,,,,,,,,,,
25th Mar 2024 08:00,,,,,254,,,,,,,,,,,,,,,,,,,,,,,,,,,
25th Mar 2024 09:00,,,,,245,,,,,,,,,,,,,,,,,,,,,,,,,,,
25th Mar 2024 10:00,,,,,326,,,,,,,,,,,,,,,,,,,,,,,,,,,
25th Mar 2024 11:00,,,,,266,,,,,,,,,,,,,,,,,,,,,,,,,,,
25th Mar 2024 12:00,,,,,337,,,,,,,,,,,,,,,,,,,,,,,,,,,
25th Mar 2024 13:00,,,,,313,,,,,,,,,,,,,,,,,,,,,,,,,,,
25th Mar 2024 14:00,,,,,278,,,,,,,,,,,,,,,,,,,,,,,,,,,
25th Mar 2024 15:00,,,,,315,,,,,,,,,,,,,,,,,,,,,,,,,,,
25th Mar 2024 16:00,,,,,311,,,,,,,,,,,,,,,,,,,,,,,,,,,
25th Mar 2024 17:00,,,,,278,,,,,,,,,,,,,,,,,,,,,,,,,,,
25th Mar 2024 18:00,,,,,295,,,,,,,,,,,,,,,,,,,,,,,,,,,
25th Mar 2024 19:00,,,,,194,,,,,,,,,,,,,,,,,,,,,,,,,,,
25th Mar 2024 20:00,,,,,151,,,,,,,,,,,,,,,,,,,,,,,,,,,
25th Mar 2024 21:00,,,,,127,,,,,,,,,,,,,,,,,,,,,,,,,,,
25th Mar 2024 22:00,,,,,43,,,,,,,,,,,,,,,,,,,,,,,,,,,
25th Mar 2024 23:00,,,,,21,,,,,,,,,,,,,,,,,,,,,,,,,,,
26th Mar 2024 00:00,,,,,7,,,,,,,,,,,,,,,,,,,,,,,,,,,
26th Mar 2024 01:00,,,,,6,,,,,,,,,,,,,,,,,,,,,,,,,,,
26th Mar 2024 02:00,,,,,3,,,,,,,,,,,,,,,,,,,,,,,,,,,
26th Mar 2024 03:00,,,,,4,,,,,,,,,,,,,,,,,,,,,,,,,,,
26th Mar 2024 04:00,,,,,9,,,,,,,,,,,,,,,,,,,,,,,,,,,
26th Mar 2024 05:00,,,,,32,,,,,,,,,,,,,,,,,,,,,,,,,,,
26th Mar 2024 06:00,,,,,107,,,,,,,,,,,,,,,,,,,,,,,,,,,
26th Mar 2024 07:00,,,,,174,,,,,,,,,,,,,,,,,,,,,,,,,,,
26th Mar 2024 08:00,,,,,219,,,,,,,,,,,,,,,,,,,,,,,,,,,
26th Mar 2024 09:00,,,,,212,,,,,,,,,,,,,,,,,,,,,,,,,,,
26th Mar 2024 10:00,,,,,247,,,,,,,,,,,,,,,,,,,,,,,,,,,
26th Mar 2024 11:00,,,,,243,,,,,,,,,,,,,,,,,,,,,,,,,,,
26th Mar 2024 12:00,,,,,254,,,,,,,,,,,,,,,,,,,,,,,,,,,
26th Mar 2024 13:00,,,,,288,,,,,,,,,,,,,,,,,,,,,,,,,,,
26th Mar 2024 14:00,,,,,218,,,,,,,,,,,,,,,,,,,,,,,,,,,
26th Mar 2024 15:00,,,,,279,,,,,,,,,,,,,,,,,,,,,,,,,,,
26th Mar 2024 16:00,,,,,341,,,,,,,,,,,,,,,,,,,,,,,,,,,
26th Mar 2024 17:00,,,,,316,,,,,,,,,,,,,,,,,,,,,,,,,,,
26th Mar 2024 18:00,,,,,288,,,,,,,,,,,,,,,,,,,,,,,,,,,
26th Mar 2024 19:00,,,,,205,,,,,,,,,,,,,,,,,,,,,,,,,,,
26th Mar 2024 20:00,,,,,171,,,,,,,,,,,,,,,,,,,,,,,,,,,
26th Mar 2024 21:00,,,,,89,,,,,,,,,,,,,,,,,,,,,,,,,,,
26th Mar 2024 22:00,,,,,49,,,,,,,,,,,,,,,,,,,,,,,,,,,
26th Mar 2024 23:00,,,,,22,,,,,,,,,,,,,,,,,,,,,,,,,,,
27th Mar 2024 00:00,,,,,17,,,,,,,,,,,,,,,,,,,,,,,,,,,
27th Mar 2024 01:00,,,,,9,,,,,,,,,,,,,,,,,,,,,,,,,,,
27th Mar 2024 02:00,,,,,4,,,,,,,,,,,,,,,,,,,,,,,,,,,
27th Mar 2024 03:00,,,,,3,,,,,,,,,,,,,,,,,,,,,,,,,,,
27th Mar 2024 04:00,,,,,5,,,,,,,,,,,,,,,,,,,,,,,,,,,
27th Mar 2024 05:00,,,,,24,,,,,,,,,,,,,,,,,,,,,,,,,,,
27th Mar 2024 06:00,,,,,121,,,,,,,,,,,,,,,,,,,,,,,,,,,
27th Mar 2024 07:00,,,,,186,,,,,,,,,,,,,,,,,,,,,,,,,,,
27th Mar 2024 08:00,,,,,261,,,,,,,,,,,,,,,,,,,,,,,,,,,
27th Mar 2024 09:00,,,,,,,,,,,,,,,,,,,,,,,,,,,,,,,,
27th Mar 2024 10:00,,,,,,,,,,,,,,,,,,,,,,,,,,,,,,,,
27th Mar 2024 11:00,,,,,,,,,,,,,,,,,,,,,,,,,,,,,,,,
27th Mar 2024 12:00,,,,,,,,,,,,,,,,,,,,,,,,,,,,,,,,
27th Mar 2024 13:00,,,,,,,,,,,,,,,,,,,,,,,,,,,,,,,,
27th Mar 2024 14:00,,,,,,,,,,,,,,,,,,,,,,,,,,,,,,,,
27th Mar 2024 15:00,,,,,,,,,,,,,,,,,,,,,,,,,,,,,,,,
27th Mar 2024 16:00,,,,,,,,,,,,,,,,,,,,,,,,,,,,,,,,
27th Mar 2024 17:00,,,,,,,,,,,,,,,,,,,,,,,,,,,,,,,,
27th Mar 2024 18:00,,,,,,,,,,,,,,,,,,,,,,,,,,,,,,,,
27th Mar 2024 19:00,,,,,,,,,,,,,,,,,,,,,,,,,,,,,,,,
27th Mar 2024 20:00,,,,,,,,,,,,,,,,,,,,,,,,,,,,,,,,
27th Mar 2024 21:00,,,,,,,,,,,,,,,,,,,,,,,,,,,,,,,,
27th Mar 2024 22:00,,,,,,,,,,,,,,,,,,,,,,,,,,,,,,,,
27th Mar 2024 23:00,,,,,,,,,,,,,,,,,,,,,,,,,,,,,,,,
28th Mar 2024 00:00,,,,,,,,,,,,,,,,,,,,,,,,,,,,,,,,
28th Mar 2024 01:00,,,,,,,,,,,,,,,,,,,,,,,,,,,,,,,,
28th Mar 2024 02:00,,,,,,,,,,,,,,,,,,,,,,,,,,,,,,,,
28th Mar 2024 03:00,,,,,,,,,,,,,,,,,,,,,,,,,,,,,,,,
28th Mar 2024 04:00,,,,,,,,,,,,,,,,,,,,,,,,,,,,,,,,
28th Mar 2024 05:00,,,,,,,,,,,,,,,,,,,,,,,,,,,,,,,,
28th Mar 2024 06:00,,,,,,,,,,,,,,,,,,,,,,,,,,,,,,,,
28th Mar 2024 07:00,,,,,,,,,,,,,,,,,,,,,,,,,,,,,,,,
28th Mar 2024 08:00,,,,,,,,,,,,,,,,,,,,,,,,,,,,,,,,
28th Mar 2024 09:00,,,,,,,,,,,,,,,,,,,,,,,,,,,,,,,,
28th Mar 2024 10:00,,,,,,,,,,,,,,,,51,,,,,,,,,,,,,,,,
28th Mar 2024 11:00,,,,,,,,,,,,,,,,35,,,,,,,,,,,,,,,,
28th Mar 2024 12:00,,,,,,,,,,,,,,,,41,,,,,,,,,,,,,,,,
28th Mar 2024 13:00,,,,,,,,,,,,,,,,47,,,,,,,,,,,,,,,,
28th Mar 2024 14:00,,,,,,,,,,,,,,,,38,,,,,,,,,,,,,,,,
28th Mar 2024 15:00,,,,,,,,,,,,,,,,55,,,,,,,,,,,,,,,,
28th Mar 2024 16:00,,,,,,,,,,,,,,,,73,,,,,,,,,,,,,,,,
28th Mar 2024 17:00,,,,,,,,,,,,,,,,88,,,,,,,,,,,,,,,,
28th Mar 2024 18:00,,,,,,,,,,,,,,,,92,,,,,,,,,,,,,,,,
28th Mar 2024 19:00,,,,,,,,,,,,,,,,54,,,,,,,,,,,,,,,,
28th Mar 2024 20:00,,,,,,,,,,,,,,,,39,,,,,,,,,,,,,,,,
28th Mar 2024 21:00,,,,,,,,,,,,,,,,25,,,,,,,,,,,,,,,,
28th Mar 2024 22:00,,,,,,,,,,,,,,,,18,,,,,,,,,,,,,,,,
28th Mar 2024 23:00,,,,,,,,,,,,,,,,3,,,,,,,,,,,,,,,,
29th Mar 2024 00:00,,,,,,,,,,,,,,,,6,,,,,,,,,,,,,,,,
29th Mar 2024 01:00,,,,,,,,,,,,,,,,4,,,,,,,,,,,,,,,,
29th Mar 2024 02:00,,,,,,,,,,,,,,,,4,,,,,,,,,,,,,,,,
29th Mar 2024 03:00,,,,,,,,,,,,,,,,5,,,,,,,,,,,,,,,,
29th Mar 2024 04:00,,,,,,,,,,,,,,,,7,,,,,,,,,,,,,,,,
29th Mar 2024 05:00,,,,,,,,,,,,,,,,5,,,,,,,,,,,,,,,,
29th Mar 2024 06:00,,,,,,,,,,,,,,,,26,,,,,,,,,,,,,,,,
29th Mar 2024 07:00,,,,,,,,,,,,,,,,33,,,,,,,,,,,,,,,,
29th Mar 2024 08:00,,,,,,,,,,,,,,,,62,,,,,,,,,,,,,,,,
29th Mar 2024 09:00,,,,,,,,,,,,,,,,58,,,,,,,,,,,,,,,,
29th Mar 2024 10:00,,,,,,,,,,,,,,,,67,,,,,,,,,,,,,,,,
29th Mar 2024 11:00,,,,,,,,,,,,,,,,81,,,,,,,,,,,,,,,,
29th Mar 2024 12:00,,,,,,,,,,,,,,,,47,,,,,,,,,,,,,,,,
29th Mar 2024 13:00,,,,,,,,,,,,,,,,61,,,,,,,,,,,,,,,,
29th Mar 2024 14:00,,,,,,,,,,,,,,,,51,,,,,,,,,,,,,,,,
29th Mar 2024 15:00,,,,,,,,,,,,,,,,37,,,,,,,,,,,,,,,,
29th Mar 2024 16:00,,,,,,,,,,,,,,,,36,,,,,,,,,,,,,,,,
29th Mar 2024 17:00,,,,,,,,,,,,,,,,36,,,,,,,,,,,,,,,,
29th Mar 2024 18:00,,,,,,,,,,,,,,,,42,,,,,,,,,,,,,,,,
29th Mar 2024 19:00,,,,,,,,,,,,,,,,35,,,,,,,,,,,,,,,,
29th Mar 2024 20:00,,,,,,,,,,,,,,,,14,,,,,,,,,,,,,,,,
29th Mar 2024 21:00,,,,,,,,,,,,,,,,12,,,,,,,,,,,,,,,,
29th Mar 2024 22:00,,,,,,,,,,,,,,,,16,,,,,,,,,,,,,,,,
29th Mar 2024 23:00,,,,,,,,,,,,,,,,2,,,,,,,,,,,,,,,,
30th Mar 2024 00:00,,,,,,,,,,,,,,,,0,,,,,,,,,,,,,,,,
30th Mar 2024 01:00,,,,,,,,,,,,,,,,3,,,,,,,,,,,,,,,,
30th Mar 2024 02:00,,,,,,,,,,,,,,,,1,,,,,,,,,,,,,,,,
30th Mar 2024 03:00,,,,,,,,,,,,,,,,3,,,,,,,,,,,,,,,,
30th Mar 2024 04:00,,,,,,,,,,,,,,,,8,,,,,,,,,,,,,,,,
30th Mar 2024 05:00,,,,,,,,,,,,,,,,7,,,,,,,,,,,,,,,,
30th Mar 2024 06:00,,,,,,,,,,,,,,,,31,,,,,,,,,,,,,,,,
30th Mar 2024 07:00,,,,,,,,,,,,,,,,56,,,,,,,,,,,,,,,,
30th Mar 2024 08:00,,,,,,,,,,,,,,,,65,,,,,,,,,,,,,,,,
30th Mar 2024 09:00,,,,,,,,,,,,,,,,80,,,,,,,,,,,,,,,,
30th Mar 2024 10:00,,,,,,,,,,,,,,,,58,,,,,,,,,,,,,,,,
30th Mar 2024 11:00,,,,,,,,,,,,,,,,55,,,,,,,,,,,,,,,,
30th Mar 2024 12:00,,,,,,,,,,,,,,,,40,,,,,,,,,,,,,,,,
30th Mar 2024 13:00,,,,,,,,,,,,,,,,26,,,,,,,,,,,,,,,,
30th Mar 2024 14:00,,,,,,,,,,,,,,,,31,,,,,,,,,,,,,,,,
30th Mar 2024 15:00,,,,,,,,,,,,,,,,30,,,,,,,,,,,,,,,,
30th Mar 2024 16:00,,,,,,,,,,,,,,,,34,,,,,,,,,,,,,,,,
30th Mar 2024 17:00,,,,,,,,,,,,,,,,39,,,,,,,,,,,,,,,,
30th Mar 2024 18:00,,,,,,,,,,,,,,,,37,,,,,,,,,,,,,,,,
30th Mar 2024 19:00,,,,,,,,,,,,,,,,27,,,,,,,,,,,,,,,,
30th Mar 2024 20:00,,,,,,,,,,,,,,,,19,,,,,,,,,,,,,,,,
30th Mar 2024 21:00,,,,,,,,,,,,,,,,4,,,,,,,,,,,,,,,,
30th Mar 2024 22:00,,,,,,,,,,,,,,,,6,,,,,,,,,,,,,,,,
30th Mar 2024 23:00,,,,,,,,,,,,,,,,4,,,,,,,,,,,,,,,,
31st Mar 2024 00:00,,,,,,,,,,,,,,,,3,,,,,,,,,,,,,,,,
31st Mar 2024 01:00,,,,,,,,,,,,,,,,0,,,,,,,,,,,,,,,,
31st Mar 2024 02:00,,,,,,,,,,,,,,,,2,,,,,,,,,,,,,,,,
31st Mar 2024 03:00,,,,,,,,,,,,,,,,3,,,,,,,,,,,,,,,,
31st Mar 2024 04:00,,,,,,,,,,,,,,,,5,,,,,,,,,,,,,,,,
31st Mar 2024 05:00,,,,,,,,,,,,,,,,9,,,,,,,,,,,,,,,,
31st Mar 2024 06:00,,,,,,,,,,,,,,,,21,,,,,,,,,,,,,,,,
31st Mar 2024 07:00,,,,,,,,,,,,,,,,36,,,,,,,,,,,,,,,,
31st Mar 2024 08:00,,,,,,,,,,,,,,,,63,,,,,,,,,,,,,,,,
31st Mar 2024 09:00,,,,,,,,,,,,,,,,61,,,,,,,,,,,,,,,,
31st Mar 2024 10:00,,,,,,,,,,,,,,,,69,,,,,,,,,,,,,,,,
31st Mar 2024 11:00,,,,,,,,,,,,,,,,67,,,,,,,,,,,,,,,,
31st Mar 2024 12:00,,,,,,,,,,,,,,,,43,,,,,,,,,,,,,,,,
31st Mar 2024 13:00,,,,,,,,,,,,,,,,45,,,,,,,,,,,,,,,,
31st Mar 2024 14:00,,,,,,,,,,,,,,,,89,,,,,,,,,,,,,,,,
31st Mar 2024 15:00,,,,,,,,,,,,,,,,97,,,,,,,,,,,,,,,,
31st Mar 2024 16:00,,,,,,,,,,,,,,,,74,,,,,,,,,,,,,,,,
31st Mar 2024 17:00,,,,,,,,,,,,,,,,75,,,,,,,,,,,,,,,,
31st Mar 2024 18:00,,,,,,,,,,,,,,,,66,,,,,,,,,,,,,,,,
31st Mar 2024 19:00,,,,,,,,,,,,,,,,56,,,,,,,,,,,,,,,,
31st Mar 2024 20:00,,,,,,,,,,,,,,,,44,,,,,,,,,,,,,,,,
31st Mar 2024 21:00,,,,,,,,,,,,,,,,114,,,,,,,,,,,,,,,,
31st Mar 2024 22:00,,,,,,,,,,,,,,,,6,,,,,,,,,,,,,,,,
31st Mar 2024 23:00,,,,,,,,,,,,,,,,2,,,,,,,,,,,,,,,,
1st Apr 2024 00:00,,,,,,,,,,,,,,,,3,,,,,,,,,,,,,,,,
1st Apr 2024 01:00,,,,,,,,,,,,,,,,2,,,,,,,,,,,,,,,,
1st Apr 2024 02:00,,,,,,,,,,,,,,,,3,,,,,,,,,,,,,,,,
1st Apr 2024 03:00,,,,,,,,,,,,,,,,5,,,,,,,,,,,,,,,,
1st Apr 2024 04:00,,,,,,,,,,,,,,,,6,,,,,,,,,,,,,,,,
1st Apr 2024 05:00,,,,,,,,,,,,,,,,5,,,,,,,,,,,,,,,,
1st Apr 2024 06:00,,,,,,,,,,,,,,,,20,,,,,,,,,,,,,,,,
1st Apr 2024 07:00,,,,,,,,,,,,,,,,58,,,,,,,,,,,,,,,,
1st Apr 2024 08:00,,,,,,,,,,,,,,,,77,,,,,,,,,,,,,,,,
1st Apr 2024 09:00,,,,,,,,,,,,,,,,83,,,,,,,,,,,,,,,,
1st Apr 2024 10:00,,,,,,,,,,,,,,,,76,,,,,,,,,,,,,,,,
1st Apr 2024 11:00,,,,,,,,,,,,,,,,57,,,,,,,,,,,,,,,,
1st Apr 2024 12:00,,,,,,,,,,,,,,,,61,,,,,,,,,,,,,,,,
1st Apr 2024 13:00,,,,,,,,,,,,,,,,35,,,,,,,,,,,,,,,,
1st Apr 2024 14:00,,,,,,,,,,,,,,,,36,,,,,,,,,,,,,,,,
1st Apr 2024 15:00,,,,,,,,,,,,,,,,36,,,,,,,,,,,,,,,,
1st Apr 2024 16:00,,,,,,,,,,,,,,,,22,,,,,,,,,,,,,,,,
1st Apr 2024 17:00,,,,,,,,,,,,,,,,53,,,,,,,,,,,,,,,,
1st Apr 2024 18:00,,,,,,,,,,,,,,,,53,,,,,,,,,,,,,,,,
1st Apr 2024 19:00,,,,,,,,,,,,,,,,48,,,,,,,,,,,,,,,,
1st Apr 2024 20:00,,,,,,,,,,,,,,,,25,,,,,,,,,,,,,,,,
1st Apr 2024 21:00,,,,,,,,,,,,,,,,9,,,,,,,,,,,,,,,,
1st Apr 2024 22:00,,,,,,,,,,,,,,,,4,,,,,,,,,,,,,,,,
1st Apr 2024 23:00,,,,,,,,,,,,,,,,1,,,,,,,,,,,,,,,,
2nd Apr 2024 00:00,,,,,,,,,,,,,,,,0,,,,,,,,,,,,,,,,
2nd Apr 2024 01:00,,,,,,,,,,,,,,,,0,,,,,,,,,,,,,,,,
2nd Apr 2024 02:00,,,,,,,,,,,,,,,,2,,,,,,,,,,,,,,,,
2nd Apr 2024 03:00,,,,,,,,,,,,,,,,6,,,,,,,,,,,,,,,,
2nd Apr 2024 04:00,,,,,,,,,,,,,,,,3,,,,,,,,,,,,,,,,
2nd Apr 2024 05:00,,,,,,,,,,,,,,,,27,,,,,,,,,,,,,,,,
2nd Apr 2024 06:00,,,,,,,,,,,,,,,,56,,,,,,,,,,,,,,,,
2nd Apr 2024 07:00,,,,,,,,,,,,,,,,109,,,,,,,,,,,,,,,,
2nd Apr 2024 08:00,,,,,,,,,,,,,,,,119,,,,,,,,,,,,,,,,
2nd Apr 2024 09:00,,,,,,,,,,,,,,,,54,,,,,,,,,,,,,,,,
2nd Apr 2024 10:00,,,,,,,,,,,,,,,,30,,,,,,,,,,,,,,,,
2nd Apr 2024 11:00,,,,,,,,,,,,,,,,22,,,,,,,,,,,,,,,,
2nd Apr 2024 12:00,,,,,,,,,,,,,,,,19,,,,,,,,,,,,,,,,
2nd Apr 2024 13:00,,,,,,,,,,,,,,,,28,,,,,,,,,,,,,,,,
2nd Apr 2024 14:00,,,,,,,,,,,,,,,,21,,,,,,,,,,,,,,,,
2nd Apr 2024 15:00,,,,,,,,,,,,,,,,53,,,,,,,,,,,,,,,,
2nd Apr 2024 16:00,,,,,,,,,,,,,,,,47,,,,,,,,,,,,,,,,
2nd Apr 2024 17:00,,,,,,,,,,,,,,,,101,,,,,,,,,,,,,,,,
2nd Apr 2024 18:00,,,,,,,,,,,,,,,,103,,,,,,,,,,,,,,,,
2nd Apr 2024 19:00,,,,,,,,,,,,,,,,66,,,,,,,,,,,,,,,,
2nd Apr 2024 20:00,,,,,,,,,,,,,,,,33,,,,,,,,,,,,,,,,
2nd Apr 2024 21:00,,,,,,,,,,,,,,,,16,,,,,,,,,,,,,,,,
2nd Apr 2024 22:00,,,,,,,,,,,,,,,,5,,,,,,,,,,,,,,,,
2nd Apr 2024 23:00,,,,,,,,,,,,,,,,7,,,,,,,,,,,,,,,,
3rd Apr 2024 00:00,,,,,,,,,,,,,,,,4,,,,,,,,,,,,,,,,
3rd Apr 2024 01:00,,,,,,,,,,,,,,,,0,,,,,,,,,,,,,,,,
3rd Apr 2024 02:00,,,,,,,,,,,,,,,,2,,,,,,,,,,,,,,,,
3rd Apr 2024 03:00,,,,,,,,,,,,,,,,4,,,,,,,,,,,,,,,,
3rd Apr 2024 04:00,,,,,,,,,,,,,,,,4,,,,,,,,,,,,,,,,
3rd Apr 2024 05:00,,,,,,,,,,,,,,,,30,,,,,,,,,,,,,,,,
3rd Apr 2024 06:00,,,,,,,,,,,,,,,,50,,,,,,,,,,,,,,,,
3rd Apr 2024 07:00,,,,,,,,,,,,,,,,121,,,,,,,,,,,,,,,,
3rd Apr 2024 08:00,,,,,,,,,,,,,,,,130,,,,,,,,,,,,,,,,
3rd Apr 2024 09:00,,,,,,,,,,,,,,,,58,,,,,,,,,,,,,,,,
3rd Apr 2024 10:00,,,,,,,,,,,,,,,,52,,,,,,,,,,,,,,,,
3rd Apr 2024 11:00,,,,,,,,,,,,,,,,46,,,,,,,,,,,,,,,,
3rd Apr 2024 12:00,,,,,,,,,,,,,,,,38,,,,,,,,,,,,,,,,
3rd Apr 2024 13:00,,,,,,,,,,,,,,,,45,,,,,,,,,,,,,,,,
3rd Apr 2024 14:00,,,,,,,,,,,,,,,,38,,,,,,,,,,,,,,,,
3rd Apr 2024 15:00,,,,,,,,,,,,,,,,62,,,,,,,,,,,,,,,,
3rd Apr 2024 16:00,,,,,,,,,,,,,,,,75,,,,,,,,,,,,,,,,
3rd Apr 2024 17:00,,,,,,,,,,,,,,,,146,,,,,,,,,,,,,,,,
3rd Apr 2024 18:00,,,,,,,,,,,,,,,,120,,,,,,,,,,,,,,,,
3rd Apr 2024 19:00,,,,,,,,,,,,,,,,63,,,,,,,,,,,,,,,,
3rd Apr 2024 20:00,,,,,,,,,,,,,,,,35,,,,,,,,,,,,,,,,
3rd Apr 2024 21:00,,,,,,,,,,,,,,,,18,,,,,,,,,,,,,,,,
3rd Apr 2024 22:00,,,,,,,,,,,,,,,,13,,,,,,,,,,,,,,,,
3rd Apr 2024 23:00,,,,,,,,,,,,,,,,7,,,,,,,,,,,,,,,,
4th Apr 2024 00:00,,,,,,,,,,,,,,,,3,,,,,,,,,,,,,,,,
4th Apr 2024 01:00,,,,,,,,,,,,,,,,1,,,,,,,,,,,,,,,,
4th Apr 2024 02:00,,,,,,,,,,,,,,,,3,,,,,,,,,,,,,,,,
4th Apr 2024 03:00,,,,,,,,,,,,,,,,3,,,,,,,,,,,,,,,,
4th Apr 2024 04:00,,,,,,,,,,,,,,,,7,,,,,,,,,,,,,,,,
4th Apr 2024 05:00,,,,,,,,,,,,,,,,24,,,,,,,,,,,,,,,,
4th Apr 2024 06:00,,,,,,,,,,,,,,,,52,,,,,,,,,,,,,,,,
4th Apr 2024 07:00,,,,,,,,,,,,,,,,78,,,,,,,,,,,,,,,,
4th Apr 2024 08:00,,,,,,,,,,,,,,,,115,,,,,,,,,,,,,,,,
4th Apr 2024 09:00,,,,,,,,,,,,,,,,48,,,,,,,,,,,,,,,,
4th Apr 2024 10:00,,,,,,,,,,,,,,,,38,,,,,,,,,,,,,,,,
4th Apr 2024 11:00,,,,,,,,,,,,,,,,22,,,,,,,,,,,,,,,,
4th Apr 2024 12:00,,,,,,,,,,,,,,,,16,,,,,,,,,,,,,,,,
4th Apr 2024 13:00,,,,,,,,,,,,,,,,19,,,,,,,,,,,,,,,,
4th Apr 2024 14:00,,,,,,,,,,,,,,,,26,,,,,,,,,,,,,,,,
4th Apr 2024 15:00,,,,,,,,,,,,,,,,35,,,,,,,,,,,,,,,,
4th Apr 2024 16:00,,,,,,,,,,,,,,,,54,,,,,,,,,,,,,,,,
4th Apr 2024 17:00,,,,,,,,,,,,,,,,77,,,,,,,,,,,,,,,,
4th Apr 2024 18:00,,,,,,,,,,,,,,,,56,,,,,,,,,,,,,,,,
4th Apr 2024 19:00,,,,,,,,,,,,,,,,44,,,,,,,,,,,,,,,,
4th Apr 2024 20:00,,,,,,,,,,,,,,,,19,,,,,,,,,,,,,,,,
4th Apr 2024 21:00,,,,,,,,,,,,,,,,21,,,,,,,,,,,,,,,,
4th Apr 2024 22:00,,,,,,,,,,,,,,,,6,,,,,,,,,,,,,,,,
4th Apr 2024 23:00,,,,,,,,,,,,,,,,2,,,,,,,,,,,,,,,,
5th Apr 2024 00:00,,,,,,,,,,,,,,,,4,,,,,,,,,,,,,,,,
5th Apr 2024 01:00,,,,,,,,,,,,,,,,1,,,,,,,,,,,,,,,,
5th Apr 2024 02:00,,,,,,,,,,,,,,,,0,,,,,,,,,,,,,,,,
5th Apr 2024 03:00,,,,,,,,,,,,,,,,2,,,,,,,,,,,,,,,,
5th Apr 2024 04:00,,,,,,,,,,,,,,,,4,,,,,,,,,,,,,,,,
5th Apr 2024 05:00,,,,,,,,,,,,,,,,3,,,,,,,,,,,,,,,,
5th Apr 2024 06:00,,,,,,,,,,,,,,,,2,,,,,,,,,,,,,,,,
5th Apr 2024 07:00,,,,,,,,,,,,,,,,12,,,,,,,,,,,,,,,,
5th Apr 2024 08:00,,,,,,,,,,,,,,,,16,,,,,,,,,,,,,,,,
5th Apr 2024 09:00,,,,,,,,,,,,,,,,7,,,,,,,,,,,,,,,,
5th Apr 2024 10:00,,,,,,,,,,,,,,,,16,,,,,,,,,,,,,,,,
5th Apr 2024 11:00,,,,,,,,,,,,,,,,10,,,,,,,,,,,,,,,,
5th Apr 2024 12:00,,,,,,,,,,,,,,,,8,,,,,,,,,,,,,,,,
5th Apr 2024 13:00,,,,,,,,,,,,,,,,7,,,,,,,,,,,,,,,,
5th Apr 2024 14:00,,,,,,,,,,,,,,,,9,,,,,,,,,,,,,,,,
5th Apr 2024 15:00,,,,,,,,,,,,,,,,6,,,,,,,,,,,,,,,,
5th Apr 2024 16:00,,,,,,,,,,,,,,,,14,,,,,,,,,,,,,,,,
5th Apr 2024 17:00,,,,,,,,,,,,,,,,25,,,,,,,,,,,,,,,,
5th Apr 2024 18:00,,,,,,,,,,,,,,,,18,,,,,,,,,,,,,,,,
5th Apr 2024 19:00,,,,,,,,,,,,,,,,15,,,,,,,,,,,,,,,,
5th Apr 2024 20:00,,,,,,,,,,,,,,,,5,,,,,,,,,,,,,,,,
5th Apr 2024 21:00,,,,,,,,,,,,,,,,1,,,,,,,,,,,,,,,,
5th Apr 2024 22:00,,,,,,,,,,,,,,,,0,,,,,,,,,,,,,,,,
5th Apr 2024 23:00,,,,,,,,,,,,,,,,0,,,,,,,,,,,,,,,,
6th Apr 2024 00:00,,,,,,,,,,,,,,,,0,,,,,,,,,,,,,,,,
6th Apr 2024 01:00,,,,,,,,,,,,,,,,1,,,,,,,,,,,,,,,,
6th Apr 2024 02:00,,,,,,,,,,,,,,,,0,,,,,,,,,,,,,,,,
6th Apr 2024 03:00,,,,,,,,,,,,,,,,2,,,,,,,,,,,,,,,,
6th Apr 2024 04:00,,,,,,,,,,,,,,,,0,,,,,,,,,,,,,,,,
6th Apr 2024 05:00,,,,,,,,,,,,,,,,0,,,,,,,,,,,,,,,,
6th Apr 2024 06:00,,,,,,,,,,,,,,,,11,,,,,,,,,,,,,,,,
6th Apr 2024 07:00,,,,,,,,,,,,,,,,29,,,,,,,,,,,,,,,,
6th Apr 2024 08:00,,,,,,,,,,,,,,,,37,,,,,,,,,,,,,,,,
6th Apr 2024 09:00,,,,,,,,,,,,,,,,69,,,,,,,,,,,,,,,,
6th Apr 2024 10:00,,,,,,,,,,,,,,,,72,,,,,,,,,,,,,,,,
6th Apr 2024 11:00,,,,,,,,,,,,,,,,140,,,,,,,,,,,,,,,,
6th Apr 2024 12:00,,,,,,,,,,,,,,,,124,,,,,,,,,,,,,,,,
6th Apr 2024 13:00,,,,,,,,,,,,,,,,74,,,,,,,,,,,,,,,,
6th Apr 2024 14:00,,,,,,,,,,,,,,,,81,,,,,,,,,,,,,,,,
6th Apr 2024 15:00,,,,,,,,,,,,,,,,77,,,,,,,,,,,,,,,,
6th Apr 2024 16:00,,,,,,,,,,,,,,,,54,,,,,,,,,,,,,,,,
6th Apr 2024 17:00,,,,,,,,,,,,,,,,99,,,,,,,,,,,,,,,,
6th Apr 2024 18:00,,,,,,,,,,,,,,,,205,,,,,,,,,,,,,,,,
6th Apr 2024 19:00,,,,,,,,,,,,,,,,156,,,,,,,,,,,,,,,,
6th Apr 2024 20:00,,,,,,,,,,,,,,,,34,,,,,,,,,,,,,,,,
6th Apr 2024 21:00,,,,,,,,,,,,,,,,23,,,,,,,,,,,,,,,,
6th Apr 2024 22:00,,,,,,,,,,,,,,,,10,,,,,,,,,,,,,,,,
6th Apr 2024 23:00,,,,,,,,,,,,,,,,12,,,,,,,,,,,,,,,,
7th Apr 2024 00:00,,,,,,,,,,,,,,,,5,,,,,,,,,,,,,,,,
7th Apr 2024 01:00,,,,,,,,,,,,,,,,3,,,,,,,,,,,,,,,,
7th Apr 2024 02:00,,,,,,,,,,,,,,,,3,,,,,,,,,,,,,,,,
7th Apr 2024 03:00,,,,,,,,,,,,,,,,2,,,,,,,,,,,,,,,,
7th Apr 2024 04:00,,,,,,,,,,,,,,,,6,,,,,,,,,,,,,,,,
7th Apr 2024 05:00,,,,,,,,,,,,,,,,11,,,,,,,,,,,,,,,,
7th Apr 2024 06:00,,,,,,,,,,,,,,,,42,,,,,,,,,,,,,,,,
7th Apr 2024 07:00,,,,,,,,,,,,,,,,85,,,,,,,,,,,,,,,,
7th Apr 2024 08:00,,,,,,,,,,,,,,,,156,,,,,,,,,,,,,,,,
7th Apr 2024 09:00,,,,,,,,,,,,,,,,112,,,,,,,,,,,,,,,,
7th Apr 2024 10:00,,,,,,,,,,,,,,,,109,,,,,,,,,,,,,,,,
7th Apr 2024 11:00,,,,,,,,,,,,,,,,69,,,,,,,,,,,,,,,,
7th Apr 2024 12:00,,,,,,,,,,,,,,,,60,,,,,,,,,,,,,,,,
7th Apr 2024 13:00,,,,,,,,,,,,,,,,56,,,,,,,,,,,,,,,,
7th Apr 2024 14:00,,,,,,,,,,,,,,,,34,,,,,,,,,,,,,,,,
7th Apr 2024 15:00,,,,,,,,,,,,,,,,41,,,,,,,,,,,,,,,,
7th Apr 2024 16:00,,,,,,,,,,,,,,,,50,,,,,,,,,,,,,,,,
7th Apr 2024 17:00,,,,,,,,,,,,,,,,71,,,,,,,,,,,,,,,,
7th Apr 2024 18:00,,,,,,,,,,,,,,,,31,,,,,,,,,,,,,,,,
7th Apr 2024 19:00,,,,,,,,,,,,,,,,24,,,,,,,,,,,,,,,,
7th Apr 2024 20:00,,,,,,,,,,,,,,,,17,,,,,,,,,,,,,,,,
7th Apr 2024 21:00,,,,,,,,,,,,,,,,7,,,,,,,,,,,,,,,,
7th Apr 2024 22:00,,,,,,,,,,,,,,,,7,,,,,,,,,,,,,,,,
7th Apr 2024 23:00,,,,,,,,,,,,,,,,2,,,,,,,,,,,,,,,,
8th Apr 2024 00:00,,,,,,,,,,,,,,,,1,,,,,,,,,,,,,,,,
8th Apr 2024 01:00,,,,,,,,,,,,,,,,1,,,,,,,,,,,,,,,,
8th Apr 2024 02:00,,,,,,,,,,,,,,,,0,,,,,,,,,,,,,,,,
8th Apr 2024 03:00,,,,,,,,,,,,,,,,7,,,,,,,,,,,,,,,,
8th Apr 2024 04:00,,,,,,,,,,,,,,,,4,,,,,,,,,,,,,,,,
8th Apr 2024 05:00,,,,,,,,,,,,,,,,24,,,,,,,,,,,,,,,,
8th Apr 2024 06:00,,,,,,,,,,,,,,,,74,,,,,,,,,,,,,,,,
8th Apr 2024 07:00,,,,,,,,,,,,,,,,102,,,,,,,,,,,,,,,,
8th Apr 2024 08:00,,,,,,,,,,,,,,,,128,,,,,,,,,,,,,,,,
8th Apr 2024 09:00,,,,,,,,,,,,,,,,59,,,,,,,,,,,,,,,,
8th Apr 2024 10:00,,,,,,,,,,,,,,,,40,,,,,,,,,,,,,,,,
8th Apr 2024 11:00,,,,,,,,,,,,,,,,31,,,,,,,,,,,,,,,,
8th Apr 2024 12:00,,,,,,,,,,,,,,,,36,,,,,,,,,,,,,,,,
8th Apr 2024 13:00,,,,,,,,,,,,,,,,50,,,,,,,,,,,,,,,,
8th Apr 2024 14:00,,,,,,,,,,,,,,,,55,,,,,,,,,,,,,,,,
8th Apr 2024 15:00,,,,,,,,,,,,,,,,43,,,,,,,,,,,,,,,,
8th Apr 2024 16:00,,,,,,,,,,,,,,,,78,,,,,,,,,,,,,,,,
8th Apr 2024 17:00,,,,,,,,,,,,,,,,152,,,,,,,,,,,,,,,,
8th Apr 2024 18:00,,,,,,,,,,,,,,,,87,,,,,,,,,,,,,,,,
8th Apr 2024 19:00,,,,,,,,,,,,,,,,67,,,,,,,,,,,,,,,,
8th Apr 2024 20:00,,,,,,,,,,,,,,,,32,,,,,,,,,,,,,,,,
8th Apr 2024 21:00,,,,,,,,,,,,,,,,14,,,,,,,,,,,,,,,,
8th Apr 2024 22:00,,,,,,,,,,,,,,,,11,,,,,,,,,,,,,,,,
8th Apr 2024 23:00,,,,,,,,,,,,,,,,3,,,,,,,,,,,,,,,,
9th Apr 2024 00:00,,,,,,,,,,,,,,,,1,,,,,,,,,,,,,,,,
9th Apr 2024 01:00,,,,,,,,,,,,,,,,4,,,,,,,,,,,,,,,,
9th Apr 2024 02:00,,,,,,,,,,,,,,,,2,,,,,,,,,,,,,,,,
9th Apr 2024 03:00,,,,,,,,,,,,,,,,6,,,,,,,,,,,,,,,,
9th Apr 2024 04:00,,,,,,,,,,,,,,,,4,,,,,,,,,,,,,,,,
9th Apr 2024 05:00,,,,,,,,,,,,,,,,36,,,,,,,,,,,,,,,,
9th Apr 2024 06:00,,,,,,,,,,,,,,,,84,,,,,,,,,,,,,,,,
9th Apr 2024 07:00,,,,,,,,,,,,,,,,125,,,,,,,,,,,,,,,,
9th Apr 2024 08:00,,,,,,,,,,,,,,,,127,,,,,,,,,,,,,,,,
9th Apr 2024 09:00,,,,,,,,,,,,,,,,31,,,,,,,,,,,,,,,,
9th Apr 2024 10:00,,,,,,,,,,,,,,,,,,,,,,,,,,,,,,,,
9th Apr 2024 11:00,,,,,,,,,,,,,,,,,,,,,,,,,,,,,,,,
9th Apr 2024 12:00,,,,,,,,,,,,,,,,,,,,,,,,,,,,,,,,
9th Apr 2024 13:00,,,,,,,,,,,,,,,,,,,,,,,,,,,,,,,,
9th Apr 2024 14:00,,,,,,,,,,,,,,,,,,,,,,,,,,,,,,,,
9th Apr 2024 15:00,,,,,,,,,,,,,,,,,,,,,,,,,,,,,,,,
9th Apr 2024 16:00,,,,,,,,,,,,,,,,,,,,,,,,,,,,,,,,
9th Apr 2024 17:00,,,,,,,,,,,,,,,,,,,,,,,,,,,,,,,,
9th Apr 2024 18:00,,,,,,,,,,,,,,,,,,,,,,,,,,,,,,,,
9th Apr 2024 19:00,,,,,,,,,,,,,,,,,,,,,,,,,,,,,,,,
9th Apr 2024 20:00,,,,,,,,,,,,,,,,,,,,,,,,,,,,,,,,
9th Apr 2024 21:00,,,,,,,,,,,,,,,,,,,,,,,,,,,,,,,,
9th Apr 2024 22:00,,,,,,,,,,,,,,,,,,,,,,,,,,,,,,,,
9th Apr 2024 23:00,,,,,,,,,,,,,,,,,,,,,,,,,,,,,,,,
10th Apr 2024 00:00,,,,,,,,,,,,,,,,,,,,,,,,,,,,,,,,
10th Apr 2024 01:00,,,,,,,,,,,,,,,,,,,,,,,,,,,,,,,,
10th Apr 2024 02:00,,,,,,,,,,,,,,,,,,,,,,,,,,,,,,,,
10th Apr 2024 03:00,,,,,,,,,,,,,,,,,,,,,,,,,,,,,,,,
10th Apr 2024 04:00,,,,,,,,,,,,,,,,,,,,,,,,,,,,,,,,
10th Apr 2024 05:00,,,,,,,,,,,,,,,,,,,,,,,,,,,,,,,,
10th Apr 2024 06:00,,,,,,,,,,,,,,,,,,,,,,,,,,,,,,,,
10th Apr 2024 07:00,,,,,,,,,,,,,,,,,,,,,,,,,,,,,,,,
10th Apr 2024 08:00,,,,,,,,,,,,,,,,,,,,,,,,,,,,,,,,
10th Apr 2024 09:00,,,,,,,,,,,,,,,,,,,,,,,,,,,,,,,,
10th Apr 2024 10:00,,,,,,,,,,,,,,,,,,,,,,,,,,,,,,,,
10th Apr 2024 11:00,,,,,,,,,,,,,,,,,,,,,,,,,,,,,,,,
10th Apr 2024 12:00,,,,,,,,,,,,,,,,,,,,,,,,,,,,,,,,
10th Apr 2024 13:00,,,,,,,,,,,,,,,,,,,,,,,,,,,,,,,,
10th Apr 2024 14:00,,,,,,,,,,,,,,,,,,,,,,,,,,,,,,,,
10th Apr 2024 15:00,,,,,,,,,,,,,,,,,,,,,,,,,,,,,,,,
10th Apr 2024 16:00,,,,,,,,,,,,,,,,,,,,,,,,,,,,,,,,
10th Apr 2024 17:00,,,,,,,,,181,,,,,,,,,,,,,,,,,,,,,,,
10th Apr 2024 18:00,,,,,,,,,135,,,,,,,,,,,,,,,,,,,,,,,
10th Apr 2024 19:00,,,,,,,,,70,,,,,,,,,,,,,,,,,,,,,,,
10th Apr 2024 20:00,,,,,,,,,39,,,,,,,,,,,,,,,,,,,,,,,
10th Apr 2024 21:00,,,,,,,,,28,,,,,,,,,,,,,,,,,,,,,,,
10th Apr 2024 22:00,,,,,,,,,20,,,,,,,,,,,,,,,,,,,,,,,
10th Apr 2024 23:00,,,,,,,,,17,,,,,,,,,,,,,,,,,,,,,,,
11th Apr 2024 00:00,,,,,,,,,6,,,,,,,,,,,,,,,,,,,,,,,
11th Apr 2024 01:00,,,,,,,,,12,,,,,,,,,,,,,,,,,,,,,,,
11th Apr 2024 02:00,,,,,,,,,0,,,,,,,,,,,,,,,,,,,,,,,
11th Apr 2024 03:00,,,,,,,,,2,,,,,,,,,,,,,,,,,,,,,,,
11th Apr 2024 04:00,,,,,,,,,2,,,,,,,,,,,,,,,,,,,,,,,
11th Apr 2024 05:00,,,,,,,,,12,,,,,,,,,,,,,,,,,,,,,,,
11th Apr 2024 06:00,,,,,,,,,42,,,,,,,,,,,,,,,,,,,,,,,
11th Apr 2024 07:00,,,,,,,,,84,,,,,,,,,,,,,,,,,,,,,,,
11th Apr 2024 08:00,,,,,,,,,125,,,,,,,,,,,,,,,,,,,,,,,
11th Apr 2024 09:00,,,,,,,,,60,,,,,,,,,,,,,,,,,,,,,,,
11th Apr 2024 10:00,,,,,,,,,58,,,,,,,,,,,,,,,,,,,,,,,
11th Apr 2024 11:00,,,,,,,,,49,,,,,,,,,,,,,,,,,,,,,,,
11th Apr 2024 12:00,,,,,,,,,49,,,,,,,,,,,,,,,,,,,,,,,
11th Apr 2024 13:00,,,,,,,,,58,,,,,,,,,,,,,,,,,,,,,,,
11th Apr 2024 14:00,,,,,,,,,60,,,,,,,,,,,,,,,,,,,,,,,
11th Apr 2024 15:00,,,,,,,,,57,,,,,,,,,,,,,,,,,,,,,,,
11th Apr 2024 16:00,,,,,,,,,97,,,,,,,,,,,,,,,,,,,,,,,
11th Apr 2024 17:00,,,,,,,,,155,,,,,,,,,,,,,,,,,,,,,,,
11th Apr 2024 18:00,,,,,,,,,114,,,,,,,,,,,,,,,,,,,,,,,
11th Apr 2024 19:00,,,,,,,,,76,,,,,,,,,,,,,,,,,,,,,,,
11th Apr 2024 20:00,,,,,,,,,37,,,,,,,,,,,,,,,,,,,,,,,
11th Apr 2024 21:00,,,,,,,,,32,,,,,,,,,,,,,,,,,,,,,,,
11th Apr 2024 22:00,,,,,,,,,35,,,,,,,,,,,,,,,,,,,,,,,
11th Apr 2024 23:00,,,,,,,,,24,,,,,,,,,,,,,,,,,,,,,,,
12th Apr 2024 00:00,,,,,,,,,6,,,,,,,,,,,,,,,,,,,,,,,
12th Apr 2024 01:00,,,,,,,,,12,,,,,,,,,,,,,,,,,,,,,,,
12th Apr 2024 02:00,,,,,,,,,5,,,,,,,,,,,,,,,,,,,,,,,
12th Apr 2024 03:00,,,,,,,,,1,,,,,,,,,,,,,,,,,,,,,,,
12th Apr 2024 04:00,,,,,,,,,3,,,,,,,,,,,,,,,,,,,,,,,
12th Apr 2024 05:00,,,,,,,,,10,,,,,,,,,,,,,,,,,,,,,,,
12th Apr 2024 06:00,,,,,,,,,38,,,,,,,,,,,,,,,,,,,,,,,
12th Apr 2024 07:00,,,,,,,,,72,,,,,,,,,,,,,,,,,,,,,,,
12th Apr 2024 08:00,,,,,,,,,124,,,,,,,,,,,,,,,,,,,,,,,
12th Apr 2024 09:00,,,,,,,,,66,,,,,,,,,,,,,,,,,,,,,,,
12th Apr 2024 10:00,,,,,,,,,46,,,,,,,,,,,,,,,,,,,,,,,
12th Apr 2024 11:00,,,,,,,,,63,,,,,,,,,,,,,,,,,,,,,,,
12th Apr 2024 12:00,,,,,,,,,79,,,,,,,,,,,,,,,,,,,,,,,
12th Apr 2024 13:00,,,,,,,,,65,,,,,,,,,,,,,,,,,,,,,,,
12th Apr 2024 14:00,,,,,,,,,46,,,,,,,,,,,,,,,,,,,,,,,
12th Apr 2024 15:00,,,,,,,,,57,,,,,,,,,,,,,,,,,,,,,,,
12th Apr 2024 16:00,,,,,,,,,89,,,,,,,,,,,,,,,,,,,,,,,
12th Apr 2024 17:00,,,,,,,,,126,,,,,,,,,,,,,,,,,,,,,,,
12th Apr 2024 18:00,,,,,,,,,120,,,,,,,,,,,,,,,,,,,,,,,
12th Apr 2024 19:00,,,,,,,,,59,,,,,,,,,,,,,,,,,,,,,,,
12th Apr 2024 20:00,,,,,,,,,50,,,,,,,,,,,,,,,,,,,,,,,
12th Apr 2024 21:00,,,,,,,,,52,,,,,,,,,,,,,,,,,,,,,,,
12th Apr 2024 22:00,,,,,,,,,26,,,,,,,,,,,,,,,,,,,,,,,
12th Apr 2024 23:00,,,,,,,,,19,,,,,,,,,,,,,,,,,,,,,,,
13th Apr 2024 00:00,,,,,,,,,12,,,,,,,,,,,,,,,,,,,,,,,
13th Apr 2024 01:00,,,,,,,,,6,,,,,,,,,,,,,,,,,,,,,,,
13th Apr 2024 02:00,,,,,,,,,5,,,,,,,,,,,,,,,,,,,,,,,
13th Apr 2024 03:00,,,,,,,,,10,,,,,,,,,,,,,,,,,,,,,,,
13th Apr 2024 04:00,,,,,,,,,3,,,,,,,,,,,,,,,,,,,,,,,
13th Apr 2024 05:00,,,,,,,,,11,,,,,,,,,,,,,,,,,,,,,,,
13th Apr 2024 06:00,,,,,,,,,13,,,,,,,,,,,,,,,,,,,,,,,
13th Apr 2024 07:00,,,,,,,,,35,,,,,,,,,,,,,,,,,,,,,,,
13th Apr 2024 08:00,,,,,,,,,60,,,,,,,,,,,,,,,,,,,,,,,
13th Apr 2024 09:00,,,,,,,,,114,,,,,,,,,,,,,,,,,,,,,,,
13th Apr 2024 10:00,,,,,,,,,101,,,,,,,,,,,,,,,,,,,,,,,
13th Apr 2024 11:00,,,,,,,,,89,,,,,,,,,,,,,,,,,,,,,,,
13th Apr 2024 12:00,,,,,,,,,92,,,,,,,,,,,,,,,,,,,,,,,
13th Apr 2024 13:00,,,,,,,,,104,,,,,,,,,,,,,,,,,,,,,,,
13th Apr 2024 14:00,,,,,,,,,78,,,,,,,,,,,,,,,,,,,,,,,
13th Apr 2024 15:00,,,,,,,,,102,,,,,,,,,,,,,,,,,,,,,,,
13th Apr 2024 16:00,,,,,,,,,78,,,,,,,,,,,,,,,,,,,,,,,
13th Apr 2024 17:00,,,,,,,,,100,,,,,,,,,,,,,,,,,,,,,,,
13th Apr 2024 18:00,,,,,,,,,66,,,,,,,,,,,,,,,,,,,,,,,
13th Apr 2024 19:00,,,,,,,,,49,,,,,,,,,,,,,,,,,,,,,,,
13th Apr 2024 20:00,,,,,,,,,26,,,,,,,,,,,,,,,,,,,,,,,
13th Apr 2024 21:00,,,,,,,,,27,,,,,,,,,,,,,,,,,,,,,,,
13th Apr 2024 22:00,,,,,,,,,51,,,,,,,,,,,,,,,,,,,,,,,
13th Apr 2024 23:00,,,,,,,,,33,,,,,,,,,,,,,,,,,,,,,,,
14th Apr 2024 00:00,,,,,,,,,15,,,,,,,,,,,,,,,,,,,,,,,
14th Apr 2024 01:00,,,,,,,,,12,,,,,,,,,,,,,,,,,,,,,,,
14th Apr 2024 02:00,,,,,,,,,7,,,,,,,,,,,,,,,,,,,,,,,
14th Apr 2024 03:00,,,,,,,,,5,,,,,,,,,,,,,,,,,,,,,,,
14th Apr 2024 04:00,,,,,,,,,3,,,,,,,,,,,,,,,,,,,,,,,
14th Apr 2024 05:00,,,,,,,,,1,,,,,,,,,,,,,,,,,,,,,,,
14th Apr 2024 06:00,,,,,,,,,11,,,,,,,,,,,,,,,,,,,,,,,
14th Apr 2024 07:00,,,,,,,,,34,,,,,,,,,,,,,,,,,,,,,,,
14th Apr 2024 08:00,,,,,,,,,41,,,,,,,,,,,,,,,,,,,,,,,
14th Apr 2024 09:00,,,,,,,,,62,,,,,,,,,,,,,,,,,,,,,,,
14th Apr 2024 10:00,,,,,,,,,89,,,,,,,,,,,,,,,,,,,,,,,
14th Apr 2024 11:00,,,,,,,,,84,,,,,,,,,,,,,,,,,,,,,,,
14th Apr 2024 12:00,,,,,,,,,89,,,,,,,,,,,,,,,,,,,,,,,
14th Apr 2024 13:00,,,,,,,,,74,,,,,,,,,,,,,,,,,,,,,,,
14th Apr 2024 14:00,,,,,,,,,67,,,,,,,,,,,,,,,,,,,,,,,
14th Apr 2024 15:00,,,,,,,,,74,,,,,,,,,,,,,,,,,,,,,,,
14th Apr 2024 16:00,,,,,,,,,69,,,,,,,,,,,,,,,,,,,,,,,
14th Apr 2024 17:00,,,,,,,,,77,,,,,,,,,,,,,,,,,,,,,,,
14th Apr 2024 18:00,,,,,,,,,80,,,,,,,,,,,,,,,,,,,,,,,
14th Apr 2024 19:00,,,,,,,,,39,,,,,,,,,,,,,,,,,,,,,,,
14th Apr 2024 20:00,,,,,,,,,34,,,,,,,,,,,,,,,,,,,,,,,
14th Apr 2024 21:00,,,,,,,,,36,,,,,,,,,,,,,,,,,,,,,,,
14th Apr 2024 22:00,,,,,,,,,6,,,,,,,,,,,,,,,,,,,,,,,
14th Apr 2024 23:00,,,,,,,,,10,,,,,,,,,,,,,,,,,,,,,,,
15th Apr 2024 00:00,,,,,,,,,6,,,,,,,,,,,,,,,,,,,,,,,
15th Apr 2024 01:00,,,,,,,,,4,,,,,,,,,,,,,,,,,,,,,,,
15th Apr 2024 02:00,,,,,,,,,3,,,,,,,,,,,,,,,,,,,,,,,
15th Apr 2024 03:00,,,,,,,,,1,,,,,,,,,,,,,,,,,,,,,,,
15th Apr 2024 04:00,,,,,,,,,4,,,,,,,,,,,,,,,,,,,,,,,
15th Apr 2024 05:00,,,,,,,,,12,,,,,,,,,,,,,,,,,,,,,,,
15th Apr 2024 06:00,,,,,,,,,41,,,,,,,,,,,,,,,,,,,,,,,
15th Apr 2024 07:00,,,,,,,,,100,,,,,,,,,,,,,,,,,,,,,,,
15th Apr 2024 08:00,,,,,,,,,108,,,,,,,,,,,,,,,,,,,,,,,
15th Apr 2024 09:00,,,,,,,,,80,,,,,,,,,,,,,,,,,,,,,,,
15th Apr 2024 10:00,,,,,,,,,44,,,,,,,,,,,,,,,,,,,,,,,
15th Apr 2024 11:00,,,,,,,,,44,,,,,,,,,,,,,,,,,,,,,,,
15th Apr 2024 12:00,,,,,,,,,60,,,,,,,,,,,,,,,,,,,,,,,
15th Apr 2024 13:00,,,,,,,,,96,,,,,,,,,,,,,,,,,,,,,,,
15th Apr 2024 14:00,,,,,,,,,51,,,,,,,,,,,,,,,,,,,,,,,
15th Apr 2024 15:00,,,,,,,,,55,,,,,,,,,,,,,,,,,,,,,,,
15th Apr 2024 16:00,,,,,,,,,107,,,,,,,,,,,,,,,,,,,,,,,
15th Apr 2024 17:00,,,,,,,,,177,,,,,,,,,,,,,,,,,,,,,,,
15th Apr 2024 18:00,,,,,,,,,148,,,,,,,,,,,,,,,,,,,,,,,
15th Apr 2024 19:00,,,,,,,,,73,,,,,,,,,,,,,,,,,,,,,,,
15th Apr 2024 20:00,,,,,,,,,44,,,,,,,,,,,,,,,,,,,,,,,
15th Apr 2024 21:00,,,,,,,,,48,,,,,,,,,,,,,,,,,,,,,,,
15th Apr 2024 22:00,,,,,,,,,26,,,,,,,,,,,,,,,,,,,,,,,
15th Apr 2024 23:00,,,,,,,,,7,,,,,,,,,,,,,,,,,,,,,,,
16th Apr 2024 00:00,,,,,,,,,2,,,,,,,,,,,,,,,,,,,,,,,
16th Apr 2024 01:00,,,,,,,,,0,,,,,,,,,,,,,,,,,,,,,,,
16th Apr 2024 02:00,,,,,,,,,1,,,,,,,,,,,,,,,,,,,,,,,
16th Apr 2024 03:00,,,,,,,,,3,,,,,,,,,,,,,,,,,,,,,,,
16th Apr 2024 04:00,,,,,,,,,4,,,,,,,,,,,,,,,,,,,,,,,
16th Apr 2024 05:00,,,,,,,,,17,,,,,,,,,,,,,,,,,,,,,,,
16th Apr 2024 06:00,,,,,,,,,36,,,,,,,,,,,,,,,,,,,,,,,
16th Apr 2024 07:00,,,,,,,,,85,,,,,,,,,,,,,,,,,,,,,,,
16th Apr 2024 08:00,,,,,,,,,126,,,,,,,,,,,,,,,,,,,,,,,
16th Apr 2024 09:00,,,,,,,,,68,,,,,,,,,,,,,,,,,,,,,,,
16th Apr 2024 10:00,,,,,,,,,49,,,,,,,,,,,,,,,,,,,,,,,
16th Apr 2024 11:00,,,,,,,,,50,,,,,,,,,,,,,,,,,,,,,,,
16th Apr 2024 12:00,,,,,,,,,63,,,,,,,,,,,,,,,,,,,,,,,
16th Apr 2024 13:00,,,,,,,,,62,,,,,,,,,,,,,,,,,,,,,,,
16th Apr 2024 14:00,,,,,,,,,58,,,,,,,,,,,,,,,,,,,,,,,
16th Apr 2024 15:00,,,,,,,,,68,,,,,,,,,,,,,,,,,,,,,,,
16th Apr 2024 16:00,,,,,,,,,106,,,,,,,,,,,,,,,,,,,,,,,
16th Apr 2024 17:00,,,,,,,,,164,,,,,,,,,,,,,,,,,,,,,,,
16th Apr 2024 18:00,,,,,,,,,154,,,,,,,,,,,,,,,,,,,,,,,
16th Apr 2024 19:00,,,,,,,,,75,,,,,,,,,,,,,,,,,,,,,,,
16th Apr 2024 20:00,,,,,,,,,33,,,,,,,,,,,,,,,,,,,,,,,
16th Apr 2024 21:00,,,,,,,,,39,,,,,,,,,,,,,,,,,,,,,,,
16th Apr 2024 22:00,,,,,,,,,27,,,,,,,,,,,,,,,,,,,,,,,
16th Apr 2024 23:00,,,,,,,,,16,,,,,,,,,,,,,,,,,,,,,,,
17th Apr 2024 00:00,,,,,,,,,11,,,,,,,,,,,,,,,,,,,,,,,
17th Apr 2024 01:00,,,,,,,,,6,,,,,,,,,,,,,,,,,,,,,,,
17th Apr 2024 02:00,,,,,,,,,0,,,,,,,,,,,,,,,,,,,,,,,
17th Apr 2024 03:00,,,,,,,,,0,,,,,,,,,,,,,,,,,,,,,,,
17th Apr 2024 04:00,,,,,,,,,3,,,,,,,,,,,,,,,,,,,,,,,
17th Apr 2024 05:00,,,,,,,,,19,,,,,,,,,,,,,,,,,,,,,,,
17th Apr 2024 06:00,,,,,,,,,36,,,,,,,,,,,,,,,,,,,,,,,
17th Apr 2024 07:00,,,,,,,,,91,,,,,,,,,,,,,,,,,,,,,,,
17th Apr 2024 08:00,,,,,,,,,143,,,,,,,,,,,,,,,,,,,,,,,
17th Apr 2024 09:00,,,,,,,,,78,,,,,,,,,,,,,,,,,,,,,,,
17th Apr 2024 10:00,,,,,,,,,47,,,,,,,,,,,,,,,,,,,,,,,
17th Apr 2024 11:00,,,,,,,,,34,,,,,,,,,,,,,,,,,,,,,,,
17th Apr 2024 12:00,,,,,,,,,35,,,,,,,,,,,,,,,,,,,,,,,
17th Apr 2024 13:00,,,,,,,,,54,,,,,,,,,,,,,,,,,,,,,,,
17th Apr 2024 14:00,,,,,,,,,53,,,,,,,,,,,,,,,,,,,,,,,
17th Apr 2024 15:00,,,,,,,,,68,,,,,,,,,,,,,,,,,,,,,,,
17th Apr 2024 16:00,,,,,,,,,95,,,,,,,,,,,,,,,,,,,,,,,
17th Apr 2024 17:00,,,,,,,,,161,,,,,,,,,,,,,,,,,,,,,,,
17th Apr 2024 18:00,,,,,,,,,95,,,,,,,,,,,,,,,,,,,,,,,
17th Apr 2024 19:00,,,,,,,,,70,,,,,,,,,,,,,,,,,,,,,,,
17th Apr 2024 20:00,,,,,,,,,52,,,,,,,,,,,,,,,,,,,,,,,
17th Apr 2024 21:00,,,,,,,,,34,,,,,,,,,,,,,,,,,,,,,,,
17th Apr 2024 22:00,,,,,,,,,26,,,,,,,,,,,,,,,,,,,,,,,
17th Apr 2024 23:00,,,,,,,,,16,,,,,,,,,,,,,,,,,,,,,,,
18th Apr 2024 00:00,,,,,,,,,8,,,,,,,,,,,,,,,,,,,,,,,
18th Apr 2024 01:00,,,,,,,,,5,,,,,,,,,,,,,,,,,,,,,,,
18th Apr 2024 02:00,,,,,,,,,0,,,,,,,,,,,,,,,,,,,,,,,
18th Apr 2024 03:00,,,,,,,,,1,,,,,,,,,,,,,,,,,,,,,,,
18th Apr 2024 04:00,,,,,,,,,1,,,,,,,,,,,,,,,,,,,,,,,
18th Apr 2024 05:00,,,,,,,,,18,,,,,,,,,,,,,,,,,,,,,,,
18th Apr 2024 06:00,,,,,,,,,44,,,,,,,,,,,,,,,,,,,,,,,
18th Apr 2024 07:00,,,,,,,,,74,,,,,,,,,,,,,,,,,,,,,,,
18th Apr 2024 08:00,,,,,,,,,79,,,,,,,,,,,,,,,,,,,,,,,
18th Apr 2024 09:00,,,,,,,,,68,,,,,,,,,,,,,,,,,,,,,,,
18th Apr 2024 10:00,,,,,,,,,41,,,,,,,,,,,,,,,,,,,,,,,
18th Apr 2024 11:00,,,,,,,,,41,,,,,,,,,,,,,,,,,,,,,,,
18th Apr 2024 12:00,,,,,,,,,49,,,,,,,,,,,,,,,,,,,,,,,
18th Apr 2024 13:00,,,,,,,,,56,,,,,,,,,,,,,,,,,,,,,,,
18th Apr 2024 14:00,,,,,,,,,31,,,,,,,,,,,,,,,,,,,,,,,
18th Apr 2024 15:00,,,,,,,,,44,,,,,,,,,,,,,,,,,,,,,,,
18th Apr 2024 16:00,,,,,,,,,73,,,,,,,,,,,,,,,,,,,,,,,
18th Apr 2024 17:00,,,,,,,,,100,,,,,,,,,,,,,,,,,,,,,,,
18th Apr 2024 18:00,,,,,,,,,115,,,,,,,,,,,,,,,,,,,,,,,
18th Apr 2024 19:00,,,,,,,,,63,,,,,,,,,,,,,,,,,,,,,,,
18th Apr 2024 20:00,,,,,,,,,62,,,,,,,,,,,,,,,,,,,,,,,
18th Apr 2024 21:00,,,,,,,,,34,,,,,,,,,,,,,,,,,,,,,,,
18th Apr 2024 22:00,,,,,,,,,35,,,,,,,,,,,,,,,,,,,,,,,
18th Apr 2024 23:00,,,,,,,,,25,,,,,,,,,,,,,,,,,,,,,,,
19th Apr 2024 00:00,,,,,,,,,2,,,,,,,,,,,,,,,,,,,,,,,
19th Apr 2024 01:00,,,,,,,,,2,,,,,,,,,,,,,,,,,,,,,,,
19th Apr 2024 02:00,,,,,,,,,2,,,,,,,,,,,,,,,,,,,,,,,
19th Apr 2024 03:00,,,,,,,,,1,,,,,,,,,,,,,,,,,,,,,,,
19th Apr 2024 04:00,,,,,,,,,1,,,,,,,,,,,,,,,,,,,,,,,
19th Apr 2024 05:00,,,,,,,,,14,,,,,,,,,,,,,,,,,,,,,,,
19th Apr 2024 06:00,,,,,,,,,42,,,,,,,,,,,,,,,,,,,,,,,
19th Apr 2024 07:00,,,,,,,,,65,,,,,,,,,,,,,,,,,,,,,,,
19th Apr 2024 08:00,,,,,,,,,96,,,,,,,,,,,,,,,,,,,,,,,
19th Apr 2024 09:00,,,,,,,,,63,,,,,,,,,,,,,,,,,,,,,,,
19th Apr 2024 10:00,,,,,,,,,52,,,,,,,,,,,,,,,,,,,,,,,
19th Apr 2024 11:00,,,,,,,,,71,,,,,,,,,,,,,,,,,,,,,,,
19th Apr 2024 12:00,,,,,,,,,59,,,,,,,,,,,,,,,,,,,,,,,
19th Apr 2024 13:00,,,,,,,,,61,,,,,,,,,,,,,,,,,,,,,,,
19th Apr 2024 14:00,,,,,,,,,50,,,,,,,,,,,,,,,,,,,,,,,
19th Apr 2024 15:00,,,,,,,,,77,,,,,,,,,,,,,,,,,,,,,,,
19th Apr 2024 16:00,,,,,,,,,88,,,,,,,,,,,,,,,,,,,,,,,
19th Apr 2024 17:00,,,,,,,,,89,,,,,,,,,,,,,,,,,,,,,,,
19th Apr 2024 18:00,,,,,,,,,98,,,,,,,,,,,,,,,,,,,,,,,
19th Apr 2024 19:00,,,,,,,,,54,,,,,,,,,,,,,,,,,,,,,,,
19th Apr 2024 20:00,,,,,,,,,45,,,,,,,,,,,,,,,,,,,,,,,
19th Apr 2024 21:00,,,,,,,,,28,,,,,,,,,,,,,,,,,,,,,,,
19th Apr 2024 22:00,,,,,,,,,30,,,,,,,,,,,,,,,,,,,,,,,
19th Apr 2024 23:00,,,,,,,,,25,,,,,,,,,,,,,,,,,,,,,,,
20th Apr 2024 00:00,,,,,,,,,9,,,,,,,,,,,,,,,,,,,,,,,
20th Apr 2024 01:00,,,,,,,,,6,,,,,,,,,,,,,,,,,,,,,,,
20th Apr 2024 02:00,,,,,,,,,3,,,,,,,,,,,,,,,,,,,,,,,
20th Apr 2024 03:00,,,,,,,,,1,,,,,,,,,,,,,,,,,,,,,,,
20th Apr 2024 04:00,,,,,,,,,1,,,,,,,,,,,,,,,,,,,,,,,
20th Apr 2024 05:00,,,,,,,,,7,,,,,,,,,,,,,,,,,,,,,,,
20th Apr 2024 06:00,,,,,,,,,15,,,,,,,,,,,,,,,,,,,,,,,
20th Apr 2024 07:00,,,,,,,,,26,,,,,,,,,,,,,,,,,,,,,,,
20th Apr 2024 08:00,,,,,,,,,25,,,,,,,,,,,,,,,,,,,,,,,
20th Apr 2024 09:00,,,,,,,,,,,,10,,,,,,,,,,,,,,,,,,,,
20th Apr 2024 10:00,,,,,,,,,,,,23,,,,,,,,,,,,,,,,,,,,
20th Apr 2024 11:00,,,,,,,,,,,,22,,,,,,,,,,,,,,,,,,,,
20th Apr 2024 12:00,,,,,,,,,,,,28,,,,,,,,,,,,,,,,,,,,
20th Apr 2024 13:00,,,,,,,,,,,,33,,,,,,,,,,,,,,,,,,,,
20th Apr 2024 14:00,,,,,,,,,,,,36,,,,,,,,,,,,,,,,,,,,
20th Apr 2024 15:00,,,,,,,,,,,,28,,,,,,,,,,,,,,,,,,,,
20th Apr 2024 16:00,,,,,,,,,,,,15,,,,,,,,,,,,,,,,,,,,
20th Apr 2024 17:00,,,,,,,,,,,,5,,,,,,,,,,,,,,,,,,,,
20th Apr 2024 18:00,,,,,,,,,,,,10,,,,,,,,,,,,,,,,,,,,
20th Apr 2024 19:00,,,,,,,,,,,,11,,,,,,,,,,,,,,,,,,,,
20th Apr 2024 20:00,,,,,,,,,,,,7,,,,,,,,,,,,,,,,,,,,
20th Apr 2024 21:00,,,,,,,,,,,,2,,,,,,,,,,,,,,,,,,,,
20th Apr 2024 22:00,,,,,,,,,,,,1,,,,,,,,,,,,,,,,,,,,
20th Apr 2024 23:00,,,,,,,,,,,,1,,,,,,,,,,,,,,,,,,,,
21st Apr 2024 00:00,,,,,,,,,,,,1,,,,,,,,,,,,,,,,,,,,
21st Apr 2024 01:00,,,,,,,,,,,,0,,,,,,,,,,,,,,,,,,,,
21st Apr 2024 02:00,,,,,,,,,,,,0,,,,,,,,,,,,,,,,,,,,
21st Apr 2024 03:00,,,,,,,,,,,,0,,,,,,,,,,,,,,,,,,,,
21st Apr 2024 04:00,,,,,,,,,,,,0,,,,,,,,,,,,,,,,,,,,
21st Apr 2024 05:00,,,,,,,,,,,,1,,,,,,,,,,,,,,,,,,,,
21st Apr 2024 06:00,,,,,,,,,,,,3,,,,,,,,,,,,,,,,,,,,
21st Apr 2024 07:00,,,,,,,,,,,,12,,,,,,,,,,,,,,,,,,,,
21st Apr 2024 08:00,,,,,,,,,,,,7,,,,,,,,,,,,,,,,,,,,
21st Apr 2024 09:00,,,,,,,,,,,,17,,,,,,,,,,,,,,,,,,,,
21st Apr 2024 10:00,,,,,,,,,,,,28,,,,,,,,,,,,,,,,,,,,
21st Apr 2024 11:00,,,,,,,,,,,,34,,,,,,,,,,,,,,,,,,,,
21st Apr 2024 12:00,,,,,,,,,,,,59,,,,,,,,,,,,,,,,,,,,
21st Apr 2024 13:00,,,,,,,,,,,,34,,,,,,,,,,,,,,,,,,,,
21st Apr 2024 14:00,,,,,,,,,,,,34,,,,,,,,,,,,,,,,,,,,
21st Apr 2024 15:00,,,,,,,,,,,,32,,,,,,,,,,,,,,,,,,,,
21st Apr 2024 16:00,,,,,,,,,,,,23,,,,,,,,,,,,,,,,,,,,
21st Apr 2024 17:00,,,,,,,,,,,,16,,,,,,,,,,,,,,,,,,,,
21st Apr 2024 18:00,,,,,,,,,,,,21,,,,,,,,,,,,,,,,,,,,
21st Apr 2024 19:00,,,,,,,,,,,,4,,,,,,,,,,,,,,,,,,,,
21st Apr 2024 20:00,,,,,,,,,,,,1,,,,,,,,,,,,,,,,,,,,
21st Apr 2024 21:00,,,,,,,,,,,,6,,,,,,,,,,,,,,,,,,,,
21st Apr 2024 22:00,,,,,,,,,,,,3,,,,,,,,,,,,,,,,,,,,
21st Apr 2024 23:00,,,,,,,,,,,,1,,,,,,,,,,,,,,,,,,,,
22nd Apr 2024 00:00,,,,,,,,,,,,0,,,,,,,,,,,,,,,,,,,,
22nd Apr 2024 01:00,,,,,,,,,,,,2,,,,,,,,,,,,,,,,,,,,
22nd Apr 2024 02:00,,,,,,,,,,,,0,,,,,,,,,,,,,,,,,,,,
22nd Apr 2024 03:00,,,,,,,,,,,,0,,,,,,,,,,,,,,,,,,,,
22nd Apr 2024 04:00,,,,,,,,,,,,0,,,,,,,,,,,,,,,,,,,,
22nd Apr 2024 05:00,,,,,,,,,,,,8,,,,,,,,,,,,,,,,,,,,
22nd Apr 2024 06:00,,,,,,,,,,,,11,,,,,,,,,,,,,,,,,,,,
22nd Apr 2024 07:00,,,,,,,,,,,,25,,,,,,,,,,,,,,,,,,,,
22nd Apr 2024 08:00,,,,,,,,,,,,46,,,,,,,,,,,,,,,,,,,,
22nd Apr 2024 09:00,,,,,,,,,,,,32,,,,,,,,,,,,,,,,,,,,
22nd Apr 2024 10:00,,,,,,,,,,,,24,,,,,,,,,,,,,,,,,,,,
22nd Apr 2024 11:00,,,,,,,,,,,,21,,,,,,,,,,,,,,,,,,,,
22nd Apr 2024 12:00,,,,,,,,,,,,47,,,,,,,,,,,,,,,,,,,,
22nd Apr 2024 13:00,,,,,,,,,,,,38,,,,,,,,,,,,,,,,,,,,
22nd Apr 2024 14:00,,,,,,,,,,,,39,,,,,,,,,,,,,,,,,,,,
22nd Apr 2024 15:00,,,,,,,,,,,,28,,,,,,,,,,,,,,,,,,,,
22nd Apr 2024 16:00,,,,,,,,,,,,40,,,,,,,,,,,,,,,,,,,,
22nd Apr 2024 17:00,,,,,,,,,,,,50,,,,,,,,,,,,,,,,,,,,
22nd Apr 2024 18:00,,,,,,,,,,,,25,,,,,,,,,,,,,,,,,,,,
22nd Apr 2024 19:00,,,,,,,,,,,,9,,,,,,,,,,,,,,,,,,,,
22nd Apr 2024 20:00,,,,,,,,,,,,6,,,,,,,,,,,,,,,,,,,,
22nd Apr 2024 21:00,,,,,,,,,,,,4,,,,,,,,,,,,,,,,,,,,
22nd Apr 2024 22:00,,,,,,,,,,,,5,,,,,,,,,,,,,,,,,,,,
22nd Apr 2024 23:00,,,,,,,,,,,,1,,,,,,,,,,,,,,,,,,,,
23rd Apr 2024 00:00,,,,,,,,,,,,0,,,,,,,,,,,,,,,,,,,,
23rd Apr 2024 01:00,,,,,,,,,,,,0,,,,,,,,,,,,,,,,,,,,
23rd Apr 2024 02:00,,,,,,,,,,,,1,,,,,,,,,,,,,,,,,,,,
23rd Apr 2024 03:00,,,,,,,,,,,,2,,,,,,,,,,,,,,,,,,,,
23rd Apr 2024 04:00,,,,,,,,,,,,0,,,,,,,,,,,,,,,,,,,,
23rd Apr 2024 05:00,,,,,,,,,,,,8,,,,,,,,,,,,,,,,,,,,
23rd Apr 2024 06:00,,,,,,,,,,,,20,,,,,,,,,,,,,,,,,,,,
23rd Apr 2024 07:00,,,,,,,,,,,,25,,,,,,,,,,,,,,,,,,,,
23rd Apr 2024 08:00,,,,,,,,,,,,47,,,,,,,,,,,,,,,,,,,,
23rd Apr 2024 09:00,,,,,,,,,,,,41,,,,,,,,,,,,,,,,,,,,
23rd Apr 2024 10:00,,,,,,,,,,,,24,,,,,,,,,,,,,,,,,,,,
23rd Apr 2024 11:00,,,,,,,,,,,,28,,,,,,,,,,,,,,,,,,,,
23rd Apr 2024 12:00,,,,,,,,,,,,47,,,,,,,,,,,,,,,,,,,,
23rd Apr 2024 13:00,,,,,,,,,,,,40,,,,,,,,,,,,,,,,,,,,
23rd Apr 2024 14:00,,,,,,,,,,,,33,,,,,,,,,,,,,,,,,,,,
23rd Apr 2024 15:00,,,,,,,,,,,,35,,,,,,,,,,,,,,,,,,,,
23rd Apr 2024 16:00,,,,,,,,,,,,58,,,,,,,,,,,,,,,,,,,,
23rd Apr 2024 17:00,,,,,,,,,,,,61,,,,,,,,,,,,,,,,,,,,
23rd Apr 2024 18:00,,,,,,,,,,,,18,,,,,,,,,,,,,,,,,,,,
23rd Apr 2024 19:00,,,,,,,,,,,,19,,,,,,,,,,,,,,,,,,,,
23rd Apr 2024 20:00,,,,,,,,,,,,7,,,,,,,,,,,,,,,,,,,,
23rd Apr 2024 21:00,,,,,,,,,,,,5,,,,,,,,,,,,,,,,,,,,
23rd Apr 2024 22:00,,,,,,,,,,,,1,,,,,,,,,,,,,,,,,,,,
23rd Apr 2024 23:00,,,,,,,,,,,,0,,,,,,,,,,,,,,,,,,,,
24th Apr 2024 00:00,,,,,,,,,,,,2,,,,,,,,,,,,,,,,,,,,
24th Apr 2024 01:00,,,,,,,,,,,,0,,,,,,,,,,,,,,,,,,,,
24th Apr 2024 02:00,,,,,,,,,,,,0,,,,,,,,,,,,,,,,,,,,
24th Apr 2024 03:00,,,,,,,,,,,,0,,,,,,,,,,,,,,,,,,,,
24th Apr 2024 04:00,,,,,,,,,,,,1,,,,,,,,,,,,,,,,,,,,
24th Apr 2024 05:00,,,,,,,,,,,,6,,,,,,,,,,,,,,,,,,,,
24th Apr 2024 06:00,,,,,,,,,,,,26,,,,,,,,,,,,,,,,,,,,
24th Apr 2024 07:00,,,,,,,,,,,,20,,,,,,,,,,,,,,,,,,,,
24th Apr 2024 08:00,,,,,,,,,,,,50,,,,,,,,,,,,,,,,,,,,
24th Apr 2024 09:00,,,,,,,,,,,,36,,,,,,,,,,,,,,,,,,,,
24th Apr 2024 10:00,,,,,,,,,,,,21,,,,,,,,,,,,,,,,,,,,
24th Apr 2024 11:00,,,,,,,,,,,,27,,,,,,,,,,,,,,,,,,,,
24th Apr 2024 12:00,,,,,,,,,,,,29,,,,,,,,,,,,,,,,,,,,
24th Apr 2024 13:00,,,,,,,,,,,,49,,,,,,,,,,,,,,,,,,,,
24th Apr 2024 14:00,,,,,,,,,,,,38,,,,,,,,,,,,,,,,,,,,
24th Apr 2024 15:00,,,,,,,,,,,,39,,,,,,,,,,,,,,,,,,,,
24th Apr 2024 16:00,,,,,,,,,,,,42,,,,,,,,,,,,,,,,,,,,
24th Apr 2024 17:00,,,,,,,,,,,,50,,,,,,,,,,,,,,,,,,,,
24th Apr 2024 18:00,,,,,,,,,,,,29,,,,,,,,,,,,,,,,,,,,
24th Apr 2024 19:00,,,,,,,,,,,,11,,,,,,,,,,,,,,,,,,,,
24th Apr 2024 20:00,,,,,,,,,,,,16,,,,,,,,,,,,,,,,,,,,
24th Apr 2024 21:00,,,,,,,,,,,,11,,,,,,,,,,,,,,,,,,,,
24th Apr 2024 22:00,,,,,,,,,,,,5,,,,,,,,,,,,,,,,,,,,
24th Apr 2024 23:00,,,,,,,,,,,,1,,,,,,,,,,,,,,,,,,,,
25th Apr 2024 00:00,,,,,,,,,,,,0,,,,,,,,,,,,,,,,,,,,
25th Apr 2024 01:00,,,,,,,,,,,,1,,,,,,,,,,,,,,,,,,,,
25th Apr 2024 02:00,,,,,,,,,,,,2,,,,,,,,,,,,,,,,,,,,
25th Apr 2024 03:00,,,,,,,,,,,,0,,,,,,,,,,,,,,,,,,,,
25th Apr 2024 04:00,,,,,,,,,,,,2,,,,,,,,,,,,,,,,,,,,
25th Apr 2024 05:00,,,,,,,,,,,,1,,,,,,,,,,,,,,,,,,,,
25th Apr 2024 06:00,,,,,,,,,,,,2,,,,,,,,,,,,,,,,,,,,
25th Apr 2024 07:00,,,,,,,,,,,,10,,,,,,,,,,,,,,,,,,,,
25th Apr 2024 08:00,,,,,,,,,,,,10,,,,,,,,,,,,,,,,,,,,
25th Apr 2024 09:00,,,,,,,,,,,,13,,,,,,,,,,,,,,,,,,,,
25th Apr 2024 10:00,,,,,,,,,,,,16,,,,,,,,,,,,,,,,,,,,
25th Apr 2024 11:00,,,,,,,,,,,,15,,,,,,,,,,,,,,,,,,,,
25th Apr 2024 12:00,,,,,,,,,,,,27,,,,,,,,,,,,,,,,,,,,
25th Apr 2024 13:00,,,,,,,,,,,,35,,,,,,,,,,,,,,,,,,,,
25th Apr 2024 14:00,,,,,,,,,,,,46,,,,,,,,,,,,,,,,,,,,
25th Apr 2024 15:00,,,,,,,,,,,,25,,,,,,,,,,,,,,,,,,,,
25th Apr 2024 16:00,,,,,,,,,,,,30,,,,,,,,,,,,,,,,,,,,
25th Apr 2024 17:00,,,,,,,,,,,,11,,,,,,,,,,,,,,,,,,,,
25th Apr 2024 18:00,,,,,,,,,,,,8,,,,,,,,,,,,,,,,,,,,
25th Apr 2024 19:00,,,,,,,,,,,,5,,,,,,,,,,,,,,,,,,,,
25th Apr 2024 20:00,,,,,,,,,,,,3,,,,,,,,,,,,,,,,,,,,
25th Apr 2024 21:00,,,,,,,,,,,,1,,,,,,,,,,,,,,,,,,,,
25th Apr 2024 22:00,,,,,,,,,,,,2,,,,,,,,,,,,,,,,,,,,
25th Apr 2024 23:00,,,,,,,,,,,,1,,,,,,,,,,,,,,,,,,,,
26th Apr 2024 00:00,,,,,,,,,,,,0,,,,,,,,,,,,,,,,,,,,
26th Apr 2024 01:00,,,,,,,,,,,,0,,,,,,,,,,,,,,,,,,,,
26th Apr 2024 02:00,,,,,,,,,,,,0,,,,,,,,,,,,,,,,,,,,
26th Apr 2024 03:00,,,,,,,,,,,,0,,,,,,,,,,,,,,,,,,,,
26th Apr 2024 04:00,,,,,,,,,,,,0,,,,,,,,,,,,,,,,,,,,
26th Apr 2024 05:00,,,,,,,,,,,,6,,,,,,,,,,,,,,,,,,,,
26th Apr 2024 06:00,,,,,,,,,,,,10,,,,,,,,,,,,,,,,,,,,
26th Apr 2024 07:00,,,,,,,,,,,,20,,,,,,,,,,,,,,,,,,,,
26th Apr 2024 08:00,,,,,,,,,,,,34,,,,,,,,,,,,,,,,,,,,
26th Apr 2024 09:00,,,,,,,,,,,,30,,,,,,,,,,,,,,,,,,,,
26th Apr 2024 10:00,,,,,,,,,,,,35,,,,,,,,,,,,,,,,,,,,
26th Apr 2024 11:00,,,,,,,,,,,,37,,,,,,,,,,,,,,,,,,,,
26th Apr 2024 12:00,,,,,,,,,,,,36,,,,,,,,,,,,,,,,,,,,
26th Apr 2024 13:00,,,,,,,,,,,,46,,,,,,,,,,,,,,,,,,,,
26th Apr 2024 14:00,,,,,,,,,,,,28,,,,,,,,,,,,,,,,,,,,
26th Apr 2024 15:00,,,,,,,,,,,,44,,,,,,,,,,,,,,,,,,,,
26th Apr 2024 16:00,,,,,,,,,,,,45,,,,,,,,,,,,,,,,,,,,
26th Apr 2024 17:00,,,,,,,,,,,,40,,,,,,,,,,,,,,,,,,,,
26th Apr 2024 18:00,,,,,,,,,,,,15,,,,,,,,,,,,,,,,,,,,
26th Apr 2024 19:00,,,,,,,,,,,,13,,,,,,,,,,,,,,,,,,,,
26th Apr 2024 20:00,,,,,,,,,,,,14,,,,,,,,,,,,,,,,,,,,
26th Apr 2024 21:00,,,,,,,,,,,,12,,,,,,,,,,,,,,,,,,,,
26th Apr 2024 22:00,,,,,,,,,,,,4,,,,,,,,,,,,,,,,,,,,
26th Apr 2024 23:00,,,,,,,,,,,,1,,,,,,,,,,,,,,,,,,,,
27th Apr 2024 00:00,,,,,,,,,,,,2,,,,,,,,,,,,,,,,,,,,
27th Apr 2024 01:00,,,,,,,,,,,,0,,,,,,,,,,,,,,,,,,,,
27th Apr 2024 02:00,,,,,,,,,,,,0,,,,,,,,,,,,,,,,,,,,
27th Apr 2024 03:00,,,,,,,,,,,,1,,,,,,,,,,,,,,,,,,,,
27th Apr 2024 04:00,,,,,,,,,,,,0,,,,,,,,,,,,,,,,,,,,
27th Apr 2024 05:00,,,,,,,,,,,,0,,,,,,,,,,,,,,,,,,,,
27th Apr 2024 06:00,,,,,,,,,,,,5,,,,,,,,,,,,,,,,,,,,
27th Apr 2024 07:00,,,,,,,,,,,,18,,,,,,,,,,,,,,,,,,,,
27th Apr 2024 08:00,,,,,,,,,,,,15,,,,,,,,,,,,,,,,,,,,
27th Apr 2024 09:00,,,,,,,,,,,,22,,,,,,,,,,,,,,,,,,,,
27th Apr 2024 10:00,,,,,,,,,,,,29,,,,,,,,,,,,,,,,,,,,
27th Apr 2024 11:00,,,,,,,,,,,,41,,,,,,,,,,,,,,,,,,,,
27th Apr 2024 12:00,,,,,,,,,,,,41,,,,,,,,,,,,,,,,,,,,
27th Apr 2024 13:00,,,,,,,,,,,,51,,,,,,,,,,,,,,,,,,,,
27th Apr 2024 14:00,,,,,,,,,,,,37,,,,,,,,,,,,,,,,,,,,
27th Apr 2024 15:00,,,,,,,,,,,,43,,,,,,,,,,,,,,,,,,,,
27th Apr 2024 16:00,,,,,,,,,,,,35,,,,,,,,,,,,,,,,,,,,
27th Apr 2024 17:00,,,,,,,,,,,,22,,,,,,,,,,,,,,,,,,,,
27th Apr 2024 18:00,,,,,,,,,,,,12,,,,,,,,,,,,,,,,,,,,
27th Apr 2024 19:00,,,,,,,,,,,,3,,,,,,,,,,,,,,,,,,,,
27th Apr 2024 20:00,,,,,,,,,,,,3,,,,,,,,,,,,,,,,,,,,
27th Apr 2024 21:00,,,,,,,,,,,,2,,,,,,,,,,,,,,,,,,,,
27th Apr 2024 22:00,,,,,,,,,,,,8,,,,,,,,,,,,,,,,,,,,
27th Apr 2024 23:00,,,,,,,,,,,,1,,,,,,,,,,,,,,,,,,,,
28th Apr 2024 00:00,,,,,,,,,,,,2,,,,,,,,,,,,,,,,,,,,
28th Apr 2024 01:00,,,,,,,,,,,,6,,,,,,,,,,,,,,,,,,,,
28th Apr 2024 02:00,,,,,,,,,,,,0,,,,,,,,,,,,,,,,,,,,
28th Apr 2024 03:00,,,,,,,,,,,,0,,,,,,,,,,,,,,,,,,,,
28th Apr 2024 04:00,,,,,,,,,,,,0,,,,,,,,,,,,,,,,,,,,
28th Apr 2024 05:00,,,,,,,,,,,,0,,,,,,,,,,,,,,,,,,,,
28th Apr 2024 06:00,,,,,,,,,,,,4,,,,,,,,,,,,,,,,,,,,
28th Apr 2024 07:00,,,,,,,,,,,,3,,,,,,,,,,,,,,,,,,,,
28th Apr 2024 08:00,,,,,,,,,,,,7,,,,,,,,,,,,,,,,,,,,
28th Apr 2024 09:00,,,,,,,,,,,,14,,,,,,,,,,,,,,,,,,,,
28th Apr 2024 10:00,,,,,,,,,,,,41,,,,,,,,,,,,,,,,,,,,
28th Apr 2024 11:00,,,,,,,,,,,,31,,,,,,,,,,,,,,,,,,,,
28th Apr 2024 12:00,,,,,,,,,,,,37,,,,,,,,,,,,,,,,,,,,
28th Apr 2024 13:00,,,,,,,,,,,,41,,,,,,,,,,,,,,,,,,,,
28th Apr 2024 14:00,,,,,,,,,,,,31,,,,,,,,,,,,,,,,,,,,
28th Apr 2024 15:00,,,,,,,,,,,,39,,,,,,,,,,,,,,,,,,,,
28th Apr 2024 16:00,,,,,,,,,,,,28,,,,,,,,,,,,,,,,,,,,
28th Apr 2024 17:00,,,,,,,,,,,,17,,,,,,,,,,,,,,,,,,,,
28th Apr 2024 18:00,,,,,,,,,,,,24,,,,,,,,,,,,,,,,,,,,
28th Apr 2024 19:00,,,,,,,,,,,,5,,,,,,,,,,,,,,,,,,,,
28th Apr 2024 20:00,,,,,,,,,,,,3,,,,,,,,,,,,,,,,,,,,
28th Apr 2024 21:00,,,,,,,,,,,,5,,,,,,,,,,,,,,,,,,,,
28th Apr 2024 22:00,,,,,,,,,,,,0,,,,,,,,,,,,,,,,,,,,
28th Apr 2024 23:00,,,,,,,,,,,,0,,,,,,,,,,,,,,,,,,,,
29th Apr 2024 00:00,,,,,,,,,,,,0,,,,,,,,,,,,,,,,,,,,
29th Apr 2024 01:00,,,,,,,,,,,,1,,,,,,,,,,,,,,,,,,,,
29th Apr 2024 02:00,,,,,,,,,,,,0,,,,,,,,,,,,,,,,,,,,
29th Apr 2024 03:00,,,,,,,,,,,,0,,,,,,,,,,,,,,,,,,,,
29th Apr 2024 04:00,,,,,,,,,,,,0,,,,,,,,,,,,,,,,,,,,
29th Apr 2024 05:00,,,,,,,,,,,,13,,,,,,,,,,,,,,,,,,,,
29th Apr 2024 06:00,,,,,,,,,,,,19,,,,,,,,,,,,,,,,,,,,
29th Apr 2024 07:00,,,,,,,,,,,,24,,,,,,,,,,,,,,,,,,,,
29th Apr 2024 08:00,,,,,,,,,,,,48,,,,,,,,,,,,,,,,,,,,
29th Apr 2024 09:00,,,,,,,,,,,,22,,,,,,,,,,,,,,,,,,,,
29th Apr 2024 10:00,,,,,,,,,,,,38,,,,,,,,,,,,,,,,,,,,
29th Apr 2024 11:00,,,,,,,,,,,,,,,,,,,,,,,,,,,,,,,,
29th Apr 2024 12:00,,,,,,,,,,,,,,,,,,,,,,,,,,,,,,,,
29th Apr 2024 13:00,,,,,,,,,,,,,,,,,,,,,,,,,,,,,,,,
29th Apr 2024 14:00,,,,,,,,,,,,,,,,,,,,,,,,,,,,,,,,
29th Apr 2024 15:00,,,,,,,,,,,,,,,,,,,,,,,,,,,,,,35,,
29th Apr 2024 16:00,,,,,,,,,,,,,,,,,,,,,,,,,,,,,,55,,
29th Apr 2024 17:00,,,,,,,,,,,,,,,,,,,,,,,,,,,,,,58,,
29th Apr 2024 18:00,,,,,,,,,,,,,,,,,,,,,,,,,,,,,,25,,
29th Apr 2024 19:00,,,,,,,,,,,,,,,,,,,,,,,,,,,,,,18,,
29th Apr 2024 20:00,,,,,,,,,,,,,,,,,,,,,,,,,,,,,,5,,
29th Apr 2024 21:00,,,,,,,,,,,,,,,,,,,,,,,,,,,,,,9,,
29th Apr 2024 22:00,,,,,,,,,,,,,,,,,,,,,,,,,,,,,,5,,
29th Apr 2024 23:00,,,,,,,,,,,,,,,,,,,,,,,,,,,,,,1,,
30th Apr 2024 00:00,,,,,,,,,,,,,,,,,,,,,,,,,,,,,,2,,
30th Apr 2024 01:00,,,,,,,,,,,,,,,,,,,,,,,,,,,,,,0,,
30th Apr 2024 02:00,,,,,,,,,,,,,,,,,,,,,,,,,,,,,,0,,
30th Apr 2024 03:00,,,,,,,,,,,,,,,,,,,,,,,,,,,,,,0,,
30th Apr 2024 04:00,,,,,,,,,,,,,,,,,,,,,,,,,,,,,,2,,
30th Apr 2024 05:00,,,,,,,,,,,,,,,,,,,,,,,,,,,,,,6,,
30th Apr 2024 06:00,,,,,,,,,,,,,,,,,,,,,,,,,,,,,,26,,
30th Apr 2024 07:00,,,,,,,,,,,,,,,,,,,,,,,,,,,,,,42,,
30th Apr 2024 08:00,,,,,,,,,,,,,,,,,,,,,,,,,,,,,,80,,
30th Apr 2024 09:00,,,,,,,,,,,,,,,,,,,,,,,,,,,,,,21,,
30th Apr 2024 10:00,,,,,,,,,,,,,,,,,,,,,,,,,,,,,,13,,
30th Apr 2024 11:00,,,,,,,,,,,,,,,,,,,,,,,,,,,,,,4,,
30th Apr 2024 12:00,,,,,,,,,,,,,,,,,,,,,,,,,,,,,,8,,
30th Apr 2024 13:00,,,,,,,,,,,,,,,,,,,,,,,,,,,,,,7,,
30th Apr 2024 14:00,,,,,,,,,,,,,,,,,,,,,,,,,,,,,,21,,
30th Apr 2024 15:00,,,,,,,,,,,,,,,,,,,,,,,,,,,,,,60,,
30th Apr 2024 16:00,,,,,,,,,,,,,,,,,,,,,,,,,,,,,,36,,
30th Apr 2024 17:00,,,,,,,,,,,,,,,,,,,,,,,,,,,,,,47,,
30th Apr 2024 18:00,,,,,,,,,,,,,,,,,,,,,,,,,,,,,,22,,
30th Apr 2024 19:00,,,,,,,,,,,,,,,,,,,,,,,,,,,,,,10,,
30th Apr 2024 20:00,,,,,,,,,,,,,,,,,,,,,,,,,,,,,,5,,
30th Apr 2024 21:00,,,,,,,,,,,,,,,,,,,,,,,,,,,,,,10,,
30th Apr 2024 22:00,,,,,,,,,,,,,,,,,,,,,,,,,,,,,,2,,
30th Apr 2024 23:00,,,,,,,,,,,,,,,,,,,,,,,,,,,,,,1,,
1st May 2024 00:00,,,,,,,,,,,,,,,,,,,,,,,,,,,,,,0,,
1st May 2024 01:00,,,,,,,,,,,,,,,,,,,,,,,,,,,,,,0,,
1st May 2024 02:00,,,,,,,,,,,,,,,,,,,,,,,,,,,,,,0,,
1st May 2024 03:00,,,,,,,,,,,,,,,,,,,,,,,,,,,,,,1,,
1st May 2024 04:00,,,,,,,,,,,,,,,,,,,,,,,,,,,,,,2,,
1st May 2024 05:00,,,,,,,,,,,,,,,,,,,,,,,,,,,,,,3,,
1st May 2024 06:00,,,,,,,,,,,,,,,,,,,,,,,,,,,,,,13,,
1st May 2024 07:00,,,,,,,,,,,,,,,,,,,,,,,,,,,,,,36,,
1st May 2024 08:00,,,,,,,,,,,,,,,,,,,,,,,,,,,,,,89,,
1st May 2024 09:00,,,,,,,,,,,,,,,,,,,,,,,,,,,,,,26,,
1st May 2024 10:00,,,,,,,,,,,,,,,,,,,,,,,,,,,,,,11,,
1st May 2024 11:00,,,,,,,,,,,,,,,,,,,,,,,,,,,,,,10,,
1st May 2024 12:00,,,,,,,,,,,,,,,,,,,,,,,,,,,,,,13,,
1st May 2024 13:00,,,,,,,,,,,,,,,,,,,,,,,,,,,,,,22,,
1st May 2024 14:00,,,,,,,,,,,,,,,,,,,,,,,,,,,,,,45,,
1st May 2024 15:00,,,,,,,,,,,,,,,,,,,,,,,,,,,,,,55,,
1st May 2024 16:00,,,,,,,,,,,,,,,,,,,,,,,,,,,,,,32,,
1st May 2024 17:00,,,,,,,,,,,,,,,,,,,,,,,,,,,,,,40,,
1st May 2024 18:00,,,,,,,,,,,,,,,,,,,,,,,,,,,,,,17,,
1st May 2024 19:00,,,,,,,,,,,,,,,,,,,,,,,,,,,,,,3,,
1st May 2024 20:00,,,,,,,,,,,,,,,,,,,,,,,,,,,,,,3,,
1st May 2024 21:00,,,,,,,,,,,,,,,,,,,,,,,,,,,,,,4,,
1st May 2024 22:00,,,,,,,,,,,,,,,,,,,,,,,,,,,,,,0,,
1st May 2024 23:00,,,,,,,,,,,,,,,,,,,,,,,,,,,,,,0,,
2nd May 2024 00:00,,,,,,,,,,,,,,,,,,,,,,,,,,,,,,0,,
2nd May 2024 01:00,,,,,,,,,,,,,,,,,,,,,,,,,,,,,,0,,
2nd May 2024 02:00,,,,,,,,,,,,,,,,,,,,,,,,,,,,,,0,,
2nd May 2024 03:00,,,,,,,,,,,,,,,,,,,,,,,,,,,,,,0,,
2nd May 2024 04:00,,,,,,,,,,,,,,,,,,,,,,,,,,,,,,2,,
2nd May 2024 05:00,,,,,,,,,,,,,,,,,,,,,,,,,,,,,,5,,
2nd May 2024 06:00,,,,,,,,,,,,,,,,,,,,,,,,,,,,,,33,,
2nd May 2024 07:00,,,,,,,,,,,,,,,,,,,,,,,,,,,,,,48,,
2nd May 2024 08:00,,,,,,,,,,,,,,,,,,,,,,,,,,,,,,107,,
2nd May 2024 09:00,,,,,,,,,,,,,,,,,,,,,,,,,,,,,,27,,
2nd May 2024 10:00,,,,,,,,,,,,,,,,,,,,,,,,,,,,,,18,,
2nd May 2024 11:00,,,,,,,,,,,,,,,,,,,,,,,,,,,,,,11,,
2nd May 2024 12:00,,,,,,,,,,,,,,,,,,,,,,,,,,,,,,17,,
2nd May 2024 13:00,,,,,,,,,,,,,,,,,,,,,,,,,,,,,,26,,
2nd May 2024 14:00,,,,,,,,,,,,,,,,,,,,,,,,,,,,,,25,,
2nd May 2024 15:00,,,,,,,,,,,,,,,,,,,,,,,,,,,,,,88,,
2nd May 2024 16:00,,,,,,,,,,,,,,,,,,,,,,,,,,,,,,47,,
2nd May 2024 17:00,,,,,,,,,,,,,,,,,,,,,,,,,,,,,,42,,
2nd May 2024 18:00,,,,,,,,,,,,,,,,,,,,,,,,,,,,,,17,,
2nd May 2024 19:00,,,,,,,,,,,,,,,,,,,,,,,,,,,,,,12,,
2nd May 2024 20:00,,,,,,,,,,,,,,,,,,,,,,,,,,,,,,3,,
2nd May 2024 21:00,,,,,,,,,,,,,,,,,,,,,,,,,,,,,,4,,
2nd May 2024 22:00,,,,,,,,,,,,,,,,,,,,,,,,,,,,,,3,,
2nd May 2024 23:00,,,,,,,,,,,,,,,,,,,,,,,,,,,,,,4,,
3rd May 2024 00:00,,,,,,,,,,,,,,,,,,,,,,,,,,,,,,1,,
3rd May 2024 01:00,,,,,,,,,,,,,,,,,,,,,,,,,,,,,,1,,
3rd May 2024 02:00,,,,,,,,,,,,,,,,,,,,,,,,,,,,,,0,,
3rd May 2024 03:00,,,,,,,,,,,,,,,,,,,,,,,,,,,,,,0,,
3rd May 2024 04:00,,,,,,,,,,,,,,,,,,,,,,,,,,,,,,0,,
3rd May 2024 05:00,,,,,,,,,,,,,,,,,,,,,,,,,,,,,,4,,
3rd May 2024 06:00,,,,,,,,,,,,,,,,,,,,,,,,,,,,,,14,,
3rd May 2024 07:00,,,,,,,,,,,,,,,,,,,,,,,,,,,,,,34,,
3rd May 2024 08:00,,,,,,,,,,,,,,,,,,,,,,,,,,,,,,67,,
3rd May 2024 09:00,,,,,,,,,,,,,,,,,,,,,,,,,,,,,,22,,
3rd May 2024 10:00,,,,,,,,,,,,,,,,,,,,,,,,,,,,,,11,,
3rd May 2024 11:00,,,,,,,,,,,,,,,,,,,,,,,,,,,,,,11,,
3rd May 2024 12:00,,,,,,,,,,,,,,,,,,,,,,,,,,,,,,5,,
3rd May 2024 13:00,,,,,,,,,,,,,,,,,,,,,,,,,,,,,,14,,
3rd May 2024 14:00,,,,,,,,,,,,,,,,,,,,,,,,,,,,,,18,,
3rd May 2024 15:00,,,,,,,,,,,,,,,,,,,,,,,,,,,,,,36,,
3rd May 2024 16:00,,,,,,,,,,,,,,,,,,,,,,,,,,,,,,41,,
3rd May 2024 17:00,,,,,,,,,,,,,,,,,,,,,,,,,,,,,,23,,
3rd May 2024 18:00,,,,,,,,,,,,,,,,,,,,,,,,,,,,,,8,,
3rd May 2024 19:00,,,,,,,,,,,,,,,,,,,,,,,,,,,,,,10,,
3rd May 2024 20:00,,,,,,,,,,,,,,,,,,,,,,,,,,,,,,4,,
3rd May 2024 21:00,,,,,,,,,,,,,,,,,,,,,,,,,,,,,,6,,
3rd May 2024 22:00,,,,,,,,,,,,,,,,,,,,,,,,,,,,,,6,,
3rd May 2024 23:00,,,,,,,,,,,,,,,,,,,,,,,,,,,,,,2,,
4th May 2024 00:00,,,,,,,,,,,,,,,,,,,,,,,,,,,,,,0,,
4th May 2024 01:00,,,,,,,,,,,,,,,,,,,,,,,,,,,,,,0,,
4th May 2024 02:00,,,,,,,,,,,,,,,,,,,,,,,,,,,,,,1,,
4th May 2024 03:00,,,,,,,,,,,,,,,,,,,,,,,,,,,,,,0,,
4th May 2024 04:00,,,,,,,,,,,,,,,,,,,,,,,,,,,,,,0,,
4th May 2024 05:00,,,,,,,,,,,,,,,,,,,,,,,,,,,,,,2,,
4th May 2024 06:00,,,,,,,,,,,,,,,,,,,,,,,,,,,,,,4,,
4th May 2024 07:00,,,,,,,,,,,,,,,,,,,,,,,,,,,,,,11,,
4th May 2024 08:00,,,,,,,,,,,,,,,,,,,,,,,,,,,,,,23,,
4th May 2024 09:00,,,,,,,,,,,,,,,,,,,,,,,,,,,,,,23,,
4th May 2024 10:00,,,,,,,,,,,,,,,,,,,,,,,,,,,,,,15,,
4th May 2024 11:00,,,,,,,,,,,,,,,,,,,,,,,,,,,,,,22,,
4th May 2024 12:00,,,,,,,,,,,,,,,,,,,,,,,,,,,,,,32,,
4th May 2024 13:00,,,,,,,,,,,,,,,,,,,,,,,,,,,,,,11,,
4th May 2024 14:00,,,,,,,,,,,,,,,,,,,,,,,,,,,,,,24,,
4th May 2024 15:00,,,,,,,,,,,,,,,,,,,,,,,,,,,,,,26,,
4th May 2024 16:00,,,,,,,,,,,,,,,,,,,,,,,,,,,,,,21,,
4th May 2024 17:00,,,,,,,,,,,,,,,,,,,,,,,,,,,,,,31,,
4th May 2024 18:00,,,,,,,,,,,,,,,,,,,,,,,,,,,,,,9,,
4th May 2024 19:00,,,,,,,,,,,,,,,,,,,,,,,,,,,,,,10,,
4th May 2024 20:00,,,,,,,,,,,,,,,,,,,,,,,,,,,,,,4,,
4th May 2024 21:00,,,,,,,,,,,,,,,,,,,,,,,,,,,,,,8,,
4th May 2024 22:00,,,,,,,,,,,,,,,,,,,,,,,,,,,,,,3,,
4th May 2024 23:00,,,,,,,,,,,,,,,,,,,,,,,,,,,,,,0,,
5th May 2024 00:00,,,,,,,,,,,,,,,,,,,,,,,,,,,,,,3,,
5th May 2024 01:00,,,,,,,,,,,,,,,,,,,,,,,,,,,,,,0,,
5th May 2024 02:00,,,,,,,,,,,,,,,,,,,,,,,,,,,,,,0,,
5th May 2024 03:00,,,,,,,,,,,,,,,,,,,,,,,,,,,,,,0,,
5th May 2024 04:00,,,,,,,,,,,,,,,,,,,,,,,,,,,,,,1,,
5th May 2024 05:00,,,,,,,,,,,,,,,,,,,,,,,,,,,,,,0,,
5th May 2024 06:00,,,,,,,,,,,,,,,,,,,,,,,,,,,,,,4,,
5th May 2024 07:00,,,,,,,,,,,,,,,,,,,,,,,,,,,,,,7,,
5th May 2024 08:00,,,,,,,,,,,,,,,,,,,,,,,,,,,,,,7,,
5th May 2024 09:00,,,,,,,,,,,,,,,,,,,,,,,,,,,,,,5,,
5th May 2024 10:00,,,,,,,,,,,,,,,,,,,,,,,,,,,,,,9,,
5th May 2024 11:00,,,,,,,,,,,,,,,,,,,,,,,,,,,,,,9,,
5th May 2024 12:00,,,,,,,,,,,,,,,,,,,,,,,,,,,,,,10,,
5th May 2024 13:00,,,,,,,,,,,,,,,,,,,,,,,,,,,,,,12,,
5th May 2024 14:00,,,,,,,,,,,,,,,,,,,,,,,,,,,,,,10,,
5th May 2024 15:00,,,,,,,,,,,,,,,,,,,,,,,,,,,,,,25,,
5th May 2024 16:00,,,,,,,,,,,,,,,,,,,,,,,,,,,,,,22,,
5th May 2024 17:00,,,,,,,,,,,,,,,,,,,,,,,,,,,,,,15,,
5th May 2024 18:00,,,,,,,,,,,,,,,,,,,,,,,,,,,,,,9,,
5th May 2024 19:00,,,,,,,,,,,,,,,,,,,,,,,,,,,,,,1,,
5th May 2024 20:00,,,,,,,,,,,,,,,,,,,,,,,,,,,,,,2,,
5th May 2024 21:00,,,,,,,,,,,,,,,,,,,,,,,,,,,,,,1,,
5th May 2024 22:00,,,,,,,,,,,,,,,,,,,,,,,,,,,,,,1,,
5th May 2024 23:00,,,,,,,,,,,,,,,,,,,,,,,,,,,,,,0,,
6th May 2024 00:00,,,,,,,,,,,,,,,,,,,,,,,,,,,,,,0,,
6th May 2024 01:00,,,,,,,,,,,,,,,,,,,,,,,,,,,,,,0,,
6th May 2024 02:00,,,,,,,,,,,,,,,,,,,,,,,,,,,,,,0,,
6th May 2024 03:00,,,,,,,,,,,,,,,,,,,,,,,,,,,,,,0,,
6th May 2024 04:00,,,,,,,,,,,,,,,,,,,,,,,,,,,,,,0,,
6th May 2024 05:00,,,,,,,,,,,,,,,,,,,,,,,,,,,,,,6,,
6th May 2024 06:00,,,,,,,,,,,,,,,,,,,,,,,,,,,,,,13,,
6th May 2024 07:00,,,,,,,,,,,,,,,,,,,,,,,,,,,,,,32,,
6th May 2024 08:00,,,,,,,,,,,,,,,,,,,,,,,,,,,,,,104,,
6th May 2024 09:00,,,,,,,,,,,,,,,,,,,,,,,,,,,,,,36,,
6th May 2024 10:00,,,,,,,,,,,,,,,,,,,,,,,,,,,,,,10,,
6th May 2024 11:00,,,,,,,,,,,,,,,,,,,,,,,,,,,,,,19,,
6th May 2024 12:00,,,,,,,,,,,,,,,,,,,,,,,,,,,,,,,,
6th May 2024 13:00,,,,,,,,,,,,,,,,,,,,,,,,,,,,,,,,
6th May 2024 14:00,,,,,,,,,,,,,,,,,,,,,,,,,,,,,,,,
6th May 2024 15:00,,,,,,,,,,,,,,,,,,,,,,,,,,,,,,,,
6th May 2024 16:00,,,,,,,,,,,,,,,16,,,,,,,,,,,,,,,,,
6th May 2024 17:00,,,,,,,,,,,,,,,9,,,,,,,,,,,,,,,,,
6th May 2024 18:00,,,,,,,,,,,,,,,8,,,,,,,,,,,,,,,,,
6th May 2024 19:00,,,,,,,,,,,,,,,1,,,,,,,,,,,,,,,,,
6th May 2024 20:00,,,,,,,,,,,,,,,0,,,,,,,,,,,,,,,,,
6th May 2024 21:00,,,,,,,,,,,,,,,0,,,,,,,,,,,,,,,,,
6th May 2024 22:00,,,,,,,,,,,,,,,0,,,,,,,,,,,,,,,,,
6th May 2024 23:00,,,,,,,,,,,,,,,0,,,,,,,,,,,,,,,,,
7th May 2024 00:00,,,,,,,,,,,,,,,0,,,,,,,,,,,,,,,,,
7th May 2024 01:00,,,,,,,,,,,,,,,0,,,,,,,,,,,,,,,,,
7th May 2024 02:00,,,,,,,,,,,,,,,0,,,,,,,,,,,,,,,,,
7th May 2024 03:00,,,,,,,,,,,,,,,0,,,,,,,,,,,,,,,,,
7th May 2024 04:00,,,,,,,,,,,,,,,0,,,,,,,,,,,,,,,,,
7th May 2024 05:00,,,,,,,,,,,,,,,4,,,,,,,,,,,,,,,,,
7th May 2024 06:00,,,,,,,,,,,,,,,5,,,,,,,,,,,,,,,,,
7th May 2024 07:00,,,,,,,,,,,,,,,16,,,,,,,,,,,,,,,,,
7th May 2024 08:00,,,,,,,,,,,,,,,39,,,,,,,,,,,,,,,,,
7th May 2024 09:00,,,,,,,,,,,,,,,11,,,,,,,,,,,,,,,,,
7th May 2024 10:00,,,,,,,,,,,,,,,5,,,,,,,,,,,,,,,,,
7th May 2024 11:00,,,,,,,,,,,,,,,4,,,,,,,,,,,,,,,,,
7th May 2024 12:00,,,,,,,,,,,,,,,7,,,,,,,,,,,,,,,,,
7th May 2024 13:00,,,,,,,,,,,,,,,3,,,,,,,,,,,,,,,,,
7th May 2024 14:00,,,,,,,,,,,,,,,20,,,,,,,,,,,,,,,,,
7th May 2024 15:00,,,,,,,,,,,,,,,52,,,,,,,,,,,,,,,,,
7th May 2024 16:00,,,,,,,,,,,,,,,8,,,,,,,,,,,,,,,,,
7th May 2024 17:00,,,,,,,,,,,,,,,14,,,,,,,,,,,,,,,,,
7th May 2024 18:00,,,,,,,,,,,,,,,5,,,,,,,,,,,,,,,,,
7th May 2024 19:00,,,,,,,,,,,,,,,1,,,,,,,,,,,,,,,,,
7th May 2024 20:00,,,,,,,,,,,,,,,0,,,,,,,,,,,,,,,,,
7th May 2024 21:00,,,,,,,,,,,,,,,2,,,,,,,,,,,,,,,,,
7th May 2024 22:00,,,,,,,,,,,,,,,0,,,,,,,,,,,,,,,,,
7th May 2024 23:00,,,,,,,,,,,,,,,0,,,,,,,,,,,,,,,,,
8th May 2024 00:00,,,,,,,,,,,,,,,0,,,,,,,,,,,,,,,,,
8th May 2024 01:00,,,,,,,,,,,,,,,0,,,,,,,,,,,,,,,,,
8th May 2024 02:00,,,,,,,,,,,,,,,0,,,,,,,,,,,,,,,,,
8th May 2024 03:00,,,,,,,,,,,,,,,0,,,,,,,,,,,,,,,,,
8th May 2024 04:00,,,,,,,,,,,,,,,0,,,,,,,,,,,,,,,,,
8th May 2024 05:00,,,,,,,,,,,,,,,0,,,,,,,,,,,,,,,,,
8th May 2024 06:00,,,,,,,,,,,,,,,3,,,,,,,,,,,,,,,,,
8th May 2024 07:00,,,,,,,,,,,,,,,5,,,,,,,,,,,,,,,,,
8th May 2024 08:00,,,,,,,,,,,,,,,23,,,,,,,,,,,,,,,,,
8th May 2024 09:00,,,,,,,,,,,,,,,8,,,,,,,,,,,,,,,,,
8th May 2024 10:00,,,,,,,,,,,,,,,4,,,,,,,,,,,,,,,,,
8th May 2024 11:00,,,,,,,,,,,,,,,4,,,,,,,,,,,,,,,,,
8th May 2024 12:00,,,,,,,,,,,,,,,4,,,,,,,,,,,,,,,,,
8th May 2024 13:00,,,,,,,,,,,,,,,4,,,,,,,,,,,,,,,,,
8th May 2024 14:00,,,,,,,,,,,,,,,26,,,,,,,,,,,,,,,,,
8th May 2024 15:00,,,,,,,,,,,,,,,61,,,,,,,,,,,,,,,,,
8th May 2024 16:00,,,,,,,,,,,,,,,5,,,,,,,,,,,,,,,,,
8th May 2024 17:00,,,,,,,,,,,,,,,3,,,,,,,,,,,,,,,,,
8th May 2024 18:00,,,,,,,,,,,,,,,6,,,,,,,,,,,,,,,,,
8th May 2024 19:00,,,,,,,,,,,,,,,0,,,,,,,,,,,,,,,,,
8th May 2024 20:00,,,,,,,,,,,,,,,0,,,,,,,,,,,,,,,,,
8th May 2024 21:00,,,,,,,,,,,,,,,3,,,,,,,,,,,,,,,,,
8th May 2024 22:00,,,,,,,,,,,,,,,1,,,,,,,,,,,,,,,,,
8th May 2024 23:00,,,,,,,,,,,,,,,0,,,,,,,,,,,,,,,,,
9th May 2024 00:00,,,,,,,,,,,,,,,0,,,,,,,,,,,,,,,,,
9th May 2024 01:00,,,,,,,,,,,,,,,0,,,,,,,,,,,,,,,,,
9th May 2024 02:00,,,,,,,,,,,,,,,0,,,,,,,,,,,,,,,,,
9th May 2024 03:00,,,,,,,,,,,,,,,0,,,,,,,,,,,,,,,,,
9th May 2024 04:00,,,,,,,,,,,,,,,0,,,,,,,,,,,,,,,,,
9th May 2024 05:00,,,,,,,,,,,,,,,1,,,,,,,,,,,,,,,,,
9th May 2024 06:00,,,,,,,,,,,,,,,5,,,,,,,,,,,,,,,,,
9th May 2024 07:00,,,,,,,,,,,,,,,14,,,,,,,,,,,,,,,,,
9th May 2024 08:00,,,,,,,,,,,,,,,23,,,,,,,,,,,,,,,,,
9th May 2024 09:00,,,,,,,,,,,,,,,24,,,,,,,,,,,,,,,,,
9th May 2024 10:00,,,,,,,,,,,,,,,14,,,,,,,,,,,,,,,,,
9th May 2024 11:00,,,,,,,,,,,,,,,0,,,,,,,,,,,,,,,,,
9th May 2024 12:00,,,,,,,,,,,,,,,2,,,,,,,,,,,,,,,,,
9th May 2024 13:00,,,,,,,,,,,,,,,6,,,,,,,,,,,,,,,,,
9th May 2024 14:00,,,,,,,,,,,,,,,21,,,,,,,,,,,,,,,,,
9th May 2024 15:00,,,,,,,,,,,,,,,37,,,,,,,,,,,,,,,,,
9th May 2024 16:00,,,,,,,,,,,,,,,12,,,,,,,,,,,,,,,,,
9th May 2024 17:00,,,,,,,,,,,,,,,10,,,,,,,,,,,,,,,,,
9th May 2024 18:00,,,,,,,,,,,,,,,9,,,,,,,,,,,,,,,,,
9th May 2024 19:00,,,,,,,,,,,,,,,2,,,,,,,,,,,,,,,,,
9th May 2024 20:00,,,,,,,,,,,,,,,1,,,,,,,,,,,,,,,,,
9th May 2024 21:00,,,,,,,,,,,,,,,0,,,,,,,,,,,,,,,,,
9th May 2024 22:00,,,,,,,,,,,,,,,1,,,,,,,,,,,,,,,,,
9th May 2024 23:00,,,,,,,,,,,,,,,0,,,,,,,,,,,,,,,,,
10th May 2024 00:00,,,,,,,,,,,,,,,0,,,,,,,,,,,,,,,,,
10th May 2024 01:00,,,,,,,,,,,,,,,0,,,,,,,,,,,,,,,,,
10th May 2024 02:00,,,,,,,,,,,,,,,0,,,,,,,,,,,,,,,,,
10th May 2024 03:00,,,,,,,,,,,,,,,0,,,,,,,,,,,,,,,,,
10th May 2024 04:00,,,,,,,,,,,,,,,0,,,,,,,,,,,,,,,,,
10th May 2024 05:00,,,,,,,,,,,,,,,0,,,,,,,,,,,,,,,,,
10th May 2024 06:00,,,,,,,,,,,,,,,4,,,,,,,,,,,,,,,,,
10th May 2024 07:00,,,,,,,,,,,,,,,8,,,,,,,,,,,,,,,,,
10th May 2024 08:00,,,,,,,,,,,,,,,36,,,,,,,,,,,,,,,,,
10th May 2024 09:00,,,,,,,,,,,,,,,6,,,,,,,,,,,,,,,,,
10th May 2024 10:00,,,,,,,,,,,,,,,18,,,,,,,,,,,,,,,,,
10th May 2024 11:00,,,,,,,,,,,,,,,27,,,,,,,,,,,,,,,,,
10th May 2024 12:00,,,,,,,,,,,,,,,4,,,,,,,,,,,,,,,,,
10th May 2024 13:00,,,,,,,,,,,,,,,2,,,,,,,,,,,,,,,,,
10th May 2024 14:00,,,,,,,,,,,,,,,21,,,,,,,,,,,,,,,,,
10th May 2024 15:00,,,,,,,,,,,,,,,35,,,,,,,,,,,,,,,,,
10th May 2024 16:00,,,,,,,,,,,,,,,8,,,,,,,,,,,,,,,,,
10th May 2024 17:00,,,,,,,,,,,,,,,5,,,,,,,,,,,,,,,,,
10th May 2024 18:00,,,,,,,,,,,,,,,3,,,,,,,,,,,,,,,,,
10th May 2024 19:00,,,,,,,,,,,,,,,2,,,,,,,,,,,,,,,,,
10th May 2024 20:00,,,,,,,,,,,,,,,3,,,,,,,,,,,,,,,,,
10th May 2024 21:00,,,,,,,,,,,,,,,3,,,,,,,,,,,,,,,,,
10th May 2024 22:00,,,,,,,,,,,,,,,0,,,,,,,,,,,,,,,,,
10th May 2024 23:00,,,,,,,,,,,,,,,0,,,,,,,,,,,,,,,,,
11th May 2024 00:00,,,,,,,,,,,,,,,0,,,,,,,,,,,,,,,,,
11th May 2024 01:00,,,,,,,,,,,,,,,0,,,,,,,,,,,,,,,,,
11th May 2024 02:00,,,,,,,,,,,,,,,0,,,,,,,,,,,,,,,,,
11th May 2024 03:00,,,,,,,,,,,,,,,0,,,,,,,,,,,,,,,,,
11th May 2024 04:00,,,,,,,,,,,,,,,0,,,,,,,,,,,,,,,,,
11th May 2024 05:00,,,,,,,,,,,,,,,0,,,,,,,,,,,,,,,,,
11th May 2024 06:00,,,,,,,,,,,,,,,0,,,,,,,,,,,,,,,,,
11th May 2024 07:00,,,,,,,,,,,,,,,0,,,,,,,,,,,,,,,,,
11th May 2024 08:00,,,,,,,,,,,,,,,2,,,,,,,,,,,,,,,,,
11th May 2024 09:00,,,,,,,,,,,,,,,4,,,,,,,,,,,,,,,,,
11th May 2024 10:00,,,,,,,,,,,,,,,1,,,,,,,,,,,,,,,,,
11th May 2024 11:00,,,,,,,,,,,,,,,0,,,,,,,,,,,,,,,,,
11th May 2024 12:00,,,,,,,,,,,,,,,2,,,,,,,,,,,,,,,,,
11th May 2024 13:00,,,,,,,,,,,,,,,5,,,,,,,,,,,,,,,,,
11th May 2024 14:00,,,,,,,,,,,,,,,3,,,,,,,,,,,,,,,,,
11th May 2024 15:00,,,,,,,,,,,,,,,1,,,,,,,,,,,,,,,,,
11th May 2024 16:00,,,,,,,,,,,,,,,15,,,,,,,,,,,,,,,,,
11th May 2024 17:00,,,,,,,,,,,,,,,11,,,,,,,,,,,,,,,,,
11th May 2024 18:00,,,,,,,,,,,,,,,11,,,,,,,,,,,,,,,,,
11th May 2024 19:00,,,,,,,,,,,,,,,8,,,,,,,,,,,,,,,,,
11th May 2024 20:00,,,,,,,,,,,,,,,3,,,,,,,,,,,,,,,,,
11th May 2024 21:00,,,,,,,,,,,,,,,0,,,,,,,,,,,,,,,,,
11th May 2024 22:00,,,,,,,,,,,,,,,1,,,,,,,,,,,,,,,,,
11th May 2024 23:00,,,,,,,,,,,,,,,0,,,,,,,,,,,,,,,,,
12th May 2024 00:00,,,,,,,,,,,,,,,0,,,,,,,,,,,,,,,,,
12th May 2024 01:00,,,,,,,,,,,,,,,0,,,,,,,,,,,,,,,,,
12th May 2024 02:00,,,,,,,,,,,,,,,0,,,,,,,,,,,,,,,,,
12th May 2024 03:00,,,,,,,,,,,,,,,0,,,,,,,,,,,,,,,,,
12th May 2024 04:00,,,,,,,,,,,,,,,0,,,,,,,,,,,,,,,,,
12th May 2024 05:00,,,,,,,,,,,,,,,1,,,,,,,,,,,,,,,,,
12th May 2024 06:00,,,,,,,,,,,,,,,1,,,,,,,,,,,,,,,,,
12th May 2024 07:00,,,,,,,,,,,,,,,1,,,,,,,,,,,,,,,,,
12th May 2024 08:00,,,,,,,,,,,,,,,1,,,,,,,,,,,,,,,,,
12th May 2024 09:00,,,,,,,,,,,,,,,3,,,,,,,,,,,,,,,,,
12th May 2024 10:00,,,,,,,,,,,,,,,0,,,,,,,,,,,,,,,,,
12th May 2024 11:00,,,,,,,,,,,,,,,3,,,,,,,,,,,,,,,,,
12th May 2024 12:00,,,,,,,,,,,,,,,9,,,,,,,,,,,,,,,,,
12th May 2024 13:00,,,,,,,,,,,,,,,12,,,,,,,,,,,,,,,,,
12th May 2024 14:00,,,,,,,,,,,,,,,10,,,,,,,,,,,,,,,,,
12th May 2024 15:00,,,,,,,,,,,,,,,10,,,,,,,,,,,,,,,,,
12th May 2024 16:00,,,,,,,,,,,,,,,5,,,,,,,,,,,,,,,,,
12th May 2024 17:00,,,,,,,,,,,,,,,10,,,,,,,,,,,,,,,,,
12th May 2024 18:00,,,,,,,,,,,,,,,6,,,,,,,,,,,,,,,,,
12th May 2024 19:00,,,,,,,,,,,,,,,2,,,,,,,,,,,,,,,,,
12th May 2024 20:00,,,,,,,,,,,,,,,4,,,,,,,,,,,,,,,,,
12th May 2024 21:00,,,,,,,,,,,,,,,0,,,,,,,,,,,,,,,,,
12th May 2024 22:00,,,,,,,,,,,,,,,0,,,,,,,,,,,,,,,,,
12th May 2024 23:00,,,,,,,,,,,,,,,0,,,,,,,,,,,,,,,,,
13th May 2024 00:00,,,,,,,,,,,,,,,0,,,,,,,,,,,,,,,,,
13th May 2024 01:00,,,,,,,,,,,,,,,0,,,,,,,,,,,,,,,,,
13th May 2024 02:00,,,,,,,,,,,,,,,0,,,,,,,,,,,,,,,,,
13th May 2024 03:00,,,,,,,,,,,,,,,0,,,,,,,,,,,,,,,,,
13th May 2024 04:00,,,,,,,,,,,,,,,0,,,,,,,,,,,,,,,,,
13th May 2024 05:00,,,,,,,,,,,,,,,2,,,,,,,,,,,,,,,,,
13th May 2024 06:00,,,,,,,,,,,,,,,2,,,,,,,,,,,,,,,,,
13th May 2024 07:00,,,,,,,,,,,,,,,11,,,,,,,,,,,,,,,,,
13th May 2024 08:00,,,,,,,,,,,,,,,30,,,,,,,,,,,,,,,,,
13th May 2024 09:00,,,,,,,,,,,,,,,9,,,,,,,,,,,,,,,,,
13th May 2024 10:00,,,,,,,,,,,,,,,12,,,,,,,,,,,,,,,,,
13th May 2024 11:00,,,,,,,,,,,,,,,6,,,,,,,,,,,,,,,,,
13th May 2024 12:00,,,,,,,,,,,,,,,8,,,,,,,,,,,,,,,,,
13th May 2024 13:00,,,,,,,,,,,,,,,5,,,,,,,,,,,,,,,,,
13th May 2024 14:00,,,,,,,,,,,,,,,26,,,,,,,,,,,,,,,,,
13th May 2024 15:00,,,,,,,,,,,,,,,,,,,,,,,,,,,,,,,,
13th May 2024 16:00,,,,,,,,,,,,,,,,,,,,,,,,,,,,,,,,
13th May 2024 17:00,,,,,,,,,,,,,,,,,,,,,,,,,,,,,,,,
13th May 2024 18:00,,,,,,,,,,,,,,,,,,,,,,,,,,,,,,,,
13th May 2024 19:00,,,,,,,,,,,,,,,,,,,,,,,,,,,,,,,,
13th May 2024 20:00,,,,,,,,,,,,,,,,,,,,,,,,,,,,,,,,
13th May 2024 21:00,,,,,,,,,,,,,,,,,,,,,,,,,,,,,,,,
13th May 2024 22:00,,,,,,,,,,,,,,,,,,,,,,,,,,,,,,,,
13th May 2024 23:00,,,,,,,,,,,,,,,,,,,,,,,,,,,,,,,,
14th May 2024 00:00,,,,,,,,,,,,,,,,,,,,,,,,,,,,,,,,
14th May 2024 01:00,,,,,,,,,,,,,,,,,,,,,,,,,,,,,,,,
14th May 2024 02:00,,,,,,,,,,,,,,,,,,,,,,,,,,,,,,,,
14th May 2024 03:00,,,,,,,,,,,,,,,,,,,,,,,,,,,,,,,,
14th May 2024 04:00,,,,,,,,,,,,,,,,,,,,,,,,,,,,,,,,
14th May 2024 05:00,,,,,,,,,,,,,,,,,,,,,,,,,,,,,,,,
14th May 2024 06:00,,,,,,,,,,,,,,,,,,,,,,,,,,,,,,,,
14th May 2024 07:00,,,,,,,,,,,,,,,,,,,,,,,,,,,,,,,,
14th May 2024 08:00,,,,,,,,,,,,,,,,,,,,,,,,,,,,,,,,
14th May 2024 09:00,,,,,,,,,,,,,,,,,,,,,,,,,,,,,,,,
14th May 2024 10:00,,,,,,,,,,,,,63,6,,,,,,,,,,,,,,,,,,
14th May 2024 11:00,,,,,,,,,,,,,75,8,,,,,,,,,,,,,,,,,,
14th May 2024 12:00,,,,,,,,,,,,,81,11,,,,,,,,,,,,,,,,,,
14th May 2024 13:00,,,,,,,,,,,,,69,9,,,,,,,,,,,,,,,,,,
14th May 2024 14:00,,,,,,,,,,,,,61,9,,,,,,,,,,,,,,,,,,
14th May 2024 15:00,,,,,,,,,,,,,120,12,,,,,,,,,,,,,,,,,,
14th May 2024 16:00,,,,,,,,,,,,,71,21,,,,,,,,,,,,,,,,,,
14th May 2024 17:00,,,,,,,,,,,,,43,12,,,,,,,,,,,,,,,,,,
14th May 2024 18:00,,,,,,,,,,,,,52,10,,,,,,,,,,,,,,,,,,
14th May 2024 19:00,,,,,,,,,,,,,68,7,,,,,,,,,,,,,,,,,,
14th May 2024 20:00,,,,,,,,,,,,,24,3,,,,,,,,,,,,,,,,,,
14th May 2024 21:00,,,,,,,,,,,,,5,6,,,,,,,,,,,,,,,,,,
14th May 2024 22:00,,,,,,,,,,,,,5,1,,,,,,,,,,,,,,,,,,
14th May 2024 23:00,,,,,,,,,,,,,0,0,,,,,,,,,,,,,,,,,,
15th May 2024 00:00,,,,,,,,,,,,,1,0,,,,,,,,,,,,,,,,,,
15th May 2024 01:00,,,,,,,,,,,,,0,2,,,,,,,,,,,,,,,,,,
15th May 2024 02:00,,,,,,,,,,,,,1,0,,,,,,,,,,,,,,,,,,
15th May 2024 03:00,,,,,,,,,,,,,0,0,,,,,,,,,,,,,,,,,,
15th May 2024 04:00,,,,,,,,,,,,,2,1,,,,,,,,,,,,,,,,,,
15th May 2024 05:00,,,,,,,,,,,,,6,3,,,,,,,,,,,,,,,,,,
15th May 2024 06:00,,,,,,,,,,,,,18,5,,,,,,,,,,,,,,,,,,
15th May 2024 07:00,,,,,,,,,,,,,38,18,,,,,,,,,,,,,,,,,,
15th May 2024 08:00,,,,,,,,,,,,,63,21,,,,,,,,,,,,,,,,,,
15th May 2024 09:00,,,,,,,,,,,,,88,7,,,,,,,,,,,,,,,,,,
15th May 2024 10:00,,,,,,,,,,,,,49,7,,,,,,,,,,,,,,,,,,
15th May 2024 11:00,,,,,,,,,,,,,70,6,,,,,,,,,,,,,,,,,,
15th May 2024 12:00,,,,,,,,,,,,,72,9,,,,,,,,,,,,,,,,,,
15th May 2024 13:00,,,,,,,,,,,,,77,10,,,,,,,,,,,,,,,,,,
15th May 2024 14:00,,,,,,,,,,,,,75,21,,,,,,,,,,,,,,,,,,
15th May 2024 15:00,,,,,,,,,,,,,94,19,,,,,,,,,,,,,,,,,,
15th May 2024 16:00,,,,,,,,,,,,,69,22,,,,,,,,,,,,,,,,,,
15th May 2024 17:00,,,,,,,,,,,,,68,26,,,,,,,,,,,,,,,,,,
15th May 2024 18:00,,,,,,,,,,,,,55,10,,,,,,,,,,,,,,,,,,
15th May 2024 19:00,,,,,,,,,,,,,57,9,,,,,,,,,,,,,,,,,,
15th May 2024 20:00,,,,,,,,,,,,,32,5,,,,,,,,,,,,,,,,,,
15th May 2024 21:00,,,,,,,,,,,,,9,7,,,,,,,,,,,,,,,,,,
15th May 2024 22:00,,,,,,,,,,,,,7,2,,,,,,,,,,,,,,,,,,
15th May 2024 23:00,,,,,,,,,,,,,1,0,,,,,,,,,,,,,,,,,,
16th May 2024 00:00,,,,,,,,,,,,,0,1,,,,,,,,,,,,,,,,,,
16th May 2024 01:00,,,,,,,,,,,,,0,0,,,,,,,,,,,,,,,,,,
16th May 2024 02:00,,,,,,,,,,,,,0,0,,,,,,,,,,,,,,,,,,
16th May 2024 03:00,,,,,,,,,,,,,0,0,,,,,,,,,,,,,,,,,,
16th May 2024 04:00,,,,,,,,,,,,,4,2,,,,,,,,,,,,,,,,,,
16th May 2024 05:00,,,,,,,,,,,,,7,4,,,,,,,,,,,,,,,,,,
16th May 2024 06:00,,,,,,,,,,,,,17,5,,,,,,,,,,,,,,,,,,
16th May 2024 07:00,,,,,,,,,,,,,38,12,,,,,,,,,,,,,,,,,,
16th May 2024 08:00,,,,,,,,,,,,,69,25,,,,,,,,,,,,,,,,,,
16th May 2024 09:00,,,,,,,,,,,,,74,16,,,,,,,,,,,,,,,,,,
16th May 2024 10:00,,,,,,,,,,,,,74,8,,,,,,,,,,,,,,,,,,
16th May 2024 11:00,,,,,,,,,,,,,95,10,,,,,,,,,,,,,,,,,,
16th May 2024 12:00,,,,,,,,,,,,,127,10,,,,,,,,,,,,,,,,,,
16th May 2024 13:00,,,,,,,,,,,,,97,9,,,,,,,,,,,,,,,,,,
16th May 2024 14:00,,,,,,,,,,,,,82,21,,,,,,,,,,,,,,,,,,
16th May 2024 15:00,,,,,,,,,,,,,105,17,,,,,,,,,,,,,,,,,,
16th May 2024 16:00,,,,,,,,,,,,,64,15,,,,,,,,,,,,,,,,,,
16th May 2024 17:00,,,,,,,,,,,,,90,18,,,,,,,,,,,,,,,,,,
16th May 2024 18:00,,,,,,,,,,,,,60,8,,,,,,,,,,,,,,,,,,
16th May 2024 19:00,,,,,,,,,,,,,75,16,,,,,,,,,,,,,,,,,,
16th May 2024 20:00,,,,,,,,,,,,,47,3,,,,,,,,,,,,,,,,,,
16th May 2024 21:00,,,,,,,,,,,,,12,4,,,,,,,,,,,,,,,,,,
16th May 2024 22:00,,,,,,,,,,,,,6,2,,,,,,,,,,,,,,,,,,
16th May 2024 23:00,,,,,,,,,,,,,2,2,,,,,,,,,,,,,,,,,,
17th May 2024 00:00,,,,,,,,,,,,,0,1,,,,,,,,,,,,,,,,,,
17th May 2024 01:00,,,,,,,,,,,,,2,0,,,,,,,,,,,,,,,,,,
17th May 2024 02:00,,,,,,,,,,,,,0,0,,,,,,,,,,,,,,,,,,
17th May 2024 03:00,,,,,,,,,,,,,0,0,,,,,,,,,,,,,,,,,,
17th May 2024 04:00,,,,,,,,,,,,,0,2,,,,,,,,,,,,,,,,,,
17th May 2024 05:00,,,,,,,,,,,,,3,1,,,,,,,,,,,,,,,,,,
17th May 2024 06:00,,,,,,,,,,,,,23,4,,,,,,,,,,,,,,,,,,
17th May 2024 07:00,,,,,,,,,,,,,31,8,,,,,,,,,,,,,,,,,,
17th May 2024 08:00,,,,,,,,,,,,,73,20,,,,,,,,,,,,,,,,,,
17th May 2024 09:00,,,,,,,,,,,,,67,6,,,,,,,,,,,,,,,,,,
17th May 2024 10:00,,,,,,,,,,,,,59,8,,,,,,,,,,,,,,,,,,
17th May 2024 11:00,,,,,,,,,,,,,82,7,,,,,,,,,,,,,,,,,,
17th May 2024 12:00,,,,,,,,,,,,,109,8,,,,,,,,,,,,,,,,,,
17th May 2024 13:00,,,,,,,,,,,,,78,11,,,,,,,,,,,,,,,,,,
17th May 2024 14:00,,,,,,,,,,,,,86,6,,,,,,,,,,,,,,,,,,
17th May 2024 15:00,,,,,,,,,,,,,86,19,,,,,,,,,,,,,,,,,,
17th May 2024 16:00,,,,,,,,,,,,,66,13,,,,,,,,,,,,,,,,,,
17th May 2024 17:00,,,,,,,,,,,,,73,13,,,,,,,,,,,,,,,,,,
17th May 2024 18:00,,,,,,,,,,,,,97,20,,,,,,,,,,,,,,,,,,
17th May 2024 19:00,,,,,,,,,,,,,95,5,,,,,,,,,,,,,,,,,,
17th May 2024 20:00,,,,,,,,,,,,,72,1,,,,,,,,,,,,,,,,,,
17th May 2024 21:00,,,,,,,,,,,,,9,4,,,,,,,,,,,,,,,,,,
17th May 2024 22:00,,,,,,,,,,,,,8,3,,,,,,,,,,,,,,,,,,
17th May 2024 23:00,,,,,,,,,,,,,2,1,,,,,,,,,,,,,,,,,,
18th May 2024 00:00,,,,,,,,,,,,,1,1,,,,,,,,,,,,,,,,,,
18th May 2024 01:00,,,,,,,,,,,,,0,0,,,,,,,,,,,,,,,,,,
18th May 2024 02:00,,,,,,,,,,,,,0,1,,,,,,,,,,,,,,,,,,
18th May 2024 03:00,,,,,,,,,,,,,2,0,,,,,,,,,,,,,,,,,,
18th May 2024 04:00,,,,,,,,,,,,,2,1,,,,,,,,,,,,,,,,,,
18th May 2024 05:00,,,,,,,,,,,,,2,1,,,,,,,,,,,,,,,,,,
18th May 2024 06:00,,,,,,,,,,,,,13,0,,,,,,,,,,,,,,,,,,
18th May 2024 07:00,,,,,,,,,,,,,31,4,,,,,,,,,,,,,,,,,,
18th May 2024 08:00,,,,,,,,,,,,,29,2,,,,,,,,,,,,,,,,,,
18th May 2024 09:00,,,,,,,,,,,,,84,8,,,,,,,,,,,,,,,,,,
18th May 2024 10:00,,,,,,,,,,,,,75,6,,,,,,,,,,,,,,,,,,
18th May 2024 11:00,,,,,,,,,,,,,77,2,,,,,,,,,,,,,,,,,,
18th May 2024 12:00,,,,,,,,,,,,,124,4,,,,,,,,,,,,,,,,,,
18th May 2024 13:00,,,,,,,,,,,,,97,12,,,,,,,,,,,,,,,,,,
18th May 2024 14:00,,,,,,,,,,,,,93,5,,,,,,,,,,,,,,,,,,
18th May 2024 15:00,,,,,,,,,,,,,36,10,,,,,,,,,,,,,,,,,,
18th May 2024 16:00,,,,,,,,,,,,,47,12,,,,,,,,,,,,,,,,,,
18th May 2024 17:00,,,,,,,,,,,,,81,12,,,,,,,,,,,,,,,,,,
18th May 2024 18:00,,,,,,,,,,,,,92,4,,,,,,,,,,,,,,,,,,
18th May 2024 19:00,,,,,,,,,,,,,76,5,,,,,,,,,,,,,,,,,,
18th May 2024 20:00,,,,,,,,,,,,,50,12,,,,,,,,,,,,,,,,,,
18th May 2024 21:00,,,,,,,,,,,,,21,2,,,,,,,,,,,,,,,,,,
18th May 2024 22:00,,,,,,,,,,,,,11,3,,,,,,,,,,,,,,,,,,
18th May 2024 23:00,,,,,,,,,,,,,0,4,,,,,,,,,,,,,,,,,,
19th May 2024 00:00,,,,,,,,,,,,,2,1,,,,,,,,,,,,,,,,,,
19th May 2024 01:00,,,,,,,,,,,,,0,1,,,,,,,,,,,,,,,,,,
19th May 2024 02:00,,,,,,,,,,,,,1,0,,,,,,,,,,,,,,,,,,
19th May 2024 03:00,,,,,,,,,,,,,0,0,,,,,,,,,,,,,,,,,,
19th May 2024 04:00,,,,,,,,,,,,,0,1,,,,,,,,,,,,,,,,,,
19th May 2024 05:00,,,,,,,,,,,,,3,1,,,,,,,,,,,,,,,,,,
19th May 2024 06:00,,,,,,,,,,,,,7,2,,,,,,,,,,,,,,,,,,
19th May 2024 07:00,,,,,,,,,,,,,27,3,,,,,,,,,,,,,,,,,,
19th May 2024 08:00,,,,,,,,,,,,,41,11,,,,,,,,,,,,,,,,,,
19th May 2024 09:00,,,,,,,,,,,,,38,4,,,,,,,,,,,,,,,,,,
19th May 2024 10:00,,,,,,,,,,,,,43,2,,,,,,,,,,,,,,,,,,
19th May 2024 11:00,,,,,,,,,,,,,78,11,,,,,,,,,,,,,,,,,,
19th May 2024 12:00,,,,,,,,,,,,,109,4,,,,,,,,,,,,,,,,,,
19th May 2024 13:00,,,,,,,,,,,,,80,13,,,,,,,,,,,,,,,,,,
19th May 2024 14:00,,,,,,,,,,,,,58,4,,,,,,,,,,,,,,,,,,
19th May 2024 15:00,,,,,,,,,,,,,44,5,,,,,,,,,,,,,,,,,,
19th May 2024 16:00,,,,,,,,,,,,,45,15,,,,,,,,,,,,,,,,,,
19th May 2024 17:00,,,,,,,,,,,,,84,13,,,,,,,,,,,,,,,,,,
19th May 2024 18:00,,,,,,,,,,,,,146,14,,,,,,,,,,,,,,,,,,
19th May 2024 19:00,,,,,,,,,,,,,106,14,,,,,,,,,,,,,,,,,,
19th May 2024 20:00,,,,,,,,,,,,,52,8,,,,,,,,,,,,,,,,,,
19th May 2024 21:00,,,,,,,,,,,,,18,3,,,,,,,,,,,,,,,,,,
19th May 2024 22:00,,,,,,,,,,,,,6,0,,,,,,,,,,,,,,,,,,
19th May 2024 23:00,,,,,,,,,,,,,3,1,,,,,,,,,,,,,,,,,,
20th May 2024 00:00,,,,,,,,,,,,,1,0,,,,,,,,,,,,,,,,,,
20th May 2024 01:00,,,,,,,,,,,,,0,0,,,,,,,,,,,,,,,,,,
20th May 2024 02:00,,,,,,,,,,,,,0,0,,,,,,,,,,,,,,,,,,
20th May 2024 03:00,,,,,,,,,,,,,1,0,,,,,,,,,,,,,,,,,,
20th May 2024 04:00,,,,,,,,,,,,,6,0,,,,,,,,,,,,,,,,,,
20th May 2024 05:00,,,,,,,,,,,,,10,4,,,,,,,,,,,,,,,,,,
20th May 2024 06:00,,,,,,,,,,,,,45,3,,,,,,,,,,,,,,,,,,
20th May 2024 07:00,,,,,,,,,,,,,68,14,,,,,,,,,,,,,,,,,,
20th May 2024 08:00,,,,,,,,,,,,,113,31,,,,,,,,,,,,,,,,,,
20th May 2024 09:00,,,,,,,,,,,,,,69,,,,,,,,,,,,,,,,,,
20th May 2024 10:00,,,,,,,,,,,,,,,,,,,50,96,,,,,,,,,,,,
20th May 2024 11:00,,,,,,,,,,,,,,,,,,,68,154,,,,,,,,,,,,
20th May 2024 12:00,,,,,,,,,,,,,,,,,,,54,167,,,,,,,,,,,,
20th May 2024 13:00,,,,,,,,,,,,,,,,,,,63,114,,,,,,,,,,,,
20th May 2024 14:00,,,,,,,,,,,,,,,,,,,72,145,,,,,,,,,,,,
20th May 2024 15:00,,,,,,,,,,,,,,,,,,,88,145,,,,,,,,,,,,
20th May 2024 16:00,,,,,,,,,,,,,,,,,,,95,161,,,,,,,,,,,,
20th May 2024 17:00,,,,,,,,,,,,,,,,,,,88,156,,,,,,,,,,,,
20th May 2024 18:00,,,,,,,,,,,,,,,,,,,56,127,,,,,,,,,,,,
20th May 2024 19:00,,,,,,,,,,,,,,,,,,,28,136,,,,,,,,,,,,
20th May 2024 20:00,,,,,,,,,,,,,,,,,,,14,79,,,,,,,,,,,,
20th May 2024 21:00,,,,,,,,,,,,,,,,,,,23,47,,,,,,,,,,,,
20th May 2024 22:00,,,,,,,,,,,,,,,,,,,7,4,,,,,,,,,,,,
20th May 2024 23:00,,,,,,,,,,,,,,,,,,,3,4,,,,,,,,,,,,
21st May 2024 00:00,,,,,,,,,,,,,,,,,,,4,0,,,,,,,,,,,,
21st May 2024 01:00,,,,,,,,,,,,,,,,,,,0,0,,,,,,,,,,,,
21st May 2024 02:00,,,,,,,,,,,,,,,,,,,3,1,,,,,,,,,,,,
21st May 2024 03:00,,,,,,,,,,,,,,,,,,,0,1,,,,,,,,,,,,
21st May 2024 04:00,,,,,,,,,,,,,,,,,,,11,1,,,,,,,,,,,,
21st May 2024 05:00,,,,,,,,,,,,,,,,,,,19,8,,,,,,,,,,,,
21st May 2024 06:00,,,,,,,,,,,,,,,,,,,19,3,,,,,,,,,,,,
21st May 2024 07:00,,,,,,,,,,,,,,,,,,,37,28,,,,,,,,,,,,
21st May 2024 08:00,,,,,,,,,,,,,,,,,,,69,88,,,,,,,,,,,,
21st May 2024 09:00,,,,,,,,,,,,,,,,,,,94,115,,,,,,,,,,,,
21st May 2024 10:00,,,,,,,,,,,,,,,,,,,74,129,,,,,,,,,,,,
21st May 2024 11:00,,,,,,,,,,,,,,,,,,,52,180,,,,,,,,,,,,
21st May 2024 12:00,,,,,,,,,,,,,,,,,,,49,187,,,,,,,,,,,,
21st May 2024 13:00,,,,,,,,,,,,,,,,,,,59,152,,,,,,,,,,,,
21st May 2024 14:00,,,,,,,,,,,,,,,,,,,70,137,,,,,,,,,,,,
21st May 2024 15:00,,,,,,,,,,,,,,,,,,,74,145,,,,,,,,,,,,
21st May 2024 16:00,,,,,,,,,,,,,,,,,,,106,165,,,,,,,,,,,,
21st May 2024 17:00,,,,,,,,,,,,,,,,,,,66,157,,,,,,,,,,,,
21st May 2024 18:00,,,,,,,,,,,,,,,,,,,45,165,,,,,,,,,,,,
21st May 2024 19:00,,,,,,,,,,,,,,,,,,,23,107,,,,,,,,,,,,
21st May 2024 20:00,,,,,,,,,,,,,,,,,,,18,69,,,,,,,,,,,,
21st May 2024 21:00,,,,,,,,,,,,,,,,,,,21,37,,,,,,,,,,,,
21st May 2024 22:00,,,,,,,,,,,,,,,,,,,15,1,,,,,,,,,,,,
21st May 2024 23:00,,,,,,,,,,,,,,,,,,,78,5,,,,,,,,,,,,
22nd May 2024 00:00,,,,,,,,,,,,,,,,,,,41,1,,,,,,,,,,,,
22nd May 2024 01:00,,,,,,,,,,,,,,,,,,,23,1,,,,,,,,,,,,
22nd May 2024 02:00,,,,,,,,,,,,,,,,,,,24,1,,,,,,,,,,,,
22nd May 2024 03:00,,,,,,,,,,,,,,,,,,,7,0,,,,,,,,,,,,
22nd May 2024 04:00,,,,,,,,,,,,,,,,,,,18,1,,,,,,,,,,,,
22nd May 2024 05:00,,,,,,,,,,,,,,,,,,,109,7,,,,,,,,,,,,
22nd May 2024 06:00,,,,,,,,,,,,,,,,,,,168,14,,,,,,,,,,,,
22nd May 2024 07:00,,,,,,,,,,,,,,,,,,,43,50,,,,,,,,,,,,
22nd May 2024 08:00,,,,,,,,,,,,,,,,,,,64,83,,,,,,,,,,,,
22nd May 2024 09:00,,,,,,,,,,,,,,,,,,,55,161,,,,,,,,,,,,
22nd May 2024 10:00,,,,,,,,,,,,,,,,,,,58,151,,,,,,,,,,,,
22nd May 2024 11:00,,,,,,,,,,,,,,,,,,,61,183,,,,,,,,,,,,
22nd May 2024 12:00,,,,,,,,,,,,,,,,,,,60,175,,,,,,,,,,,,
22nd May 2024 13:00,,,,,,,,,,,,,,,,,,,70,177,,,,,,,,,,,,
22nd May 2024 14:00,,,,,,,,,,,,,,,,,,,54,173,,,,,,,,,,,,
22nd May 2024 15:00,,,,,,,,,,,,,,,,,,,82,193,,,,,,,,,,,,
22nd May 2024 16:00,,,,,,,,,,,,,,,,,,,76,143,,,,,,,,,,,,
22nd May 2024 17:00,,,,,,,,,,,,,,,,,,,86,191,,,,,,,,,,,,
22nd May 2024 18:00,,,,,,,,,,,,,,,,,,,64,160,,,,,,,,,,,,
22nd May 2024 19:00,,,,,,,,,,,,,,,,,,,36,115,,,,,,,,,,,,
22nd May 2024 20:00,,,,,,,,,,,,,,,,,,,21,100,,,,,,,,,,,,
22nd May 2024 21:00,,,,,,,,,,,,,,,,,,,14,43,,,,,,,,,,,,
22nd May 2024 22:00,,,,,,,,,,,,,,,,,,,12,19,,,,,,,,,,,,
22nd May 2024 23:00,,,,,,,,,,,,,,,,,,,6,4,,,,,,,,,,,,
23rd May 2024 00:00,,,,,,,,,,,,,,,,,,,1,3,,,,,,,,,,,,
23rd May 2024 01:00,,,,,,,,,,,,,,,,,,,0,0,,,,,,,,,,,,
23rd May 2024 02:00,,,,,,,,,,,,,,,,,,,1,0,,,,,,,,,,,,
23rd May 2024 03:00,,,,,,,,,,,,,,,,,,,1,0,,,,,,,,,,,,
23rd May 2024 04:00,,,,,,,,,,,,,,,,,,,8,1,,,,,,,,,,,,
23rd May 2024 05:00,,,,,,,,,,,,,,,,,,,26,8,,,,,,,,,,,,
23rd May 2024 06:00,,,,,,,,,,,,,,,,,,,25,12,,,,,,,,,,,,
23rd May 2024 07:00,,,,,,,,,,,,,,,,,,,29,43,,,,,,,,,,,,
23rd May 2024 08:00,,,,,,,,,,,,,,,,,,,59,113,,,,,,,,,,,,
23rd May 2024 09:00,,,,,,,,,,,,,,,,,,,63,163,,,,,,,,,,,,
23rd May 2024 10:00,,,,,,,,,,,,,,,,,,,56,196,,,,,,,,,,,,
23rd May 2024 11:00,,,,,,,,,,,,,,,,,,,65,182,,,,,,,,,,,,
23rd May 2024 12:00,,,,,,,,,,,,,,,,,,,52,168,,,,,,,,,,,,
23rd May 2024 13:00,,,,,,,,,,,,,,,,,,,63,223,,,,,,,,,,,,
23rd May 2024 14:00,,,,,,,,,,,,,,,,,,,63,163,,,,,,,,,,,,
23rd May 2024 15:00,,,,,,,,,,,,,,,,,,,85,211,,,,,,,,,,,,
23rd May 2024 16:00,,,,,,,,,,,,,,,,,,,89,213,,,,,,,,,,,,
23rd May 2024 17:00,,,,,,,,,,,,,,,,,,,80,208,,,,,,,,,,,,
23rd May 2024 18:00,,,,,,,,,,,,,,,,,,,67,163,,,,,,,,,,,,
23rd May 2024 19:00,,,,,,,,,,,,,,,,,,,35,87,,,,,,,,,,,,
23rd May 2024 20:00,,,,,,,,,,,,,,,,,,,61,65,,,,,,,,,,,,
23rd May 2024 21:00,,,,,,,,,,,,,,,,,,,17,46,,,,,,,,,,,,
23rd May 2024 22:00,,,,,,,,,,,,,,,,,,,24,11,,,,,,,,,,,,
23rd May 2024 23:00,,,,,,,,,,,,,,,,,,,8,5,,,,,,,,,,,,
24th May 2024 00:00,,,,,,,,,,,,,,,,,,,65,1,,,,,,,,,,,,
24th May 2024 01:00,,,,,,,,,,,,,,,,,,,0,1,,,,,,,,,,,,
24th May 2024 02:00,,,,,,,,,,,,,,,,,,,2,0,,,,,,,,,,,,
24th May 2024 03:00,,,,,,,,,,,,,,,,,,,2,0,,,,,,,,,,,,
24th May 2024 04:00,,,,,,,,,,,,,,,,,,,9,1,,,,,,,,,,,,
24th May 2024 05:00,,,,,,,,,,,,,,,,,,,25,6,,,,,,,,,,,,
24th May 2024 06:00,,,,,,,,,,,,,,,,,,,30,11,,,,,,,,,,,,
24th May 2024 07:00,,,,,,,,,,,,,,,,,,,36,40,,,,,,,,,,,,
24th May 2024 08:00,,,,,,,,,,,,,,,,,,,228,84,,,,,,,,,,,,
24th May 2024 09:00,,,,,,,,,,,,,,,,,,,104,147,,,,,,,,,,,,
24th May 2024 10:00,,,,,,,,,,,,,,,,,,,126,137,,,,,,,,,,,,
24th May 2024 11:00,,,,,,,,,,,,,,,,,,,57,149,,,,,,,,,,,,
24th May 2024 12:00,,,,,,,,,,,,,,,,,,,64,199,,,,,,,,,,,,
24th May 2024 13:00,,,,,,,,,,,,,,,,,,,54,157,,,,,,,,,,,,
24th May 2024 14:00,,,,,,,,,,,,,,,,,,,79,138,,,,,,,,,,,,
24th May 2024 15:00,,,,,,,,,,,,,,,,,,,53,159,,,,,,,,,,,,
24th May 2024 16:00,,,,,,,,,,,,,,,,,,,75,145,,,,,,,,,,,,
24th May 2024 17:00,,,,,,,,,,,,,,,,,,,62,209,,,,,,,,,,,,
24th May 2024 18:00,,,,,,,,,,,,,,,,,,,57,148,,,,,,,,,,,,
24th May 2024 19:00,,,,,,,,,,,,,,,,,,,52,113,,,,,,,,,,,,
24th May 2024 20:00,,,,,,,,,,,,,,,,,,,21,76,,,,,,,,,,,,
24th May 2024 21:00,,,,,,,,,,,,,,,,,,,22,59,,,,,,,,,,,,
24th May 2024 22:00,,,,,,,,,,,,,,,,,,,7,8,,,,,,,,,,,,
24th May 2024 23:00,,,,,,,,,,,,,,,,,,,10,6,,,,,,,,,,,,
25th May 2024 00:00,,,,,,,,,,,,,,,,,,,6,2,,,,,,,,,,,,
25th May 2024 01:00,,,,,,,,,,,,,,,,,,,3,4,,,,,,,,,,,,
25th May 2024 02:00,,,,,,,,,,,,,,,,,,,2,1,,,,,,,,,,,,
25th May 2024 03:00,,,,,,,,,,,,,,,,,,,0,0,,,,,,,,,,,,
25th May 2024 04:00,,,,,,,,,,,,,,,,,,,6,1,,,,,,,,,,,,
25th May 2024 05:00,,,,,,,,,,,,,,,,,,,13,7,,,,,,,,,,,,
25th May 2024 06:00,,,,,,,,,,,,,,,,,,,19,12,,,,,,,,,,,,
25th May 2024 07:00,,,,,,,,,,,,,,,,,,,23,20,,,,,,,,,,,,
25th May 2024 08:00,,,,,,,,,,,,,,,,,,,32,65,,,,,,,,,,,,
25th May 2024 09:00,,,,,,,,,,,,,,,,,,,46,148,,,,,,,,,,,,
25th May 2024 10:00,,,,,,,,,,,,,,,,,,,82,150,,,,,,,,,,,,
25th May 2024 11:00,,,,,,,,,,,,,,,,,,,51,186,,,,,,,,,,,,
25th May 2024 12:00,,,,,,,,,,,,,,,,,,,78,159,,,,,,,,,,,,
25th May 2024 13:00,,,,,,,,,,,,,,,,,,,59,140,,,,,,,,,,,,
25th May 2024 14:00,,,,,,,,,,,,,,,,,,,51,140,,,,,,,,,,,,
25th May 2024 15:00,,,,,,,,,,,,,,,,,,,36,172,,,,,,,,,,,,
25th May 2024 16:00,,,,,,,,,,,,,,,,,,,82,155,,,,,,,,,,,,
25th May 2024 17:00,,,,,,,,,,,,,,,,,,,65,154,,,,,,,,,,,,
25th May 2024 18:00,,,,,,,,,,,,,,,,,,,42,177,,,,,,,,,,,,
25th May 2024 19:00,,,,,,,,,,,,,,,,,,,21,129,,,,,,,,,,,,
25th May 2024 20:00,,,,,,,,,,,,,,,,,,,15,97,,,,,,,,,,,,
25th May 2024 21:00,,,,,,,,,,,,,,,,,,,18,75,,,,,,,,,,,,
25th May 2024 22:00,,,,,,,,,,,,,,,,,,,8,20,,,,,,,,,,,,
25th May 2024 23:00,,,,,,,,,,,,,,,,,,,7,5,,,,,,,,,,,,
26th May 2024 00:00,,,,,,,,,,,,,,,,,,,10,1,,,,,,,,,,,,
26th May 2024 01:00,,,,,,,,,,,,,,,,,,,4,4,,,,,,,,,,,,
26th May 2024 02:00,,,,,,,,,,,,,,,,,,,2,4,,,,,,,,,,,,
26th May 2024 03:00,,,,,,,,,,,,,,,,,,,2,1,,,,,,,,,,,,
26th May 2024 04:00,,,,,,,,,,,,,,,,,,,5,1,,,,,,,,,,,,
26th May 2024 05:00,,,,,,,,,,,,,,,,,,,9,3,,,,,,,,,,,,
26th May 2024 06:00,,,,,,,,,,,,,,,,,,,16,1,,,,,,,,,,,,
26th May 2024 07:00,,,,,,,,,,,,,,,,,,,18,36,,,,,,,,,,,,
26th May 2024 08:00,,,,,,,,,,,,,,,,,,,32,78,,,,,,,,,,,,
26th May 2024 09:00,,,,,,,,,,,,,,,,,,,61,181,,,,,,,,,,,,
26th May 2024 10:00,,,,,,,,,,,,,,,,,,,51,233,,,,,,,,,,,,
26th May 2024 11:00,,,,,,,,,,,,,,,,,,,58,233,,,,,,,,,,,,
26th May 2024 12:00,,,,,,,,,,,,,,,,,,,58,216,,,,,,,,,,,,
26th May 2024 13:00,,,,,,,,,,,,,,,,,,,54,218,,,,,,,,,,,,
26th May 2024 14:00,,,,,,,,,,,,,,,,,,,76,219,,,,,,,,,,,,
26th May 2024 15:00,,,,,,,,,,,,,,,,,,,59,172,,,,,,,,,,,,
26th May 2024 16:00,,,,,,,,,,,,,,,,,,,66,183,,,,,,,,,,,,
26th May 2024 17:00,,,,,,,,,,,,,,,,,,,44,151,,,,,,,,,,,,
26th May 2024 18:00,,,,,,,,,,,,,,,,,,,33,146,,,,,,,,,,,,
26th May 2024 19:00,,,,,,,,,,,,,,,,,,,47,139,,,,,,,,,,,,
26th May 2024 20:00,,,,,,,,,,,,,,,,,,,24,87,,,,,,,,,,,,
26th May 2024 21:00,,,,,,,,,,,,,,,,,,,25,38,,,,,,,,,,,,
26th May 2024 22:00,,,,,,,,,,,,,,,,,,,10,10,,,,,,,,,,,,
26th May 2024 23:00,,,,,,,,,,,,,,,,,,,6,11,,,,,,,,,,,,
27th May 2024 00:00,,,,,,,,,,,,,,,,,,,1,1,,,,,,,,,,,,
27th May 2024 01:00,,,,,,,,,,,,,,,,,,,1,0,,,,,,,,,,,,
27th May 2024 02:00,,,,,,,,,,,,,,,,,,,2,0,,,,,,,,,,,,
27th May 2024 03:00,,,,,,,,,,,,,,,,,,,1,1,,,,,,,,,,,,
27th May 2024 04:00,,,,,,,,,,,,,,,,,,,11,0,,,,,,,,,,,,
27th May 2024 05:00,,,,,,,,,,,,,,,,,,,19,6,,,,,,,,,,,,
27th May 2024 06:00,,,,,,,,,,,,,,,,,,,19,9,,,,,,,,,,,,
27th May 2024 07:00,,,,,,,,,,,,,,,,,,,37,16,,,,,,,,,,,,
27th May 2024 08:00,,,,,,,,,,,,,,,,,,,71,95,,,,,,,,,,,,
27th May 2024 09:00,,,,,,,,,,,,,,,,,,,,,,,,,,,,,,,,
27th May 2024 10:00,,,,,,,,,,,,,,,,,,,,,,,,,,,,,,,,
27th May 2024 11:00,,,,,,,,,,,,,,,,,,,,,,,,,,,,,,,,
27th May 2024 12:00,,,,,,,,,,,,,,,,,,,,,,,,,,,,,,,,
27th May 2024 13:00,,,,,,,,,,,,,,,,,,,,,,,,,,,,,,,,
27th May 2024 14:00,,,,,,,,,,,,,,,,,,,,,,,,,,,,,,,,
27th May 2024 15:00,,,,,,,,,,,,,,,,,,,,,,,,,,,,,,,,
27th May 2024 16:00,,,,,,,,,,,0,,,,,,,,,,,,,,,,,7,,,,
27th May 2024 17:00,,,,,,,,,,,2,,,,,,,,,,,,,,,,,18,,,,
27th May 2024 18:00,,,,,,,,,,,1,,,,,,,,,,,,,,,,,15,,,,
27th May 2024 19:00,,,,,,,,,,,4,,,,,,,,,,,,,,,,,2418,,,,
27th May 2024 20:00,,,,,,,,,,,0,,,,,,,,,,,,,,,,,2747,,,,
27th May 2024 21:00,,,,,,,,,,,0,,,,,,,,,,,,,,,,,3260,,,,
27th May 2024 22:00,,,,,,,,,,,1,,,,,,,,,,,,,,,,,2192,,,,
27th May 2024 23:00,,,,,,,,,,,1,,,,,,,,,,,,,,,,,1546,,,,
28th May 2024 00:00,,,,,,,,,,,0,,,,,,,,,,,,,,,,,727,,,,
28th May 2024 01:00,,,,,,,,,,,0,,,,,,,,,,,,,,,,,358,,,,
28th May 2024 02:00,,,,,,,,,,,0,,,,,,,,,,,,,,,,,196,,,,
28th May 2024 03:00,,,,,,,,,,,0,,,,,,,,,,,,,,,,,91,,,,
28th May 2024 04:00,,,,,,,,,,,0,,,,,,,,,,,,,,,,,0,,,,
28th May 2024 05:00,,,,,,,,,,,0,,,,,,,,,,,,,,,,,3,,,,
28th May 2024 06:00,,,,,,,,,,,2,,,,,,,,,,,,,,,,,18,,,,
28th May 2024 07:00,,,,,,,,,,,0,,,,,,,,,,,,,,,,,23,,,,
28th May 2024 08:00,,,,,,,,,,,3,,,,,,,,,,,,,,,,,47,,,,
28th May 2024 09:00,,,,,,,,,,,1,,,,,,,,,,,,,,,,,22,,,,
28th May 2024 10:00,,,,,,,,,,,2,,,,,,,,,,,,,,,,,20,,,,
28th May 2024 11:00,,,,,,,,,,,2,,,,,,,,,,,,,,,,,22,,,,
28th May 2024 12:00,,,,,,,,,,,0,,,,,,,,,,,,,,,,,9,,,,
28th May 2024 13:00,,,,,,,,,,,4,,,,,,,,,,,,,,,,,18,,,,
28th May 2024 14:00,,,,,,,,,,,4,,,,,,,,,,,,,,,,,20,,,,
28th May 2024 15:00,,,,,,,,,,,1,,,,,,,,,,,,,,,,,11,,,,
28th May 2024 16:00,,,,,,,,,,,0,,,,,,,,,,,,,,,,,12,,,,
28th May 2024 17:00,,,,,,,,,,,3,,,,,,,,,,,,,,,,,12,,,,
28th May 2024 18:00,,,,,,,,,,,0,,,,,,,,,,,,,,,,,13,,,,
28th May 2024 19:00,,,,,,,,,,,2,,,,,,,,,,,,,,,,,7,,,,
28th May 2024 20:00,,,,,,,,,,,0,,,,,,,,,,,,,,,,,7,,,,
28th May 2024 21:00,,,,,,,,,,,8,,,,,,,,,,,,,,,,,9,,,,
28th May 2024 22:00,,,,,,,,,,,0,,,,,,,,,,,,,,,,,14,,,,
28th May 2024 23:00,,,,,,,,,,,0,,,,,,,,,,,,,,,,,0,,,,
29th May 2024 00:00,,,,,,,,,,,0,,,,,,,,,,,,,,,,,2,,,,
29th May 2024 01:00,,,,,,,,,,,0,,,,,,,,,,,,,,,,,0,,,,
29th May 2024 02:00,,,,,,,,,,,0,,,,,,,,,,,,,,,,,1,,,,
29th May 2024 03:00,,,,,,,,,,,0,,,,,,,,,,,,,,,,,0,,,,
29th May 2024 04:00,,,,,,,,,,,0,,,,,,,,,,,,,,,,,2,,,,
29th May 2024 05:00,,,,,,,,,,,0,,,,,,,,,,,,,,,,,0,,,,
29th May 2024 06:00,,,,,,,,,,,4,,,,,,,,,,,,,,,,,12,,,,
29th May 2024 07:00,,,,,,,,,,,3,,,,,,,,,,,,,,,,,23,,,,
29th May 2024 08:00,,,,,,,,,,,6,,,,,,,,,,,,,,,,,26,,,,
29th May 2024 09:00,,,,,,,,,,,4,,,,,,,,,,,,,,,,,32,,,,
29th May 2024 10:00,,,,,,,,,,,0,,,,,,,,,,,,,,,,,22,,,,
29th May 2024 11:00,,,,,,,,,,,2,,,,,,,,,,,,,,,,,36,,,,
29th May 2024 12:00,,,,,,,,,,,1,,,,,,,,,,,,,,,,,27,,,,
29th May 2024 13:00,,,,,,,,,,,0,,,,,,,,,,,,,,,,,10,,,,
29th May 2024 14:00,,,,,,,,,,,2,,,,,,,,,,,,,,,,,18,,,,
29th May 2024 15:00,,,,,,,,,,,2,,,,,,,,,,,,,,,,,13,,,,
29th May 2024 16:00,,,,,,,,,,,2,,,,,,,,,,,,,,,,,8,,,,
29th May 2024 17:00,,,,,,,,,,,2,,,,,,,,,,,,,,,,,16,,,,
29th May 2024 18:00,,,,,,,,,,,1,,,,,,,,,,,,,,,,,13,,,,
29th May 2024 19:00,,,,,,,,,,,0,,,,,,,,,,,,,,,,,8,,,,
29th May 2024 20:00,,,,,,,,,,,1,,,,,,,,,,,,,,,,,8,,,,
29th May 2024 21:00,,,,,,,,,,,2,,,,,,,,,,,,,,,,,13,,,,
29th May 2024 22:00,,,,,,,,,,,0,,,,,,,,,,,,,,,,,6,,,,
29th May 2024 23:00,,,,,,,,,,,0,,,,,,,,,,,,,,,,,3,,,,
30th May 2024 00:00,,,,,,,,,,,0,,,,,,,,,,,,,,,,,1,,,,
30th May 2024 01:00,,,,,,,,,,,0,,,,,,,,,,,,,,,,,2,,,,
30th May 2024 02:00,,,,,,,,,,,0,,,,,,,,,,,,,,,,,0,,,,
30th May 2024 03:00,,,,,,,,,,,0,,,,,,,,,,,,,,,,,2,,,,
30th May 2024 04:00,,,,,,,,,,,0,,,,,,,,,,,,,,,,,0,,,,
30th May 2024 05:00,,,,,,,,,,,0,,,,,,,,,,,,,,,,,5,,,,
30th May 2024 06:00,,,,,,,,,,,1,,,,,,,,,,,,,,,,,5,,,,
30th May 2024 07:00,,,,,,,,,,,0,,,,,,,,,,,,,,,,,15,,,,
30th May 2024 08:00,,,,,,,,,,,1,,,,,,,,,,,,,,,,,21,,,,
30th May 2024 09:00,,,,,,,,,,,1,,,,,,,,,,,,,,,,,28,,,,
30th May 2024 10:00,,,,,,,,,,,1,,,,,,,,,,,,,,,,,10,,,,
30th May 2024 11:00,,,,,,,,,,,1,,,,,,,,,,,,,,,,,15,,,,
30th May 2024 12:00,,,,,,,,,,,0,,,,,,,,,,,,,,,,,7,,,,
30th May 2024 13:00,,,,,,,,,,,3,,,,,,,,,,,,,,,,,39,,,,
30th May 2024 14:00,,,,,,,,,,,3,,,,,,,,,,,,,,,,,15,,,,
30th May 2024 15:00,,,,,,,,,,,13,,,,,,,,,,,,,,,,,12,,,,
30th May 2024 16:00,,,,,,,,,,,1,,,,,,,,,,,,,,,,,11,,,,
30th May 2024 17:00,,,,,,,,,,,1,,,,,,,,,,,,,,,,,15,,,,
30th May 2024 18:00,,,,,,,,,,,2,,,,,,,,,,,,,,,,,12,,,,
30th May 2024 19:00,,,,,,,,,,,4,,,,,,,,,,,,,,,,,8,,,,
30th May 2024 20:00,,,,,,,,,,,1,,,,,,,,,,,,,,,,,10,,,,
30th May 2024 21:00,,,,,,,,,,,1,,,,,,,,,,,,,,,,,15,,,,
30th May 2024 22:00,,,,,,,,,,,2,,,,,,,,,,,,,,,,,8,,,,
30th May 2024 23:00,,,,,,,,,,,0,,,,,,,,,,,,,,,,,1,,,,
31st May 2024 00:00,,,,,,,,,,,0,,,,,,,,,,,,,,,,,2,,,,
31st May 2024 01:00,,,,,,,,,,,0,,,,,,,,,,,,,,,,,1,,,,
31st May 2024 02:00,,,,,,,,,,,0,,,,,,,,,,,,,,,,,2,,,,
31st May 2024 03:00,,,,,,,,,,,0,,,,,,,,,,,,,,,,,0,,,,
31st May 2024 04:00,,,,,,,,,,,0,,,,,,,,,,,,,,,,,4,,,,
31st May 2024 05:00,,,,,,,,,,,0,,,,,,,,,,,,,,,,,0,,,,
31st May 2024 06:00,,,,,,,,,,,2,,,,,,,,,,,,,,,,,10,,,,
31st May 2024 07:00,,,,,,,,,,,1,,,,,,,,,,,,,,,,,24,,,,
31st May 2024 08:00,,,,,,,,,,,1,,,,,,,,,,,,,,,,,24,,,,
31st May 2024 09:00,,,,,,,,,,,1,,,,,,,,,,,,,,,,,21,,,,
31st May 2024 10:00,,,,,,,,,,,1,,,,,,,,,,,,,,,,,25,,,,
31st May 2024 11:00,,,,,,,,,,,3,,,,,,,,,,,,,,,,,32,,,,
31st May 2024 12:00,,,,,,,,,,,0,,,,,,,,,,,,,,,,,23,,,,
31st May 2024 13:00,,,,,,,,,,,3,,,,,,,,,,,,,,,,,11,,,,
31st May 2024 14:00,,,,,,,,,,,0,,,,,,,,,,,,,,,,,18,,,,
31st May 2024 15:00,,,,,,,,,,,6,,,,,,,,,,,,,,,,,11,,,,
31st May 2024 16:00,,,,,,,,,,,0,,,,,,,,,,,,,,,,,26,,,,
31st May 2024 17:00,,,,,,,,,,,1,,,,,,,,,,,,,,,,,16,,,,
31st May 2024 18:00,,,,,,,,,,,3,,,,,,,,,,,,,,,,,6,,,,
31st May 2024 19:00,,,,,,,,,,,1,,,,,,,,,,,,,,,,,8,,,,
31st May 2024 20:00,,,,,,,,,,,2,,,,,,,,,,,,,,,,,6,,,,
31st May 2024 21:00,,,,,,,,,,,0,,,,,,,,,,,,,,,,,13,,,,
31st May 2024 22:00,,,,,,,,,,,1,,,,,,,,,,,,,,,,,6,,,,
31st May 2024 23:00,,,,,,,,,,,0,,,,,,,,,,,,,,,,,0,,,,
1st Jun 2024 00:00,,,,,,,,,,,0,,,,,,,,,,,,,,,,,3,,,,
1st Jun 2024 01:00,,,,,,,,,,,0,,,,,,,,,,,,,,,,,1,,,,
1st Jun 2024 02:00,,,,,,,,,,,0,,,,,,,,,,,,,,,,,1,,,,
1st Jun 2024 03:00,,,,,,,,,,,0,,,,,,,,,,,,,,,,,0,,,,
1st Jun 2024 04:00,,,,,,,,,,,0,,,,,,,,,,,,,,,,,0,,,,
1st Jun 2024 05:00,,,,,,,,,,,0,,,,,,,,,,,,,,,,,3,,,,
1st Jun 2024 06:00,,,,,,,,,,,0,,,,,,,,,,,,,,,,,3,,,,
1st Jun 2024 07:00,,,,,,,,,,,0,,,,,,,,,,,,,,,,,11,,,,
1st Jun 2024 08:00,,,,,,,,,,,1,,,,,,,,,,,,,,,,,13,,,,
1st Jun 2024 09:00,,,,,,,,,,,2,,,,,,,,,,,,,,,,,13,,,,
1st Jun 2024 10:00,,,,,,,,,,,2,,,,,,,,,,,,,,,,,9,,,,
1st Jun 2024 11:00,,,,,,,,,,,2,,,,,,,,,,,,,,,,,7,,,,
1st Jun 2024 12:00,,,,,,,,,,,0,,,,,,,,,,,,,,,,,12,,,,
1st Jun 2024 13:00,,,,,,,,,,,0,,,,,,,,,,,,,,,,,30,,,,
1st Jun 2024 14:00,,,,,,,,,,,1,,,,,,,,,,,,,,,,,10,,,,
1st Jun 2024 15:00,,,,,,,,,,,0,,,,,,,,,,,,,,,,,15,,,,
1st Jun 2024 16:00,,,,,,,,,,,0,,,,,,,,,,,,,,,,,31,,,,
1st Jun 2024 17:00,,,,,,,,,,,0,,,,,,,,,,,,,,,,,5,,,,
1st Jun 2024 18:00,,,,,,,,,,,0,,,,,,,,,,,,,,,,,3,,,,
1st Jun 2024 19:00,,,,,,,,,,,0,,,,,,,,,,,,,,,,,1,,,,
1st Jun 2024 20:00,,,,,,,,,,,0,,,,,,,,,,,,,,,,,4,,,,
1st Jun 2024 21:00,,,,,,,,,,,0,,,,,,,,,,,,,,,,,3,,,,
1st Jun 2024 22:00,,,,,,,,,,,0,,,,,,,,,,,,,,,,,3,,,,
1st Jun 2024 23:00,,,,,,,,,,,0,,,,,,,,,,,,,,,,,0,,,,
2nd Jun 2024 00:00,,,,,,,,,,,0,,,,,,,,,,,,,,,,,0,,,,
2nd Jun 2024 01:00,,,,,,,,,,,0,,,,,,,,,,,,,,,,,3,,,,
2nd Jun 2024 02:00,,,,,,,,,,,0,,,,,,,,,,,,,,,,,0,,,,
2nd Jun 2024 03:00,,,,,,,,,,,0,,,,,,,,,,,,,,,,,0,,,,
2nd Jun 2024 04:00,,,,,,,,,,,0,,,,,,,,,,,,,,,,,1,,,,
2nd Jun 2024 05:00,,,,,,,,,,,0,,,,,,,,,,,,,,,,,1,,,,
2nd Jun 2024 06:00,,,,,,,,,,,1,,,,,,,,,,,,,,,,,3,,,,
2nd Jun 2024 07:00,,,,,,,,,,,0,,,,,,,,,,,,,,,,,4,,,,
2nd Jun 2024 08:00,,,,,,,,,,,5,,,,,,,,,,,,,,,,,8,,,,
2nd Jun 2024 09:00,,,,,,,,,,,2,,,,,,,,,,,,,,,,,22,,,,
2nd Jun 2024 10:00,,,,,,,,,,,3,,,,,,,,,,,,,,,,,9,,,,
2nd Jun 2024 11:00,,,,,,,,,,,1,,,,,,,,,,,,,,,,,6,,,,
2nd Jun 2024 12:00,,,,,,,,,,,1,,,,,,,,,,,,,,,,,12,,,,
2nd Jun 2024 13:00,,,,,,,,,,,0,,,,,,,,,,,,,,,,,22,,,,
2nd Jun 2024 14:00,,,,,,,,,,,2,,,,,,,,,,,,,,,,,12,,,,
2nd Jun 2024 15:00,,,,,,,,,,,2,,,,,,,,,,,,,,,,,38,,,,
2nd Jun 2024 16:00,,,,,,,,,,,3,,,,,,,,,,,,,,,,,14,,,,
2nd Jun 2024 17:00,,,,,,,,,,,2,,,,,,,,,,,,,,,,,38,,,,
2nd Jun 2024 18:00,,,,,,,,,,,0,,,,,,,,,,,,,,,,,24,,,,
2nd Jun 2024 19:00,,,,,,,,,,,1,,,,,,,,,,,,,,,,,11,,,,
2nd Jun 2024 20:00,,,,,,,,,,,0,,,,,,,,,,,,,,,,,8,,,,
2nd Jun 2024 21:00,,,,,,,,,,,0,,,,,,,,,,,,,,,,,14,,,,
2nd Jun 2024 22:00,,,,,,,,,,,0,,,,,,,,,,,,,,,,,6,,,,
2nd Jun 2024 23:00,,,,,,,,,,,0,,,,,,,,,,,,,,,,,3,,,,
3rd Jun 2024 00:00,,,,,,,,,,,0,,,,,,,,,,,,,,,,,4,,,,
3rd Jun 2024 01:00,,,,,,,,,,,0,,,,,,,,,,,,,,,,,2,,,,
3rd Jun 2024 02:00,,,,,,,,,,,0,,,,,,,,,,,,,,,,,0,,,,
3rd Jun 2024 03:00,,,,,,,,,,,0,,,,,,,,,,,,,,,,,3,,,,
3rd Jun 2024 04:00,,,,,,,,,,,0,,,,,,,,,,,,,,,,,5,,,,
3rd Jun 2024 05:00,,,,,,,,,,,0,,,,,,,,,,,,,,,,,5,,,,
3rd Jun 2024 06:00,,,,,,,,,,,2,,,,,,,,,,,,,,,,,13,,,,
3rd Jun 2024 07:00,,,,,,,,,,,1,,,,,,,,,,,,,,,,,29,,,,
3rd Jun 2024 08:00,,,,,,,,,,,3,,,,,,,,,,,,,,,,,25,,,,
3rd Jun 2024 09:00,,,,,,,,,,,4,,,,,,,,,,,,,,,,,23,,,,
3rd Jun 2024 10:00,,,,,,,,,,,1,,,,,,,,,,,,,,,,,24,,,,
3rd Jun 2024 11:00,,,,,,,,,,,0,,,,,,,,,,,,,,,,,56,,,,
3rd Jun 2024 12:00,,,,,,,,,,,0,,,,,,,,,,,,,,,,,16,,,,
3rd Jun 2024 13:00,,,,,,,,,,,0,,,,,,,,,,,,,,,,,21,,,,
3rd Jun 2024 14:00,,,,,,,,,,,0,,,,,,,,,,,,,,,,,18,,,,
3rd Jun 2024 15:00,,,,,,,,,,,4,,,,,,,,,,,,,,,,,17,,,,
3rd Jun 2024 16:00,,,,,,,,,,,0,,,,,,,,,,,,,,,,,25,,,,
3rd Jun 2024 17:00,,,,,,,,,,,6,,,,,,,,,,,,,,,,,11,,,,
3rd Jun 2024 18:00,,,,,,,,,,,1,,,,,,,,,,,,,,,,,25,,,,
3rd Jun 2024 19:00,,,,,,,,,,,2,,,,,,,,,,,,,,,,,13,,,,
3rd Jun 2024 20:00,,,,,,,,,,,0,,,,,,,,,,,,,,,,,16,,,,
3rd Jun 2024 21:00,,,,,,,,,,,0,,,,,,,,,,,,,,,,,23,,,,
3rd Jun 2024 22:00,,,,,,,,,,,0,,,,,,,,,,,,,,,,,16,,,,
3rd Jun 2024 23:00,,,,,,,,,,,0,,,,,,,,,,,,,,,,,8,,,,
4th Jun 2024 00:00,,,,,,,,,,,0,,,,,,,,,,,,,,,,,0,,,,
4th Jun 2024 01:00,,,,,,,,,,,0,,,,,,,,,,,,,,,,,7,,,,
4th Jun 2024 02:00,,,,,,,,,,,0,,,,,,,,,,,,,,,,,0,,,,
4th Jun 2024 03:00,,,,,,,,,,,0,,,,,,,,,,,,,,,,,2,,,,
4th Jun 2024 04:00,,,,,,,,,,,0,,,,,,,,,,,,,,,,,1,,,,
4th Jun 2024 05:00,,,,,,,,,,,0,,,,,,,,,,,,,,,,,19,,,,
4th Jun 2024 06:00,,,,,,,,,,,1,,,,,,,,,,,,,,,,,41,,,,
4th Jun 2024 07:00,,,,,,,,,,,0,,,,,,,,,,,,,,,,,32,,,,
4th Jun 2024 08:00,,,,,,,,,,,20,,,,,,,,,,,,,,,,,31,,,,
4th Jun 2024 09:00,,,,,,,,,,,,,,,,,,,,,,,,,,,,,,,,
4th Jun 2024 10:00,,,,,,,,,,,,,,,,,,,,,,,,,,,,,,,,
4th Jun 2024 11:00,,,400,257,,,,,,,,,,,,,,,,,,,,,,,,,,,,
4th Jun 2024 12:00,,,529,326,,,,,,,,,,,,,,,,,,,,,,,,,,,,
4th Jun 2024 13:00,,,503,296,,,,,,,,,,,,,,,,,,,,,,,,,,,,
4th Jun 2024 14:00,,,484,290,,,,,,,,,,,,,,,,,,,,,,,,,,,,
4th Jun 2024 15:00,,,526,328,,,,,,,,,,,,,,,,,,,,,,,,,,,,
4th Jun 2024 16:00,,,631,286,,,,,,,,,,,,,,,,,,,,,,,,,,,,
4th Jun 2024 17:00,,,460,243,,,,,,,,,,,,,,,,,,,,,,,,,,,,
4th Jun 2024 18:00,,,379,191,,,,,,,,,,,,,,,,,,,,,,,,,,,,
4th Jun 2024 19:00,,,335,214,,,,,,,,,,,,,,,,,,,,,,,,,,,,
4th Jun 2024 20:00,,,246,180,,,,,,,,,,,,,,,,,,,,,,,,,,,,
4th Jun 2024 21:00,,,183,188,,,,,,,,,,,,,,,,,,,,,,,,,,,,
4th Jun 2024 22:00,,,171,121,,,,,,,,,,,,,,,,,,,,,,,,,,,,
4th Jun 2024 23:00,,,83,74,,,,,,,,,,,,,,,,,,,,,,,,,,,,
5th Jun 2024 00:00,,,41,33,,,,,,,,,,,,,,,,,,,,,,,,,,,,
5th Jun 2024 01:00,,,23,17,,,,,,,,,,,,,,,,,,,,,,,,,,,,
5th Jun 2024 02:00,,,8,3,,,,,,,,,,,,,,,,,,,,,,,,,,,,
5th Jun 2024 03:00,,,15,4,,,,,,,,,,,,,,,,,,,,,,,,,,,,
5th Jun 2024 04:00,,,27,6,,,,,,,,,,,,,,,,,,,,,,,,,,,,
5th Jun 2024 05:00,,,40,24,,,,,,,,,,,,,,,,,,,,,,,,,,,,
5th Jun 2024 06:00,,,61,25,,,,,,,,,,,,,,,,,,,,,,,,,,,,
5th Jun 2024 07:00,,,92,51,,,,,,,,,,,,,,,,,,,,,,,,,,,,
5th Jun 2024 08:00,,,236,137,,,,,,,,,,,,,,,,,,,,,,,,,,,,
5th Jun 2024 09:00,,,274,165,,,,,,,,,,,,,,,,,,,,,,,,,,,,
5th Jun 2024 10:00,,,312,173,,,,,,,,,,,,,,,,,,,,,,,,,,,,
5th Jun 2024 11:00,,,390,194,,,,,,,,,,,,,,,,,,,,,,,,,,,,
5th Jun 2024 12:00,,,439,372,,,,,,,,,,,,,,,,,,,,,,,,,,,,
5th Jun 2024 13:00,,,416,261,,,,,,,,,,,,,,,,,,,,,,,,,,,,
5th Jun 2024 14:00,,,483,272,,,,,,,,,,,,,,,,,,,,,,,,,,,,
5th Jun 2024 15:00,,,645,296,,,,,,,,,,,,,,,,,,,,,,,,,,,,
5th Jun 2024 16:00,,,515,254,,,,,,,,,,,,,,,,,,,,,,,,,,,,
5th Jun 2024 17:00,,,408,221,,,,,,,,,,,,,,,,,,,,,,,,,,,,
5th Jun 2024 18:00,,,367,250,,,,,,,,,,,,,,,,,,,,,,,,,,,,
5th Jun 2024 19:00,,,280,229,,,,,,,,,,,,,,,,,,,,,,,,,,,,
5th Jun 2024 20:00,,,217,216,,,,,,,,,,,,,,,,,,,,,,,,,,,,
5th Jun 2024 21:00,,,177,157,,,,,,,,,,,,,,,,,,,,,,,,,,,,
5th Jun 2024 22:00,,,154,115,,,,,,,,,,,,,,,,,,,,,,,,,,,,
5th Jun 2024 23:00,,,79,87,,,,,,,,,,,,,,,,,,,,,,,,,,,,
6th Jun 2024 00:00,,,32,30,,,,,,,,,,,,,,,,,,,,,,,,,,,,
6th Jun 2024 01:00,,,10,9,,,,,,,,,,,,,,,,,,,,,,,,,,,,
6th Jun 2024 02:00,,,6,2,,,,,,,,,,,,,,,,,,,,,,,,,,,,
6th Jun 2024 03:00,,,2,1,,,,,,,,,,,,,,,,,,,,,,,,,,,,
6th Jun 2024 04:00,,,28,5,,,,,,,,,,,,,,,,,,,,,,,,,,,,
6th Jun 2024 05:00,,,36,17,,,,,,,,,,,,,,,,,,,,,,,,,,,,
6th Jun 2024 06:00,,,58,37,,,,,,,,,,,,,,,,,,,,,,,,,,,,
6th Jun 2024 07:00,,,78,48,,,,,,,,,,,,,,,,,,,,,,,,,,,,
6th Jun 2024 08:00,,,223,163,,,,,,,,,,,,,,,,,,,,,,,,,,,,
6th Jun 2024 09:00,,,262,167,,,,,,,,,,,,,,,,,,,,,,,,,,,,
6th Jun 2024 10:00,,,346,200,,,,,,,,,,,,,,,,,,,,,,,,,,,,
6th Jun 2024 11:00,,,433,253,,,,,,,,,,,,,,,,,,,,,,,,,,,,
6th Jun 2024 12:00,,,454,267,,,,,,,,,,,,,,,,,,,,,,,,,,,,
6th Jun 2024 13:00,,,366,242,,,,,,,,,,,,,,,,,,,,,,,,,,,,
6th Jun 2024 14:00,,,362,207,,,,,,,,,,,,,,,,,,,,,,,,,,,,
6th Jun 2024 15:00,,,490,273,,,,,,,,,,,,,,,,,,,,,,,,,,,,
6th Jun 2024 16:00,,,325,195,,,,,,,,,,,,,,,,,,,,,,,,,,,,
6th Jun 2024 17:00,,,267,195,,,,,,,,,,,,,,,,,,,,,,,,,,,,
6th Jun 2024 18:00,,,238,205,,,,,,,,,,,,,,,,,,,,,,,,,,,,
6th Jun 2024 19:00,,,222,199,,,,,,,,,,,,,,,,,,,,,,,,,,,,
6th Jun 2024 20:00,,,188,174,,,,,,,,,,,,,,,,,,,,,,,,,,,,
6th Jun 2024 21:00,,,171,169,,,,,,,,,,,,,,,,,,,,,,,,,,,,
6th Jun 2024 22:00,,,117,114,,,,,,,,,,,,,,,,,,,,,,,,,,,,
6th Jun 2024 23:00,,,69,80,,,,,,,,,,,,,,,,,,,,,,,,,,,,
7th Jun 2024 00:00,,,33,36,,,,,,,,,,,,,,,,,,,,,,,,,,,,
7th Jun 2024 01:00,,,4,11,,,,,,,,,,,,,,,,,,,,,,,,,,,,
7th Jun 2024 02:00,,,12,7,,,,,,,,,,,,,,,,,,,,,,,,,,,,
7th Jun 2024 03:00,,,3,2,,,,,,,,,,,,,,,,,,,,,,,,,,,,
7th Jun 2024 04:00,,,19,4,,,,,,,,,,,,,,,,,,,,,,,,,,,,
7th Jun 2024 05:00,,,27,18,,,,,,,,,,,,,,,,,,,,,,,,,,,,
7th Jun 2024 06:00,,,50,27,,,,,,,,,,,,,,,,,,,,,,,,,,,,
7th Jun 2024 07:00,,,102,54,,,,,,,,,,,,,,,,,,,,,,,,,,,,
7th Jun 2024 08:00,,,185,109,,,,,,,,,,,,,,,,,,,,,,,,,,,,
7th Jun 2024 09:00,,,229,129,,,,,,,,,,,,,,,,,,,,,,,,,,,,
7th Jun 2024 10:00,,,287,192,,,,,,,,,,,,,,,,,,,,,,,,,,,,
7th Jun 2024 11:00,,,417,265,,,,,,,,,,,,,,,,,,,,,,,,,,,,
7th Jun 2024 12:00,,,533,311,,,,,,,,,,,,,,,,,,,,,,,,,,,,
7th Jun 2024 13:00,,,639,473,,,,,,,,,,,,,,,,,,,,,,,,,,,,
7th Jun 2024 14:00,,,474,383,,,,,,,,,,,,,,,,,,,,,,,,,,,,
7th Jun 2024 15:00,,,519,301,,,,,,,,,,,,,,,,,,,,,,,,,,,,
7th Jun 2024 16:00,,,437,265,,,,,,,,,,,,,,,,,,,,,,,,,,,,
7th Jun 2024 17:00,,,351,253,,,,,,,,,,,,,,,,,,,,,,,,,,,,
7th Jun 2024 18:00,,,247,225,,,,,,,,,,,,,,,,,,,,,,,,,,,,
7th Jun 2024 19:00,,,257,309,,,,,,,,,,,,,,,,,,,,,,,,,,,,
7th Jun 2024 20:00,,,212,272,,,,,,,,,,,,,,,,,,,,,,,,,,,,
7th Jun 2024 21:00,,,205,243,,,,,,,,,,,,,,,,,,,,,,,,,,,,
7th Jun 2024 22:00,,,187,230,,,,,,,,,,,,,,,,,,,,,,,,,,,,
7th Jun 2024 23:00,,,121,131,,,,,,,,,,,,,,,,,,,,,,,,,,,,
8th Jun 2024 00:00,,,87,41,,,,,,,,,,,,,,,,,,,,,,,,,,,,
8th Jun 2024 01:00,,,29,16,,,,,,,,,,,,,,,,,,,,,,,,,,,,
8th Jun 2024 02:00,,,6,7,,,,,,,,,,,,,,,,,,,,,,,,,,,,
8th Jun 2024 03:00,,,5,4,,,,,,,,,,,,,,,,,,,,,,,,,,,,
8th Jun 2024 04:00,,,20,7,,,,,,,,,,,,,,,,,,,,,,,,,,,,
8th Jun 2024 05:00,,,19,11,,,,,,,,,,,,,,,,,,,,,,,,,,,,
8th Jun 2024 06:00,,,40,27,,,,,,,,,,,,,,,,,,,,,,,,,,,,
8th Jun 2024 07:00,,,50,37,,,,,,,,,,,,,,,,,,,,,,,,,,,,
8th Jun 2024 08:00,,,90,75,,,,,,,,,,,,,,,,,,,,,,,,,,,,
8th Jun 2024 09:00,,,181,131,,,,,,,,,,,,,,,,,,,,,,,,,,,,
8th Jun 2024 10:00,,,292,222,,,,,,,,,,,,,,,,,,,,,,,,,,,,
8th Jun 2024 11:00,,,328,290,,,,,,,,,,,,,,,,,,,,,,,,,,,,
8th Jun 2024 12:00,,,325,341,,,,,,,,,,,,,,,,,,,,,,,,,,,,
8th Jun 2024 13:00,,,458,319,,,,,,,,,,,,,,,,,,,,,,,,,,,,
8th Jun 2024 14:00,,,374,437,,,,,,,,,,,,,,,,,,,,,,,,,,,,
8th Jun 2024 15:00,,,315,329,,,,,,,,,,,,,,,,,,,,,,,,,,,,
8th Jun 2024 16:00,,,327,380,,,,,,,,,,,,,,,,,,,,,,,,,,,,
8th Jun 2024 17:00,,,434,306,,,,,,,,,,,,,,,,,,,,,,,,,,,,
8th Jun 2024 18:00,,,377,352,,,,,,,,,,,,,,,,,,,,,,,,,,,,
8th Jun 2024 19:00,,,307,275,,,,,,,,,,,,,,,,,,,,,,,,,,,,
8th Jun 2024 20:00,,,277,304,,,,,,,,,,,,,,,,,,,,,,,,,,,,
8th Jun 2024 21:00,,,254,239,,,,,,,,,,,,,,,,,,,,,,,,,,,,
8th Jun 2024 22:00,,,186,206,,,,,,,,,,,,,,,,,,,,,,,,,,,,
8th Jun 2024 23:00,,,158,176,,,,,,,,,,,,,,,,,,,,,,,,,,,,
9th Jun 2024 00:00,,,84,115,,,,,,,,,,,,,,,,,,,,,,,,,,,,
9th Jun 2024 01:00,,,51,30,,,,,,,,,,,,,,,,,,,,,,,,,,,,
9th Jun 2024 02:00,,,10,3,,,,,,,,,,,,,,,,,,,,,,,,,,,,
9th Jun 2024 03:00,,,9,4,,,,,,,,,,,,,,,,,,,,,,,,,,,,
9th Jun 2024 04:00,,,24,3,,,,,,,,,,,,,,,,,,,,,,,,,,,,
9th Jun 2024 05:00,,,17,16,,,,,,,,,,,,,,,,,,,,,,,,,,,,
9th Jun 2024 06:00,,,29,22,,,,,,,,,,,,,,,,,,,,,,,,,,,,
9th Jun 2024 07:00,,,36,19,,,,,,,,,,,,,,,,,,,,,,,,,,,,
9th Jun 2024 08:00,,,80,29,,,,,,,,,,,,,,,,,,,,,,,,,,,,
9th Jun 2024 09:00,,,187,119,,,,,,,,,,,,,,,,,,,,,,,,,,,,
9th Jun 2024 10:00,,,322,216,,,,,,,,,,,,,,,,,,,,,,,,,,,,
9th Jun 2024 11:00,,,419,259,,,,,,,,,,,,,,,,,,,,,,,,,,,,
9th Jun 2024 12:00,,,410,265,,,,,,,,,,,,,,,,,,,,,,,,,,,,
9th Jun 2024 13:00,,,434,382,,,,,,,,,,,,,,,,,,,,,,,,,,,,
9th Jun 2024 14:00,,,509,323,,,,,,,,,,,,,,,,,,,,,,,,,,,,
9th Jun 2024 15:00,,,500,325,,,,,,,,,,,,,,,,,,,,,,,,,,,,
9th Jun 2024 16:00,,,410,312,,,,,,,,,,,,,,,,,,,,,,,,,,,,
9th Jun 2024 17:00,,,351,331,,,,,,,,,,,,,,,,,,,,,,,,,,,,
9th Jun 2024 18:00,,,289,315,,,,,,,,,,,,,,,,,,,,,,,,,,,,
9th Jun 2024 19:00,,,277,290,,,,,,,,,,,,,,,,,,,,,,,,,,,,
9th Jun 2024 20:00,,,214,228,,,,,,,,,,,,,,,,,,,,,,,,,,,,
9th Jun 2024 21:00,,,181,223,,,,,,,,,,,,,,,,,,,,,,,,,,,,
9th Jun 2024 22:00,,,171,184,,,,,,,,,,,,,,,,,,,,,,,,,,,,
9th Jun 2024 23:00,,,148,169,,,,,,,,,,,,,,,,,,,,,,,,,,,,
10th Jun 2024 00:00,,,98,91,,,,,,,,,,,,,,,,,,,,,,,,,,,,
10th Jun 2024 01:00,,,30,30,,,,,,,,,,,,,,,,,,,,,,,,,,,,
10th Jun 2024 02:00,,,20,6,,,,,,,,,,,,,,,,,,,,,,,,,,,,
10th Jun 2024 03:00,,,12,3,,,,,,,,,,,,,,,,,,,,,,,,,,,,
10th Jun 2024 04:00,,,17,10,,,,,,,,,,,,,,,,,,,,,,,,,,,,
10th Jun 2024 05:00,,,18,26,,,,,,,,,,,,,,,,,,,,,,,,,,,,
10th Jun 2024 06:00,,,35,23,,,,,,,,,,,,,,,,,,,,,,,,,,,,
10th Jun 2024 07:00,,,33,19,,,,,,,,,,,,,,,,,,,,,,,,,,,,
10th Jun 2024 08:00,,,54,42,,,,,,,,,,,,,,,,,,,,,,,,,,,,
10th Jun 2024 09:00,,,157,95,,,,,,,,,,,,,,,,,,,,,,,,,,,,
10th Jun 2024 10:00,,,204,162,,,,,,,,,,,,,,,,,,,,,,,,,,,,
10th Jun 2024 11:00,,,288,223,,,,,,,,,,,,,,,,,,,,,,,,,,,,
10th Jun 2024 12:00,,,308,280,,,,,,,,,,,,,,,,,,,,,,,,,,,,
10th Jun 2024 13:00,,,330,337,,,,,,,,,,,,,,,,,,,,,,,,,,,,
10th Jun 2024 14:00,,,346,331,,,,,,,,,,,,,,,,,,,,,,,,,,,,
10th Jun 2024 15:00,,,354,270,,,,,,,,,,,,,,,,,,,,,,,,,,,,
10th Jun 2024 16:00,,,535,385,,,,,,,,,,,,,,,,,,,,,,,,,,,,
10th Jun 2024 17:00,,,361,263,,,,,,,,,,,,,,,,,,,,,,,,,,,,
10th Jun 2024 18:00,,,320,328,,,,,,,,,,,,,,,,,,,,,,,,,,,,
10th Jun 2024 19:00,,,290,281,,,,,,,,,,,,,,,,,,,,,,,,,,,,
10th Jun 2024 20:00,,,197,244,,,,,,,,,,,,,,,,,,,,,,,,,,,,
10th Jun 2024 21:00,,,165,226,,,,,,,,,,,,,,,,,,,,,,,,,,,,
10th Jun 2024 22:00,,,123,132,,,,,,,,,,,,,,,,,,,,,,,,,,,,
10th Jun 2024 23:00,,,58,98,,,,,,,,,,,,,,,,,,,,,,,,,,,,
11th Jun 2024 00:00,,,33,32,,,,,,,,,,,,,,,,,,,,,,,,,,,,
11th Jun 2024 01:00,,,6,13,,,,,,,,,,,,,,,,,,,,,,,,,,,,
11th Jun 2024 02:00,,,3,4,,,,,,,,,,,,,,,,,,,,,,,,,,,,
11th Jun 2024 03:00,,,4,3,,,,,,,,,,,,,,,,,,,,,,,,,,,,
11th Jun 2024 04:00,,,29,10,,,,,,,,,,,,,,,,,,,,,,,,,,,,
11th Jun 2024 05:00,,,35,23,,,,,,,,,,,,,,,,,,,,,,,,,,,,
11th Jun 2024 06:00,,,55,22,,,,,,,,,,,,,,,,,,,,,,,,,,,,
11th Jun 2024 07:00,,,73,56,,,,,,,,,,,,,,,,,,,,,,,,,,,,
11th Jun 2024 08:00,,,190,138,,,,,,,,,,,,,,,,,,,,,,,,,,,,
11th Jun 2024 09:00,,,,,,,,,,,,,,,,,,,,,,,,,,,,,,,,
11th Jun 2024 10:00,,,,,,,,,,,,,,,,,,,,,,,,,,,,,,,,
11th Jun 2024 11:00,,,,,,,,,,,,,,,,,,,,,,,,,,,,,,,,
11th Jun 2024 12:00,,,,,,,,,,,,,,,,,,,,,,,,,,,,,,,,
11th Jun 2024 13:00,,,,,,,,,,,,,,,,,,,,,,,,,,,,,,,,
11th Jun 2024 14:00,,,,,,,,,,,,,,,,,,,,,,,,,,,,,,,,
11th Jun 2024 15:00,,,,,,,,,,,,,,,,,,,,,,,,,,,,,,,,
11th Jun 2024 16:00,,,,,,,,,,,,,,,,,,,,,,,,,,,,,,,,
11th Jun 2024 17:00,,,,,,,,,,,,,,,,,,,,,,,,,,,,,,,,
11th Jun 2024 18:00,,,,,,,,,,,,,,,,,,,,,,,,,,,,,,,,
11th Jun 2024 19:00,,,,,,,,,,,,,,,,,,,,,,,,,,,,,,,,
11th Jun 2024 20:00,,,,,,,,,,,,,,,,,,,,,,,,,,,,,,,,
11th Jun 2024 21:00,,,,,,,,,,,,,,,,,,,,,,,,,,,,,,,,
11th Jun 2024 22:00,,,,,,,,,,,,,,,,,,,,,,,,,,,,,,,,
11th Jun 2024 23:00,,,,,,,,,,,,,,,,,,,,,,,,,,,,,,,,
12th Jun 2024 00:00,,,,,,,,,,,,,,,,,,,,,,,,,,,,,,,,
12th Jun 2024 01:00,,,,,,,,,,,,,,,,,,,,,,,,,,,,,,,,
12th Jun 2024 02:00,,,,,,,,,,,,,,,,,,,,,,,,,,,,,,,,
12th Jun 2024 03:00,,,,,,,,,,,,,,,,,,,,,,,,,,,,,,,,
12th Jun 2024 04:00,,,,,,,,,,,,,,,,,,,,,,,,,,,,,,,,
12th Jun 2024 05:00,,,,,,,,,,,,,,,,,,,,,,,,,,,,,,,,
12th Jun 2024 06:00,,,,,,,,,,,,,,,,,,,,,,,,,,,,,,,,
12th Jun 2024 07:00,,,,,,,,,,,,,,,,,,,,,,,,,,,,,,,,
12th Jun 2024 08:00,,,,,,,,,,,,,,,,,,,,,,,,,,,,,,,,
12th Jun 2024 09:00,,,,,,,,,,,,,,,,,,,,,,,,,,,,,,,,
12th Jun 2024 10:00,,,,,,,,,,,,,,,,,,,,,,,,,,,,,,,,
12th Jun 2024 11:00,,,,,,,,,,,,,,,,,,,,,,,,,,,,,,,,
12th Jun 2024 12:00,,,,,,,,,,,,,,,,,,,,,,,,,,,,,,,,
12th Jun 2024 13:00,,,,,,,,,,,,,,,,,,,,,,,,,,,,,,,,
12th Jun 2024 14:00,,,,,,,,,,,,,,,,,,,,,,,,,,,,,,,,
12th Jun 2024 15:00,,,,,,,,,,,,,,,,,,,,,,,,,,,,,,,,
12th Jun 2024 16:00,,,,,,,,,,,,,,,,,,,,,,,,,,,,,,,,
12th Jun 2024 17:00,,,,,,,,,,,,,,,,,,,,,,,,,,,,,,,,
12th Jun 2024 18:00,,,,,,,,,,,,,,,,,,,,,,,,,,,,,,,,
12th Jun 2024 19:00,,,,,,,,,,,,,,,,,,,,,,,,,,,,,,,,
12th Jun 2024 20:00,,,,,,,,,,,,,,,,,,,,,,,,,,,,,,,,
12th Jun 2024 21:00,,,,,,,,,,,,,,,,,,,,,,,,,,,,,,,,
12th Jun 2024 22:00,,,,,,,,,,,,,,,,,,,,,,,,,,,,,,,,
12th Jun 2024 23:00,,,,,,,,,,,,,,,,,,,,,,,,,,,,,,,,
13th Jun 2024 00:00,,,,,,,,,,,,,,,,,,,,,,,,,,,,,,,,
13th Jun 2024 01:00,,,,,,,,,,,,,,,,,,,,,,,,,,,,,,,,
13th Jun 2024 02:00,,,,,,,,,,,,,,,,,,,,,,,,,,,,,,,,
13th Jun 2024 03:00,,,,,,,,,,,,,,,,,,,,,,,,,,,,,,,,
13th Jun 2024 04:00,,,,,,,,,,,,,,,,,,,,,,,,,,,,,,,,
13th Jun 2024 05:00,,,,,,,,,,,,,,,,,,,,,,,,,,,,,,,,
13th Jun 2024 06:00,,,,,,,,,,,,,,,,,,,,,,,,,,,,,,,,
13th Jun 2024 07:00,,,,,,,,,,,,,,,,,,,,,,,,,,,,,,,,
13th Jun 2024 08:00,,,,,,,,,,,,,,,,,,,,,,,,,,,,,,,,
13th Jun 2024 09:00,,,,,,,,,,,,,,,,,,,,,,,,,,,,,,,,
13th Jun 2024 10:00,,,,,,,,,,,,,,,,,,,,,,,,,,,,,,,,
13th Jun 2024 11:00,,,,,,,,,,,,,,,,,,,,,,,,,,,,,,,,
13th Jun 2024 12:00,,,,,,,,,,,,,,,,,,,,,,,,,,,,,,,,
13th Jun 2024 13:00,,,,,,,,,,,,,,,,,,,,,,,,,,,,,,,,
13th Jun 2024 14:00,,,,,,,,,,,,,,,,,,,,,,,,,,,,,,,,
13th Jun 2024 15:00,,,,,,,,,,,,,,,,,,,,,,,,,,,,,,,,
13th Jun 2024 16:00,,,,,,,,,,,,,,,,,,,,,,,,,,,,,,,,
13th Jun 2024 17:00,,,,,,,,,,,,,,,,,,,,,,,,,,,,,,,,
13th Jun 2024 18:00,,,,,,,,,,,,,,,,,,,,,,,,,,,,,,,,
13th Jun 2024 19:00,,,,,,,,,,,,,,,,,,,,,,,,,,,,,,,,
13th Jun 2024 20:00,,,,,,,,,,,,,,,,,,,,,,,,,,,,,,,,
13th Jun 2024 21:00,,,,,,,,,,,,,,,,,,,,,,,,,,,,,,,,
13th Jun 2024 22:00,,,,,,,,,,,,,,,,,,,,,,,,,,,,,,,,
13th Jun 2024 23:00,,,,,,,,,,,,,,,,,,,,,,,,,,,,,,,,
14th Jun 2024 00:00,,,,,,,,,,,,,,,,,,,,,,,,,,,,,,,,
14th Jun 2024 01:00,,,,,,,,,,,,,,,,,,,,,,,,,,,,,,,,
14th Jun 2024 02:00,,,,,,,,,,,,,,,,,,,,,,,,,,,,,,,,
14th Jun 2024 03:00,,,,,,,,,,,,,,,,,,,,,,,,,,,,,,,,
14th Jun 2024 04:00,,,,,,,,,,,,,,,,,,,,,,,,,,,,,,,,
14th Jun 2024 05:00,,,,,,,,,,,,,,,,,,,,,,,,,,,,,,,,
14th Jun 2024 06:00,,,,,,,,,,,,,,,,,,,,,,,,,,,,,,,,
14th Jun 2024 07:00,,,,,,,,,,,,,,,,,,,,,,,,,,,,,,,,
14th Jun 2024 08:00,,,,,,,,,,,,,,,,,,,,,,,,,,,,,,,,
14th Jun 2024 09:00,,,,,,,,,,,,,,,,,,,,,,,,,,,,,,,,
14th Jun 2024 10:00,,,,,,,,,,,,,,,,,,,,,,,,,,,,,,,,
14th Jun 2024 11:00,,,,,,,,,,,,,,,,,,,,,,,,,,,,,,,,
14th Jun 2024 12:00,,,,,,,,,,,,,,,,,,,,,,,,,,,,,,,,
14th Jun 2024 13:00,,,,,,,,,,,,,,,,,,,,,,,,,,,,,,,,
14th Jun 2024 14:00,,,,,,,,,,,,,,,,,,,,,,,,,,,,,,,,
14th Jun 2024 15:00,,,,,,,,,,,,,,,,,,,,,,,,,,,,,,,,
14th Jun 2024 16:00,,,,,,,,,,,,,,,,,,,,,,,,,,,,,,,,
14th Jun 2024 17:00,,,,,,,,,,,,,,,,,,,,,,,,,,,,,,,,
14th Jun 2024 18:00,,,,,,,,,,,,,,,,,,,,,,,,,,,,,,,,
14th Jun 2024 19:00,,,,,,,,,,,,,,,,,,,,,,,,,,,,,,,,
14th Jun 2024 20:00,,,,,,,,,,,,,,,,,,,,,,,,,,,,,,,,
14th Jun 2024 21:00,,,,,,,,,,,,,,,,,,,,,,,,,,,,,,,,
14th Jun 2024 22:00,,,,,,,,,,,,,,,,,,,,,,,,,,,,,,,,
14th Jun 2024 23:00,,,,,,,,,,,,,,,,,,,,,,,,,,,,,,,,
15th Jun 2024 00:00,,,,,,,,,,,,,,,,,,,,,,,,,,,,,,,,
15th Jun 2024 01:00,,,,,,,,,,,,,,,,,,,,,,,,,,,,,,,,
15th Jun 2024 02:00,,,,,,,,,,,,,,,,,,,,,,,,,,,,,,,,
15th Jun 2024 03:00,,,,,,,,,,,,,,,,,,,,,,,,,,,,,,,,
15th Jun 2024 04:00,,,,,,,,,,,,,,,,,,,,,,,,,,,,,,,,
15th Jun 2024 05:00,,,,,,,,,,,,,,,,,,,,,,,,,,,,,,,,
15th Jun 2024 06:00,,,,,,,,,,,,,,,,,,,,,,,,,,,,,,,,
15th Jun 2024 07:00,,,,,,,,,,,,,,,,,,,,,,,,,,,,,,,,
15th Jun 2024 08:00,,,,,,,,,,,,,,,,,,,,,,,,,,,,,,,,
15th Jun 2024 09:00,,,,,,,,,,,,,,,,,,,,,,,,,,,,,,,,
15th Jun 2024 10:00,,,,,,,,,,,,,,,,,,,,,,,,,,,,,,,,
15th Jun 2024 11:00,,,,,,,,,,,,,,,,,,,,,,,,,,,,,,,,
15th Jun 2024 12:00,,,,,,,,,,,,,,,,,,,,,,,,,,,,,,,,
15th Jun 2024 13:00,,,,,,,,,,,,,,,,,,,,,,,,,,,,,,,,
15th Jun 2024 14:00,,,,,,,,,,,,,,,,,,,,,,,,,,,,,,,,
15th Jun 2024 15:00,,,,,,,,,,,,,,,,,,,,,,,,,,,,,,,,
15th Jun 2024 16:00,,,,,,,,,,,,,,,,,,,,,,,,,,,,,,,,
15th Jun 2024 17:00,,,,,,,,,,,,,,,,,,,,,,,,,,,,,,,,
15th Jun 2024 18:00,,,,,,,,,,,,,,,,,,,,,,,,,,,,,,,,
15th Jun 2024 19:00,,,,,,,,,,,,,,,,,,,,,,,,,,,,,,,,
15th Jun 2024 20:00,,,,,,,,,,,,,,,,,,,,,,,,,,,,,,,,
15th Jun 2024 21:00,,,,,,,,,,,,,,,,,,,,,,,,,,,,,,,,
15th Jun 2024 22:00,,,,,,,,,,,,,,,,,,,,,,,,,,,,,,,,
15th Jun 2024 23:00,,,,,,,,,,,,,,,,,,,,,,,,,,,,,,,,
16th Jun 2024 00:00,,,,,,,,,,,,,,,,,,,,,,,,,,,,,,,,
16th Jun 2024 01:00,,,,,,,,,,,,,,,,,,,,,,,,,,,,,,,,
16th Jun 2024 02:00,,,,,,,,,,,,,,,,,,,,,,,,,,,,,,,,
16th Jun 2024 03:00,,,,,,,,,,,,,,,,,,,,,,,,,,,,,,,,
16th Jun 2024 04:00,,,,,,,,,,,,,,,,,,,,,,,,,,,,,,,,
16th Jun 2024 05:00,,,,,,,,,,,,,,,,,,,,,,,,,,,,,,,,
16th Jun 2024 06:00,,,,,,,,,,,,,,,,,,,,,,,,,,,,,,,,
16th Jun 2024 07:00,,,,,,,,,,,,,,,,,,,,,,,,,,,,,,,,
16th Jun 2024 08:00,,,,,,,,,,,,,,,,,,,,,,,,,,,,,,,,
16th Jun 2024 09:00,,,,,,,,,,,,,,,,,,,,,,,,,,,,,,,,
16th Jun 2024 10:00,,,,,,,,,,,,,,,,,,,,,,,,,,,,,,,,
16th Jun 2024 11:00,,,,,,,,,,,,,,,,,,,,,,,,,,,,,,,,
16th Jun 2024 12:00,,,,,,,,,,,,,,,,,,,,,,,,,,,,,,,,
16th Jun 2024 13:00,,,,,,,,,,,,,,,,,,,,,,,,,,,,,,,,
16th Jun 2024 14:00,,,,,,,,,,,,,,,,,,,,,,,,,,37,23,,,,,
16th Jun 2024 15:00,,,,,,,,,,,,,,,,,,,,,,,,,,37,34,,,,,
16th Jun 2024 16:00,,,,,,,,,,,,,,,,,,,,,,,,,,28,19,,,,,
16th Jun 2024 17:00,,,,,,,,,,,,,,,,,,,,,,,,,,23,16,,,,,
16th Jun 2024 18:00,,,,,,,,,,,,,,,,,,,,,,,,,,16,8,,,,,
16th Jun 2024 19:00,,,,,,,,,,,,,,,,,,,,,,,,,,2,6,,,,,
16th Jun 2024 20:00,,,,,,,,,,,,,,,,,,,,,,,,,,2,2,,,,,
16th Jun 2024 21:00,,,,,,,,,,,,,,,,,,,,,,,,,,1,4,,,,,
16th Jun 2024 22:00,,,,,,,,,,,,,,,,,,,,,,,,,,0,4,,,,,
16th Jun 2024 23:00,,,,,,,,,,,,,,,,,,,,,,,,,,1,1,,,,,
17th Jun 2024 00:00,,,,,,,,,,,,,,,,,,,,,,,,,,0,0,,,,,
17th Jun 2024 01:00,,,,,,,,,,,,,,,,,,,,,,,,,,0,0,,,,,
17th Jun 2024 02:00,,,,,,,,,,,,,,,,,,,,,,,,,,0,0,,,,,
17th Jun 2024 03:00,,,,,,,,,,,,,,,,,,,,,,,,,,1,2,,,,,
17th Jun 2024 04:00,,,,,,,,,,,,,,,,,,,,,,,,,,2,1,,,,,
17th Jun 2024 05:00,,,,,,,,,,,,,,,,,,,,,,,,,,7,3,,,,,
17th Jun 2024 06:00,,,,,,,,,,,,,,,,,,,,,,,,,,21,11,,,,,
17th Jun 2024 07:00,,,,,,,,,,,,,,,,,,,,,,,,,,34,31,,,,,
17th Jun 2024 08:00,,,,,,,,,,,,,,,,,,,,,,,,,,96,39,,,,,
17th Jun 2024 09:00,,,,,,,,,,,,,,,,,,,,,,,,,,45,20,,,,,
17th Jun 2024 10:00,,,,,,,,,,,,,,,,,,,,,,,,,,25,12,,,,,
17th Jun 2024 11:00,,,,,,,,,,,,,,,,,,,,,,,,,,18,8,,,,,
17th Jun 2024 12:00,,,,,,,,,,,,,,,,,,,,,,,,,,16,5,,,,,
17th Jun 2024 13:00,,,,,,,,,,,,,,,,,,,,,,,,,,7,5,,,,,
17th Jun 2024 14:00,,,,,,,,,,,,,,,,,,,,,,,,,,18,15,,,,,
17th Jun 2024 15:00,,,,,,,,,,,,,,,,,,,,,,,,,,68,38,,,,,
17th Jun 2024 16:00,,,,,,,,,,,,,,,,,,,,,,,,,,50,24,,,,,
17th Jun 2024 17:00,,,,,,,,,,,,,,,,,,,,,,,,,,32,12,,,,,
17th Jun 2024 18:00,,,,,,,,,,,,,,,,,,,,,,,,,,15,9,,,,,
17th Jun 2024 19:00,,,,,,,,,,,,,,,,,,,,,,,,,,6,8,,,,,
17th Jun 2024 20:00,,,,,,,,,,,,,,,,,,,,,,,,,,7,9,,,,,
17th Jun 2024 21:00,,,,,,,,,,,,,,,,,,,,,,,,,,2,2,,,,,
17th Jun 2024 22:00,,,,,,,,,,,,,,,,,,,,,,,,,,1,0,,,,,
17th Jun 2024 23:00,,,,,,,,,,,,,,,,,,,,,,,,,,0,1,,,,,
18th Jun 2024 00:00,,,,,,,,,,,,,,,,,,,,,,,,,,0,1,,,,,
18th Jun 2024 01:00,,,,,,,,,,,,,,,,,,,,,,,,,,0,0,,,,,
18th Jun 2024 02:00,,,,,,,,,,,,,,,,,,,,,,,,,,0,0,,,,,
18th Jun 2024 03:00,,,,,,,,,,,,,,,,,,,,,,,,,,0,0,,,,,
18th Jun 2024 04:00,,,,,,,,,,,,,,,,,,,,,,,,,,1,1,,,,,
18th Jun 2024 05:00,,,,,,,,,,,,,,,,,,,,,,,,,,6,5,,,,,
18th Jun 2024 06:00,,,,,,,,,,,,,,,,,,,,,,,,,,16,13,,,,,
18th Jun 2024 07:00,,,,,,,,,,,,,,,,,,,,,,,,,,34,29,,,,,
18th Jun 2024 08:00,,,,,,,,,,,,,,,,,,,,,,,,,,123,50,,,,,
18th Jun 2024 09:00,,,,,,,,,,,,,,,,,,,,,,,,,,47,62,,,,,
18th Jun 2024 10:00,,,,,,,,,,,,,,,,,,,,,,,,,,19,12,,,,,
18th Jun 2024 11:00,,,,,,,,,,,,,,,,,,,,,,,,,,37,14,,,,,
18th Jun 2024 12:00,,,,,,,,,,,,,,,,,,,,,,,,,,14,11,,,,,
18th Jun 2024 13:00,,,,,,,,,,,,,,,,,,,,,,,,,,16,15,,,,,
18th Jun 2024 14:00,,,,,,,,,,,,,,,,,,,,,,,,,,47,47,,,,,
18th Jun 2024 15:00,,,,,,,,,,,,,,,,,,,,,,,,,,108,36,,,,,
18th Jun 2024 16:00,,,,,,,,,,,,,,,,,,,,,,,,,,62,35,,,,,
18th Jun 2024 17:00,,,,,,,,,,,,,,,,,,,,,,,,,,39,23,,,,,
18th Jun 2024 18:00,,,,,,,,,,,,,,,,,,,,,,,,,,18,24,,,,,
18th Jun 2024 19:00,,,,,,,,,,,,,,,,,,,,,,,,,,20,13,,,,,
18th Jun 2024 20:00,,,,,,,,,,,,,,,,,,,,,,,,,,4,4,,,,,
18th Jun 2024 21:00,,,,,,,,,,,,,,,,,,,,,,,,,,8,1,,,,,
18th Jun 2024 22:00,,,,,,,,,,,,,,,,,,,,,,,,,,1,1,,,,,
18th Jun 2024 23:00,,,,,,,,,,,,,,,,,,,,,,,,,,0,2,,,,,
19th Jun 2024 00:00,,,,,,,,,,,,,,,,,,,,,,,,,,0,0,,,,,
19th Jun 2024 01:00,,,,,,,,,,,,,,,,,,,,,,,,,,0,0,,,,,
19th Jun 2024 02:00,,,,,,,,,,,,,,,,,,,,,,,,,,0,0,,,,,
19th Jun 2024 03:00,,,,,,,,,,,,,,,,,,,,,,,,,,1,1,,,,,
19th Jun 2024 04:00,,,,,,,,,,,,,,,,,,,,,,,,,,0,0,,,,,
19th Jun 2024 05:00,,,,,,,,,,,,,,,,,,,,,,,,,,6,7,,,,,
19th Jun 2024 06:00,,,,,,,,,,,,,,,,,,,,,,,,,,15,10,,,,,
19th Jun 2024 07:00,,,,,,,,,,,,,,,,,,,,,,,,,,37,33,,,,,
19th Jun 2024 08:00,,,,,,,,,,,,,,,,,,,,,,,,,,74,59,,,,,
19th Jun 2024 09:00,,,,,,,,,,,,,,,,,,,,,,,,,,33,26,,,,,
19th Jun 2024 10:00,,,,,,,,,,,,,,,,,,,,,,,,,,19,15,,,,,
19th Jun 2024 11:00,,,,,,,,,,,,,,,,,,,,,,,,,,15,14,,,,,
19th Jun 2024 12:00,,,,,,,,,,,,,,,,,,,,,,,,,,17,13,,,,,
19th Jun 2024 13:00,,,,,,,,,,,,,,,,,,,,,,,,,,23,17,,,,,
19th Jun 2024 14:00,,,,,,,,,,,,,,,,,,,,,,,,,,62,14,,,,,
19th Jun 2024 15:00,,,,,,,,,,,,,,,,,,,,,,,,,,118,41,,,,,
19th Jun 2024 16:00,,,,,,,,,,,,,,,,,,,,,,,,,,53,25,,,,,
19th Jun 2024 17:00,,,,,,,,,,,,,,,,,,,,,,,,,,22,21,,,,,
19th Jun 2024 18:00,,,,,,,,,,,,,,,,,,,,,,,,,,20,12,,,,,
19th Jun 2024 19:00,,,,,,,,,,,,,,,,,,,,,,,,,,10,4,,,,,
19th Jun 2024 20:00,,,,,,,,,,,,,,,,,,,,,,,,,,7,1,,,,,
19th Jun 2024 21:00,,,,,,,,,,,,,,,,,,,,,,,,,,3,0,,,,,
19th Jun 2024 22:00,,,,,,,,,,,,,,,,,,,,,,,,,,1,4,,,,,
19th Jun 2024 23:00,,,,,,,,,,,,,,,,,,,,,,,,,,0,0,,,,,
20th Jun 2024 00:00,,,,,,,,,,,,,,,,,,,,,,,,,,0,0,,,,,
20th Jun 2024 01:00,,,,,,,,,,,,,,,,,,,,,,,,,,0,0,,,,,
20th Jun 2024 02:00,,,,,,,,,,,,,,,,,,,,,,,,,,0,0,,,,,
20th Jun 2024 03:00,,,,,,,,,,,,,,,,,,,,,,,,,,0,0,,,,,
20th Jun 2024 04:00,,,,,,,,,,,,,,,,,,,,,,,,,,0,0,,,,,
20th Jun 2024 05:00,,,,,,,,,,,,,,,,,,,,,,,,,,6,7,,,,,
20th Jun 2024 06:00,,,,,,,,,,,,,,,,,,,,,,,,,,16,9,,,,,
20th Jun 2024 07:00,,,,,,,,,,,,,,,,,,,,,,,,,,29,23,,,,,
20th Jun 2024 08:00,,,,,,,,,,,,,,,,,,,,,,,,,,102,57,,,,,
20th Jun 2024 09:00,,,,,,,,,,,,,,,,,,,,,,,,,,26,13,,,,,
20th Jun 2024 10:00,,,,,,,,,,,,,,,,,,,,,,,,,,9,32,,,,,
20th Jun 2024 11:00,,,,,,,,,,,,,,,,,,,,,,,,,,30,15,,,,,
20th Jun 2024 12:00,,,,,,,,,,,,,,,,,,,,,,,,,,19,9,,,,,
20th Jun 2024 13:00,,,,,,,,,,,,,,,,,,,,,,,,,,31,19,,,,,
20th Jun 2024 14:00,,,,,,,,,,,,,,,,,,,,,,,,,,46,20,,,,,
20th Jun 2024 15:00,,,,,,,,,,,,,,,,,,,,,,,,,,135,36,,,,,
20th Jun 2024 16:00,,,,,,,,,,,,,,,,,,,,,,,,,,33,49,,,,,
20th Jun 2024 17:00,,,,,,,,,,,,,,,,,,,,,,,,,,32,21,,,,,
20th Jun 2024 18:00,,,,,,,,,,,,,,,,,,,,,,,,,,11,16,,,,,
20th Jun 2024 19:00,,,,,,,,,,,,,,,,,,,,,,,,,,6,8,,,,,
20th Jun 2024 20:00,,,,,,,,,,,,,,,,,,,,,,,,,,6,4,,,,,
20th Jun 2024 21:00,,,,,,,,,,,,,,,,,,,,,,,,,,10,2,,,,,
20th Jun 2024 22:00,,,,,,,,,,,,,,,,,,,,,,,,,,1,2,,,,,
20th Jun 2024 23:00,,,,,,,,,,,,,,,,,,,,,,,,,,2,1,,,,,
21st Jun 2024 00:00,,,,,,,,,,,,,,,,,,,,,,,,,,0,1,,,,,
21st Jun 2024 01:00,,,,,,,,,,,,,,,,,,,,,,,,,,0,0,,,,,
21st Jun 2024 02:00,,,,,,,,,,,,,,,,,,,,,,,,,,0,0,,,,,
21st Jun 2024 03:00,,,,,,,,,,,,,,,,,,,,,,,,,,0,1,,,,,
21st Jun 2024 04:00,,,,,,,,,,,,,,,,,,,,,,,,,,0,1,,,,,
21st Jun 2024 05:00,,,,,,,,,,,,,,,,,,,,,,,,,,4,5,,,,,
21st Jun 2024 06:00,,,,,,,,,,,,,,,,,,,,,,,,,,12,20,,,,,
21st Jun 2024 07:00,,,,,,,,,,,,,,,,,,,,,,,,,,34,21,,,,,
21st Jun 2024 08:00,,,,,,,,,,,,,,,,,,,,,,,,,,99,76,,,,,
21st Jun 2024 09:00,,,,,,,,,,,,,,,,,,,,,,,,,,33,21,,,,,
21st Jun 2024 10:00,,,,,,,,,,,,,,,,,,,,,,,,,,22,13,,,,,
21st Jun 2024 11:00,,,,,,,,,,,,,,,,,,,,,,,,,,24,14,,,,,
21st Jun 2024 12:00,,,,,,,,,,,,,,,,,,,,,,,,,,11,10,,,,,
21st Jun 2024 13:00,,,,,,,,,,,,,,,,,,,,,,,,,,25,11,,,,,
21st Jun 2024 14:00,,,,,,,,,,,,,,,,,,,,,,,,,,39,33,,,,,
21st Jun 2024 15:00,,,,,,,,,,,,,,,,,,,,,,,,,,574,41,,,,,
21st Jun 2024 16:00,,,,,,,,,,,,,,,,,,,,,,,,,,963,35,,,,,
21st Jun 2024 17:00,,,,,,,,,,,,,,,,,,,,,,,,,,921,21,,,,,
21st Jun 2024 18:00,,,,,,,,,,,,,,,,,,,,,,,,,,779,12,,,,,
21st Jun 2024 19:00,,,,,,,,,,,,,,,,,,,,,,,,,,424,5,,,,,
21st Jun 2024 20:00,,,,,,,,,,,,,,,,,,,,,,,,,,1,7,,,,,
21st Jun 2024 21:00,,,,,,,,,,,,,,,,,,,,,,,,,,0,3,,,,,
21st Jun 2024 22:00,,,,,,,,,,,,,,,,,,,,,,,,,,0,5,,,,,
21st Jun 2024 23:00,,,,,,,,,,,,,,,,,,,,,,,,,,0,3,,,,,
22nd Jun 2024 00:00,,,,,,,,,,,,,,,,,,,,,,,,,,0,1,,,,,
22nd Jun 2024 01:00,,,,,,,,,,,,,,,,,,,,,,,,,,0,3,,,,,
22nd Jun 2024 02:00,,,,,,,,,,,,,,,,,,,,,,,,,,0,0,,,,,
22nd Jun 2024 03:00,,,,,,,,,,,,,,,,,,,,,,,,,,0,0,,,,,
22nd Jun 2024 04:00,,,,,,,,,,,,,,,,,,,,,,,,,,0,0,,,,,
22nd Jun 2024 05:00,,,,,,,,,,,,,,,,,,,,,,,,,,0,1,,,,,
22nd Jun 2024 06:00,,,,,,,,,,,,,,,,,,,,,,,,,,0,5,,,,,
22nd Jun 2024 07:00,,,,,,,,,,,,,,,,,,,,,,,,,,0,7,,,,,
22nd Jun 2024 08:00,,,,,,,,,,,,,,,,,,,,,,,,,,0,5,,,,,
22nd Jun 2024 09:00,,,,,,,,,,,,,,,,,,,,,,,,,,0,9,,,,,
22nd Jun 2024 10:00,,,,,,,,,,,,,,,,,,,,,,,,,,0,10,,,,,
22nd Jun 2024 11:00,,,,,,,,,,,,,,,,,,,,,,,,,,95,5,,,,,
22nd Jun 2024 12:00,,,,,,,,,,,,,,,,,,,,,,,,,,106,7,,,,,
22nd Jun 2024 13:00,,,,,,,,,,,,,,,,,,,,,,,,,,80,4,,,,,
22nd Jun 2024 14:00,,,,,,,,,,,,,,,,,,,,,,,,,,195,5,,,,,
22nd Jun 2024 15:00,,,,,,,,,,,,,,,,,,,,,,,,,,5,10,,,,,
22nd Jun 2024 16:00,,,,,,,,,,,,,,,,,,,,,,,,,,8,14,,,,,
22nd Jun 2024 17:00,,,,,,,,,,,,,,,,,,,,,,,,,,7,6,,,,,
22nd Jun 2024 18:00,,,,,,,,,,,,,,,,,,,,,,,,,,5,5,,,,,
22nd Jun 2024 19:00,,,,,,,,,,,,,,,,,,,,,,,,,,5,6,,,,,
22nd Jun 2024 20:00,,,,,,,,,,,,,,,,,,,,,,,,,,3,5,,,,,
22nd Jun 2024 21:00,,,,,,,,,,,,,,,,,,,,,,,,,,2,4,,,,,
22nd Jun 2024 22:00,,,,,,,,,,,,,,,,,,,,,,,,,,2,1,,,,,
22nd Jun 2024 23:00,,,,,,,,,,,,,,,,,,,,,,,,,,7,8,,,,,
23rd Jun 2024 00:00,,,,,,,,,,,,,,,,,,,,,,,,,,2,5,,,,,
23rd Jun 2024 01:00,,,,,,,,,,,,,,,,,,,,,,,,,,0,0,,,,,
23rd Jun 2024 02:00,,,,,,,,,,,,,,,,,,,,,,,,,,0,0,,,,,
23rd Jun 2024 03:00,,,,,,,,,,,,,,,,,,,,,,,,,,0,1,,,,,
23rd Jun 2024 04:00,,,,,,,,,,,,,,,,,,,,,,,,,,0,0,,,,,
23rd Jun 2024 05:00,,,,,,,,,,,,,,,,,,,,,,,,,,0,1,,,,,
23rd Jun 2024 06:00,,,,,,,,,,,,,,,,,,,,,,,,,,2,2,,,,,
23rd Jun 2024 07:00,,,,,,,,,,,,,,,,,,,,,,,,,,7,9,,,,,
23rd Jun 2024 08:00,,,,,,,,,,,,,,,,,,,,,,,,,,27,19,,,,,
23rd Jun 2024 09:00,,,,,,,,,,,,,,,,,,,,,,,,,,32,31,,,,,
23rd Jun 2024 10:00,,,,,,,,,,,,,,,,,,,,,,,,,,51,42,,,,,
23rd Jun 2024 11:00,,,,,,,,,,,,,,,,,,,,,,,,,,48,37,,,,,
23rd Jun 2024 12:00,,,,,,,,,,,,,,,,,,,,,,,,,,36,17,,,,,
23rd Jun 2024 13:00,,,,,,,,,,,,,,,,,,,,,,,,,,35,17,,,,,
23rd Jun 2024 14:00,,,,,,,,,,,,,,,,,,,,,,,,,,15,11,,,,,
23rd Jun 2024 15:00,,,,,,,,,,,,,,,,,,,,,,,,,,7,9,,,,,
23rd Jun 2024 16:00,,,,,,,,,,,,,,,,,,,,,,,,,,21,17,,,,,
23rd Jun 2024 17:00,,,,,,,,,,,,,,,,,,,,,,,,,,27,19,,,,,
23rd Jun 2024 18:00,,,,,,,,,,,,,,,,,,,,,,,,,,7,10,,,,,
23rd Jun 2024 19:00,,,,,,,,,,,,,,,,,,,,,,,,,,5,6,,,,,
23rd Jun 2024 20:00,,,,,,,,,,,,,,,,,,,,,,,,,,7,2,,,,,
23rd Jun 2024 21:00,,,,,,,,,,,,,,,,,,,,,,,,,,3,1,,,,,
23rd Jun 2024 22:00,,,,,,,,,,,,,,,,,,,,,,,,,,0,0,,,,,
23rd Jun 2024 23:00,,,,,,,,,,,,,,,,,,,,,,,,,,0,0,,,,,
24th Jun 2024 00:00,,,,,,,,,,,,,,,,,,,,,,,,,,0,0,,,,,
24th Jun 2024 01:00,,,,,,,,,,,,,,,,,,,,,,,,,,1,0,,,,,
24th Jun 2024 02:00,,,,,,,,,,,,,,,,,,,,,,,,,,0,2,,,,,
24th Jun 2024 03:00,,,,,,,,,,,,,,,,,,,,,,,,,,0,0,,,,,
24th Jun 2024 04:00,,,,,,,,,,,,,,,,,,,,,,,,,,0,0,,,,,
24th Jun 2024 05:00,,,,,,,,,,,,,,,,,,,,,,,,,,5,8,,,,,
24th Jun 2024 06:00,,,,,,,,,,,,,,,,,,,,,,,,,,20,15,,,,,
24th Jun 2024 07:00,,,,,,,,,,,,,,,,,,,,,,,,,,23,26,,,,,
24th Jun 2024 08:00,,,,,,,,,,,,,,,,,,,,,,,,,,100,61,,,,,
24th Jun 2024 09:00,,,,,,,,,,,,,,,,,,,,,,,,,,55,34,,,,,
24th Jun 2024 10:00,,,,,,,,,,,,,,,,,,,,,,,,,,39,22,,,,,
24th Jun 2024 11:00,,,,,,,,,,,,,,,,,,,,,,,,,,29,20,,,,,
24th Jun 2024 12:00,,,,,,,,,,,,,,,,,,,,,,,,,,37,19,,,,,
24th Jun 2024 13:00,,,,,,,,,,,,,,,,,,,,,,,,,,31,7,,,,,
24th Jun 2024 14:00,,,,,,,,,,,,,,,,,,,,,,,,,,50,22,,,,,
24th Jun 2024 15:00,,,,,,,,,,,,,,,,,,,,,,,,,,103,63,,,,,
24th Jun 2024 16:00,,,,,,,,,,,,,,,,,,,,,,,,,,43,43,,,,,
24th Jun 2024 17:00,,,,,,,,,,,,,,,,,,,,,,,,,,39,30,,,,,
24th Jun 2024 18:00,,,,,,,,,,,,,,,,,,,,,,,,,,16,19,,,,,
24th Jun 2024 19:00,,,,,,,,,,,,,,,,,,,,,,,,,,11,4,,,,,
24th Jun 2024 20:00,,,,,,,,,,,,,,,,,,,,,,,,,,4,4,,,,,
24th Jun 2024 21:00,,,,,,,,,,,,,,,,,,,,,,,,,,0,0,,,,,
24th Jun 2024 22:00,,,,,,,,,,,,,,,,,,,,,,,,,,0,0,,,,,
24th Jun 2024 23:00,,,,,,,,,,,,,,,,,,,,,,,,,,1,0,,,,,
25th Jun 2024 00:00,,,,,,,,,,,,,,,,,,,,,,,,,,0,0,,,,,
25th Jun 2024 01:00,,,,,,,,,,,,,,,,,,,,,,,,,,0,0,,,,,
25th Jun 2024 02:00,,,,,,,,,,,,,,,,,,,,,,,,,,2,0,,,,,
25th Jun 2024 03:00,,,,,,,,,,,,,,,,,,,,,,,,,,0,0,,,,,
25th Jun 2024 04:00,,,,,,,,,,,,,,,,,,,,,,,,,,0,1,,,,,
25th Jun 2024 05:00,,,,,,,,,,,,,,,,,,,,,,,,,,9,11,,,,,
25th Jun 2024 06:00,,,,,,,,,,,,,,,,,,,,,,,,,,23,8,,,,,
25th Jun 2024 07:00,,,,,,,,,,,,,,,,,,,,,,,,,,20,32,,,,,
25th Jun 2024 08:00,,,,,,,,,,,,,,,,,,,,,,,,,,133,58,,,,,
25th Jun 2024 09:00,,,,,,,,,,,,,,,,,,,,,,,,,,45,83,,,,,
25th Jun 2024 10:00,,,,,,,,,,,,,,,,,,,,,,,,,,24,24,,,,,
25th Jun 2024 11:00,,,,,,,,,,,,,,,,,,,,,,,,,,20,24,,,,,
25th Jun 2024 12:00,,,,,,,,,,,,,,,,,,,,,,,,,,15,18,,,,,
25th Jun 2024 13:00,,,,,,,,,,,,,,,,,,,,,,,,,,18,17,,,,,
25th Jun 2024 14:00,,,,,,,,,,,,,,,,,,,,,,,,,,46,67,,,,,
25th Jun 2024 15:00,,,,,,,,,,,,,,,,,,,,,,,,,,98,32,,,,,
25th Jun 2024 16:00,,,,,,,,,,,,,,,,,,,,,,,,,,35,28,,,,,
25th Jun 2024 17:00,,,,,,,,,,,,,,,,,,,,,,,,,,42,29,,,,,
25th Jun 2024 18:00,,,,,,,,,,,,,,,,,,,,,,,,,,17,13,,,,,
25th Jun 2024 19:00,,,,,,,,,,,,,,,,,,,,,,,,,,10,1,,,,,
25th Jun 2024 20:00,,,,,,,,,,,,,,,,,,,,,,,,,,5,4,,,,,
25th Jun 2024 21:00,,,,,,,,,,,,,,,,,,,,,,,,,,5,1,,,,,
25th Jun 2024 22:00,,,,,,,,,,,,,,,,,,,,,,,,,,0,2,,,,,
25th Jun 2024 23:00,,,,,,,,,,,,,,,,,,,,,,,,,,0,0,,,,,
26th Jun 2024 00:00,,,,,,,,,,,,,,,,,,,,,,,,,,0,0,,,,,
26th Jun 2024 01:00,,,,,,,,,,,,,,,,,,,,,,,,,,0,0,,,,,
26th Jun 2024 02:00,,,,,,,,,,,,,,,,,,,,,,,,,,0,0,,,,,
26th Jun 2024 03:00,,,,,,,,,,,,,,,,,,,,,,,,,,0,0,,,,,
26th Jun 2024 04:00,,,,,,,,,,,,,,,,,,,,,,,,,,3,2,,,,,
26th Jun 2024 05:00,,,,,,,,,,,,,,,,,,,,,,,,,,10,5,,,,,
26th Jun 2024 06:00,,,,,,,,,,,,,,,,,,,,,,,,,,18,10,,,,,
26th Jun 2024 07:00,,,,,,,,,,,,,,,,,,,,,,,,,,34,27,,,,,
26th Jun 2024 08:00,,,,,,,,,,,,,,,,,,,,,,,,,,110,48,,,,,
26th Jun 2024 09:00,,,,,,,,,,,,,,,,,,,,,,,,,,47,34,,,,,
26th Jun 2024 10:00,,,,,,,,,,,,,,,,,,,,,,,,,,11,14,,,,,
26th Jun 2024 11:00,,,,,,,,,,,,,,,,,,,,,,,,,,23,9,,,,,
26th Jun 2024 12:00,,,,,,,,,,,,,,,,,,,,,,,,,,14,14,,,,,
26th Jun 2024 13:00,,,,,,,,,,,,,,,,,,,,,,,,,,28,14,,,,,
26th Jun 2024 14:00,,,,,,,,,,,,,,,,,,,,,,,,,,55,17,,,,,
26th Jun 2024 15:00,,,,,,,,,,,,,,,,,,,,,,,,,,137,39,,,,,
26th Jun 2024 16:00,,,,,,,,,,,,,,,,,,,,,,,,,,48,45,,,,,
26th Jun 2024 17:00,,,,,,,,,,,,,,,,,,,,,,,,,,35,19,,,,,
26th Jun 2024 18:00,,,,,,,,,,,,,,,,,,,,,,,,,,24,7,,,,,
26th Jun 2024 19:00,,,,,,,,,,,,,,,,,,,,,,,,,,5,5,,,,,
26th Jun 2024 20:00,,,,,,,,,,,,,,,,,,,,,,,,,,4,4,,,,,
26th Jun 2024 21:00,,,,,,,,,,,,,,,,,,,,,,,,,,3,2,,,,,
26th Jun 2024 22:00,,,,,,,,,,,,,,,,,,,,,,,,,,4,3,,,,,
26th Jun 2024 23:00,,,,,,,,,,,,,,,,,,,,,,,,,,0,0,,,,,
27th Jun 2024 00:00,,,,,,,,,,,,,,,,,,,,,,,,,,0,1,,,,,
27th Jun 2024 01:00,,,,,,,,,,,,,,,,,,,,,,,,,,1,0,,,,,
27th Jun 2024 02:00,,,,,,,,,,,,,,,,,,,,,,,,,,0,0,,,,,
27th Jun 2024 03:00,,,,,,,,,,,,,,,,,,,,,,,,,,1,1,,,,,
27th Jun 2024 04:00,,,,,,,,,,,,,,,,,,,,,,,,,,4,1,,,,,
27th Jun 2024 05:00,,,,,,,,,,,,,,,,,,,,,,,,,,10,1,,,,,
27th Jun 2024 06:00,,,,,,,,,,,,,,,,,,,,,,,,,,19,13,,,,,
27th Jun 2024 07:00,,,,,,,,,,,,,,,,,,,,,,,,,,24,30,,,,,
27th Jun 2024 08:00,,,,,,,,,,,,,,,,,,,,,,,,,,134,85,,,,,
27th Jun 2024 09:00,,,,,,,,,,,,,,,,,,,,,,,,,,35,30,,,,,
27th Jun 2024 10:00,,,,,,,,,,,,,,,,,,,,,,,,,,18,12,,,,,
27th Jun 2024 11:00,,,,,,,,,,,,,,,,,,,,,,,,,,11,13,,,,,
27th Jun 2024 12:00,,,,,,,,,,,,,,,,,,,,,,,,,,19,8,,,,,
27th Jun 2024 13:00,,,,,,,,,,,,,,,,,,,,,,,,,,24,7,,,,,
27th Jun 2024 14:00,,,,,,,,,,,,,,,,,,,,,,,,,,37,23,,,,,
27th Jun 2024 15:00,,,,,,,,,,,,,,,,,,,,,,,,,,109,83,,,,,
27th Jun 2024 16:00,,,,,,,,,,,,,,,,,,,,,,,,,,53,40,,,,,
27th Jun 2024 17:00,,,,,,,,,,,,,,,,,,,,,,,,,,29,41,,,,,
27th Jun 2024 18:00,,,,,,,,,,,,,,,,,,,,,,,,,,12,24,,,,,
27th Jun 2024 19:00,,,,,,,,,,,,,,,,,,,,,,,,,,15,14,,,,,
27th Jun 2024 20:00,,,,,,,,,,,,,,,,,,,,,,,,,,4,5,,,,,
27th Jun 2024 21:00,,,,,,,,,,,,,,,,,,,,,,,,,,1,3,,,,,
27th Jun 2024 22:00,,,,,,,,,,,,,,,,,,,,,,,,,,0,0,,,,,
27th Jun 2024 23:00,,,,,,,,,,,,,,,,,,,,,,,,,,5,0,,,,,
28th Jun 2024 00:00,,,,,,,,,,,,,,,,,,,,,,,,,,0,0,,,,,
28th Jun 2024 01:00,,,,,,,,,,,,,,,,,,,,,,,,,,1,0,,,,,
28th Jun 2024 02:00,,,,,,,,,,,,,,,,,,,,,,,,,,0,0,,,,,
28th Jun 2024 03:00,,,,,,,,,,,,,,,,,,,,,,,,,,0,0,,,,,
28th Jun 2024 04:00,,,,,,,,,,,,,,,,,,,,,,,,,,2,1,,,,,
28th Jun 2024 05:00,,,,,,,,,,,,,,,,,,,,,,,,,,3,11,,,,,
28th Jun 2024 06:00,,,,,,,,,,,,,,,,,,,,,,,,,,14,28,,,,,
28th Jun 2024 07:00,,,,,,,,,,,,,,,,,,,,,,,,,,39,41,,,,,
28th Jun 2024 08:00,,,,,,,,,,,,,,,,,,,,,,,,,,119,84,,,,,
28th Jun 2024 09:00,,,,,,,,,,,,,,,,,,,,,,,,,,32,56,,,,,
28th Jun 2024 10:00,,,,,,,,,,,,,,,,,,,,,,,,,,20,43,,,,,
28th Jun 2024 11:00,,,,,,,,,,,,,,,,,,,,,,,,,,20,20,,,,,
28th Jun 2024 12:00,,,,,,,,,,,,,,,,,,,,,,,,,,35,21,,,,,
28th Jun 2024 13:00,,,,,,,,,,,,,,,,,,,,,,,,,,25,11,,,,,
28th Jun 2024 14:00,,,,,,,,,,,,,,,,,,,,,,,,,,52,24,,,,,
28th Jun 2024 15:00,,,,,,,,,,,,,,,,,,,,,,,,,,152,56,,,,,
28th Jun 2024 16:00,,,,,,,,,,,,,,,,,,,,,,,,,,46,59,,,,,
28th Jun 2024 17:00,,,,,,,,,,,,,,,,,,,,,,,,,,39,40,,,,,
28th Jun 2024 18:00,,,,,,,,,,,,,,,,,,,,,,,,,,10,16,,,,,
28th Jun 2024 19:00,,,,,,,,,,,,,,,,,,,,,,,,,,8,14,,,,,
28th Jun 2024 20:00,,,,,,,,,,,,,,,,,,,,,,,,,,9,4,,,,,
28th Jun 2024 21:00,,,,,,,,,,,,,,,,,,,,,,,,,,4,2,,,,,
28th Jun 2024 22:00,,,,,,,,,,,,,,,,,,,,,,,,,,1,2,,,,,
28th Jun 2024 23:00,,,,,,,,,,,,,,,,,,,,,,,,,,8,5,,,,,
29th Jun 2024 00:00,,,,,,,,,,,,,,,,,,,,,,,,,,5,7,,,,,
29th Jun 2024 01:00,,,,,,,,,,,,,,,,,,,,,,,,,,15,2,,,,,
29th Jun 2024 02:00,,,,,,,,,,,,,,,,,,,,,,,,,,3,0,,,,,
29th Jun 2024 03:00,,,,,,,,,,,,,,,,,,,,,,,,,,8,0,,,,,
29th Jun 2024 04:00,,,,,,,,,,,,,,,,,,,,,,,,,,9,2,,,,,
29th Jun 2024 05:00,,,,,,,,,,,,,,,,,,,,,,,,,,9,5,,,,,
29th Jun 2024 06:00,,,,,,,,,,,,,,,,,,,,,,,,,,40,16,,,,,
29th Jun 2024 07:00,,,,,,,,,,,,,,,,,,,,,,,,,,64,29,,,,,
29th Jun 2024 08:00,,,,,,,,,,,,,,,,,,,,,,,,,,74,37,,,,,
29th Jun 2024 09:00,,,,,,,,,,,,,,,,,,,,,,,,,,103,47,,,,,
29th Jun 2024 10:00,,,,,,,,,,,,,,,,,,,,,,,,,,153,54,,,,,
29th Jun 2024 11:00,,,,,,,,,,,,,,,,,,,,,,,,,,38,38,,,,,
29th Jun 2024 12:00,,,,,,,,,,,,,,,,,,,,,,,,,,32,37,,,,,
29th Jun 2024 13:00,,,,,,,,,,,,,,,,,,,,,,,,,,28,19,,,,,
29th Jun 2024 14:00,,,,,,,,,,,,,,,,,,,,,,,,,,20,34,,,,,
29th Jun 2024 15:00,,,,,,,,,,,,,,,,,,,,,,,,,,21,43,,,,,
29th Jun 2024 16:00,,,,,,,,,,,,,,,,,,,,,,,,,,33,57,,,,,
29th Jun 2024 17:00,,,,,,,,,,,,,,,,,,,,,,,,,,50,27,,,,,
29th Jun 2024 18:00,,,,,,,,,,,,,,,,,,,,,,,,,,22,10,,,,,
29th Jun 2024 19:00,,,,,,,,,,,,,,,,,,,,,,,,,,13,11,,,,,
29th Jun 2024 20:00,,,,,,,,,,,,,,,,,,,,,,,,,,16,13,,,,,
29th Jun 2024 21:00,,,,,,,,,,,,,,,,,,,,,,,,,,10,4,,,,,
29th Jun 2024 22:00,,,,,,,,,,,,,,,,,,,,,,,,,,10,2,,,,,
29th Jun 2024 23:00,,,,,,,,,,,,,,,,,,,,,,,,,,7,4,,,,,
30th Jun 2024 00:00,,,,,,,,,,,,,,,,,,,,,,,,,,2,6,,,,,
30th Jun 2024 01:00,,,,,,,,,,,,,,,,,,,,,,,,,,1,4,,,,,
30th Jun 2024 02:00,,,,,,,,,,,,,,,,,,,,,,,,,,0,0,,,,,
30th Jun 2024 03:00,,,,,,,,,,,,,,,,,,,,,,,,,,1,0,,,,,
30th Jun 2024 04:00,,,,,,,,,,,,,,,,,,,,,,,,,,1,0,,,,,
30th Jun 2024 05:00,,,,,,,,,,,,,,,,,,,,,,,,,,0,2,,,,,
30th Jun 2024 06:00,,,,,,,,,,,,,,,,,,,,,,,,,,1,6,,,,,
30th Jun 2024 07:00,,,,,,,,,,,,,,,,,,,,,,,,,,15,12,,,,,
30th Jun 2024 08:00,,,,,,,,,,,,,,,,,,,,,,,,,,25,23,,,,,
30th Jun 2024 09:00,,,,,,,,,,,,,,,,,,,,,,,,,,38,30,,,,,
30th Jun 2024 10:00,,,,,,,,,,,,,,,,,,,,,,,,,,25,36,,,,,
30th Jun 2024 11:00,,,,,,,,,,,,,,,,,,,,,,,,,,12,14,,,,,
30th Jun 2024 12:00,,,,,,,,,,,,,,,,,,,,,,,,,,17,14,,,,,
30th Jun 2024 13:00,,,,,,,,,,,,,,,,,,,,,,,,,,18,6,,,,,
30th Jun 2024 14:00,,,,,,,,,,,,,,,,,,,,,,,,,,29,25,,,,,
30th Jun 2024 15:00,,,,,,,,,,,,,,,,,,,,,,,,,,30,33,,,,,
30th Jun 2024 16:00,,,,,,,,,,,,,,,,,,,,,,,,,,32,27,,,,,
30th Jun 2024 17:00,,,,,,,,,,,,,,,,,,,,,,,,,,16,10,,,,,
30th Jun 2024 18:00,,,,,,,,,,,,,,,,,,,,,,,,,,5,4,,,,,
30th Jun 2024 19:00,,,,,,,,,,,,,,,,,,,,,,,,,,6,2,,,,,
30th Jun 2024 20:00,,,,,,,,,,,,,,,,,,,,,,,,,,5,2,,,,,
30th Jun 2024 21:00,,,,,,,,,,,,,,,,,,,,,,,,,,3,5,,,,,
30th Jun 2024 22:00,,,,,,,,,,,,,,,,,,,,,,,,,,0,0,,,,,
30th Jun 2024 23:00,,,,,,,,,,,,,,,,,,,,,,,,,,0,0,,,,,
1st Jul 2024 00:00,,,,,,,,,,,,,,,,,,,,,,,,,,0,0,,,,,
1st Jul 2024 01:00,,,,,,,,,,,,,,,,,,,,,,,,,,0,0,,,,,
1st Jul 2024 02:00,,,,,,,,,,,,,,,,,,,,,,,,,,0,0,,,,,
1st Jul 2024 03:00,,,,,,,,,,,,,,,,,,,,,,,,,,0,0,,,,,
1st Jul 2024 04:00,,,,,,,,,,,,,,,,,,,,,,,,,,1,1,,,,,
1st Jul 2024 05:00,,,,,,,,,,,,,,,,,,,,,,,,,,5,6,,,,,
1st Jul 2024 06:00,,,,,,,,,,,,,,,,,,,,,,,,,,20,9,,,,,
1st Jul 2024 07:00,,,,,,,,,,,,,,,,,,,,,,,,,,23,33,,,,,
1st Jul 2024 08:00,,,,,,,,,,,,,,,,,,,,,,,,,,105,40,,,,,
1st Jul 2024 09:00,,,,,,,,,,,,,,,,,,,,,,,,,,57,28,,,,,
1st Jul 2024 10:00,,,,,,,,,,,,,,,,,,,,,,,,,,28,26,,,,,
1st Jul 2024 11:00,,,,,,,,,,,,,,,,,,,,,,,,,,23,18,,,,,
1st Jul 2024 12:00,,,,,,,,,,,,,,,,,,,,,,,,,,24,33,,,,,
1st Jul 2024 13:00,,,,,,,,,,,,,,,,,,,,,,,,,,23,32,,,,,
1st Jul 2024 14:00,,,,,,,,,,,,,,,,,,,,,,,,,,41,22,,,,,
1st Jul 2024 15:00,,,,,,,,,,,,,,,,,,,,,,,,,,91,50,,,,,
1st Jul 2024 16:00,,,,,,,,,,,,,,,,,,,,,,,,,,45,29,,,,,
1st Jul 2024 17:00,,,,,,,,,,,,,,,,,,,,,,,,,,12,12,,,,,
1st Jul 2024 18:00,,,,,,,,,,,,,,,,,,,,,,,,,,6,4,,,,,
1st Jul 2024 19:00,,,,,,,,,,,,,,,,,,,,,,,,,,3,1,,,,,
1st Jul 2024 20:00,,,,,,,,,,,,,,,,,,,,,,,,,,2,2,,,,,
1st Jul 2024 21:00,,,,,,,,,,,,,,,,,,,,,,,,,,0,0,,,,,
1st Jul 2024 22:00,,,,,,,,,,,,,,,,,,,,,,,,,,0,0,,,,,
1st Jul 2024 23:00,,,,,,,,,,,,,,,,,,,,,,,,,,0,0,,,,,
2nd Jul 2024 00:00,,,,,,,,,,,,,,,,,,,,,,,,,,0,0,,,,,
2nd Jul 2024 01:00,,,,,,,,,,,,,,,,,,,,,,,,,,1,1,,,,,
2nd Jul 2024 02:00,,,,,,,,,,,,,,,,,,,,,,,,,,0,0,,,,,
2nd Jul 2024 03:00,,,,,,,,,,,,,,,,,,,,,,,,,,0,0,,,,,
2nd Jul 2024 04:00,,,,,,,,,,,,,,,,,,,,,,,,,,1,1,,,,,
2nd Jul 2024 05:00,,,,,,,,,,,,,,,,,,,,,,,,,,8,5,,,,,
2nd Jul 2024 06:00,,,,,,,,,,,,,,,,,,,,,,,,,,18,5,,,,,
2nd Jul 2024 07:00,,,,,,,,,,,,,,,,,,,,,,,,,,22,46,,,,,
2nd Jul 2024 08:00,,,,,,,,,,,,,,,,,,,,,,,,,,71,54,,,,,
2nd Jul 2024 09:00,,,,,,,,,,,,,,,,,,,,,,,,,,43,27,,,,,
2nd Jul 2024 10:00,,,,,,,,,,,,,,,,,,,,,,,,,,15,16,,,,,
2nd Jul 2024 11:00,,,,,,,,,,,,,,,,,,,,,,,,,,17,14,,,,,
2nd Jul 2024 12:00,,,,,,,,,,,,,,,,,,,,,,,,,,15,14,,,,,
2nd Jul 2024 13:00,,,,,,,,,,,,,,,,,,,,,,,,,,8,12,,,,,
2nd Jul 2024 14:00,,,,,,,,,,,,,,,,,,,,,,,,,,21,25,,,,,
2nd Jul 2024 15:00,,,,,,,,,,,,,,,,,,,,,,,,,,53,43,,,,,
2nd Jul 2024 16:00,,,,,,,,,,,,,,,,,,,,,,,,,,25,42,,,,,
2nd Jul 2024 17:00,,,,,,,,,,,,,,,,,,,,,,,,,,23,29,,,,,
2nd Jul 2024 18:00,,,,,,,,,,,,,,,,,,,,,,,,,,18,10,,,,,
2nd Jul 2024 19:00,,,,,,,,,,,,,,,,,,,,,,,,,,11,6,,,,,
2nd Jul 2024 20:00,,,,,,,,,,,,,,,,,,,,,,,,,,8,0,,,,,
2nd Jul 2024 21:00,,,,,,,,,,,,,,,,,,,,,,,,,,4,0,,,,,
2nd Jul 2024 22:00,,,,,,,,,,,,,,,,,,,,,,,,,,2,2,,,,,
2nd Jul 2024 23:00,,,,,,,,,,,,,,,,,,,,,,,,,,0,2,,,,,
3rd Jul 2024 00:00,,,,,,,,,,,,,,,,,,,,,,,,,,0,0,,,,,
3rd Jul 2024 01:00,,,,,,,,,,,,,,,,,,,,,,,,,,0,0,,,,,
3rd Jul 2024 02:00,,,,,,,,,,,,,,,,,,,,,,,,,,0,0,,,,,
3rd Jul 2024 03:00,,,,,,,,,,,,,,,,,,,,,,,,,,0,1,,,,,
3rd Jul 2024 04:00,,,,,,,,,,,,,,,,,,,,,,,,,,2,0,,,,,
3rd Jul 2024 05:00,,,,,,,,,,,,,,,,,,,,,,,,,,4,5,,,,,
3rd Jul 2024 06:00,,,,,,,,,,,,,,,,,,,,,,,,,,10,9,,,,,
3rd Jul 2024 07:00,,,,,,,,,,,,,,,,,,,,,,,,,,32,26,,,,,
3rd Jul 2024 08:00,,,,,,,,,,,,,,,,,,,,,,,,,,57,66,,,,,
3rd Jul 2024 09:00,,,,,,,,,,,,,,,,,,,,,,,,,,33,15,,,,,
3rd Jul 2024 10:00,,,,,,,,,,,,,,,,,,,,,,,,,,12,23,,,,,
3rd Jul 2024 11:00,,,,,,,,,,,,,,,,,,,,,,,,,,28,15,,,,,
3rd Jul 2024 12:00,,,,,,,,,,,,,,,,,,,,,,,,,,33,14,,,,,
3rd Jul 2024 13:00,,,,,,,,,,,,,,,,,,,,,,,,,,14,16,,,,,
3rd Jul 2024 14:00,,,,,,,,,,,,,,,,,,,,,,,,,,40,21,,,,,
3rd Jul 2024 15:00,,,,,,,,,,,,,,,,,,,,,,,,,,82,26,,,,,
3rd Jul 2024 16:00,,,,,,,,,,,,,,,,,,,,,,,,,,27,23,,,,,
3rd Jul 2024 17:00,,,,,,,,,,,,,,,,,,,,,,,,,,22,19,,,,,
3rd Jul 2024 18:00,,,,,,,,,,,,,,,,,,,,,,,,,,6,3,,,,,
3rd Jul 2024 19:00,,,,,,,,,,,,,,,,,,,,,,,,,,1,1,,,,,
3rd Jul 2024 20:00,,,,,,,,,,,,,,,,,,,,,,,,,,4,2,,,,,
3rd Jul 2024 21:00,,,,,,,,,,,,,,,,,,,,,,,,,,2,0,,,,,
3rd Jul 2024 22:00,,,,,,,,,,,,,,,,,,,,,,,,,,3,0,,,,,
3rd Jul 2024 23:00,,,,,,,,,,,,,,,,,,,,,,,,,,0,0,,,,,
4th Jul 2024 00:00,,,,,,,,,,,,,,,,,,,,,,,,,,0,0,,,,,
4th Jul 2024 01:00,,,,,,,,,,,,,,,,,,,,,,,,,,0,0,,,,,
4th Jul 2024 02:00,,,,,,,,,,,,,,,,,,,,,,,,,,0,2,,,,,
4th Jul 2024 03:00,,,,,,,,,,,,,,,,,,,,,,,,,,0,0,,,,,
4th Jul 2024 04:00,,,,,,,,,,,,,,,,,,,,,,,,,,1,0,,,,,
4th Jul 2024 05:00,,,,,,,,,,,,,,,,,,,,,,,,,,9,4,,,,,
4th Jul 2024 06:00,,,,,,,,,,,,,,,,,,,,,,,,,,16,20,,,,,
4th Jul 2024 07:00,,,,,,,,,,,,,,,,,,,,,,,,,,38,42,,,,,
4th Jul 2024 08:00,,,,,,,,,,,,,,,,,,,,,,,,,,81,50,,,,,
4th Jul 2024 09:00,,,,,,,,,,,,,,,,,,,,,,,,,,32,33,,,,,
4th Jul 2024 10:00,,,,,,,,,,,,,,,,,,,,,,,,,,18,27,,,,,
4th Jul 2024 11:00,,,,,,,,,,,,,,,,,,,,,,,,,,16,14,,,,,
4th Jul 2024 12:00,,,,,,,,,,,,,,,,,,,,,,,,,,26,30,,,,,
4th Jul 2024 13:00,,,,,,,,,,,,,,,,,,,,,,,,,,23,28,,,,,
4th Jul 2024 14:00,,,,,,,,,,,,,,,,,,,,,,,,,,48,30,,,,,
4th Jul 2024 15:00,,,,,,,,,,,,,,,,,,,,,,,,,,107,46,,,,,
4th Jul 2024 16:00,,,,,,,,,,,,,,,,,,,,,,,,,,40,42,,,,,
4th Jul 2024 17:00,,,,,,,,,,,,,,,,,,,,,,,,,,27,37,,,,,
4th Jul 2024 18:00,,,,,,,,,,,,,,,,,,,,,,,,,,10,18,,,,,
4th Jul 2024 19:00,,,,,,,,,,,,,,,,,,,,,,,,,,13,13,,,,,
4th Jul 2024 20:00,,,,,,,,,,,,,,,,,,,,,,,,,,5,5,,,,,
4th Jul 2024 21:00,,,,,,,,,,,,,,,,,,,,,,,,,,2,2,,,,,
4th Jul 2024 22:00,,,,,,,,,,,,,,,,,,,,,,,,,,1,0,,,,,
4th Jul 2024 23:00,,,,,,,,,,,,,,,,,,,,,,,,,,3,0,,,,,
5th Jul 2024 00:00,,,,,,,,,,,,,,,,,,,,,,,,,,1,0,,,,,
5th Jul 2024 01:00,,,,,,,,,,,,,,,,,,,,,,,,,,0,0,,,,,
5th Jul 2024 02:00,,,,,,,,,,,,,,,,,,,,,,,,,,0,0,,,,,
5th Jul 2024 03:00,,,,,,,,,,,,,,,,,,,,,,,,,,0,0,,,,,
5th Jul 2024 04:00,,,,,,,,,,,,,,,,,,,,,,,,,,2,0,,,,,
5th Jul 2024 05:00,,,,,,,,,,,,,,,,,,,,,,,,,,3,18,,,,,
5th Jul 2024 06:00,,,,,,,,,,,,,,,,,,,,,,,,,,11,11,,,,,
5th Jul 2024 07:00,,,,,,,,,,,,,,,,,,,,,,,,,,31,24,,,,,
5th Jul 2024 08:00,,,,,,,,,,,,,,,,,,,,,,,,,,100,73,,,,,
5th Jul 2024 09:00,,,,,,,,,,,,,,,,,,,,,,,,,,35,30,,,,,
5th Jul 2024 10:00,,,,,,,,,,,,,,,,,,,,,,,,,,16,23,,,,,
5th Jul 2024 11:00,,,,,,,,,,,,,,,,,,,,,,,,,,25,23,,,,,
5th Jul 2024 12:00,,,,,,,,,,,,,,,,,,,,,,,,,,18,18,,,,,
5th Jul 2024 13:00,,,,,,,,,,,,,,,,,,,,,,,,,,29,27,,,,,
5th Jul 2024 14:00,,,,,,,,,,,,,,,,,,,,,,,,,,39,25,,,,,
5th Jul 2024 15:00,,,,,,,,,,,,,,,,,,,,,,,,,,78,32,,,,,
5th Jul 2024 16:00,,,,,,,,,,,,,,,,,,,,,,,,,,29,77,,,,,
5th Jul 2024 17:00,,,,,,,,,,,,,,,,,,,,,,,,,,33,137,,,,,
5th Jul 2024 18:00,,,,,,,,,,,,,,,,,,,,,,,,,,13,16,,,,,
5th Jul 2024 19:00,,,,,,,,,,,,,,,,,,,,,,,,,,7,9,,,,,
5th Jul 2024 20:00,,,,,,,,,,,,,,,,,,,,,,,,,,2,4,,,,,
5th Jul 2024 21:00,,,,,,,,,,,,,,,,,,,,,,,,,,4,5,,,,,
5th Jul 2024 22:00,,,,,,,,,,,,,,,,,,,,,,,,,,1,6,,,,,
5th Jul 2024 23:00,,,,,,,,,,,,,,,,,,,,,,,,,,1,5,,,,,
6th Jul 2024 00:00,,,,,,,,,,,,,,,,,,,,,,,,,,0,0,,,,,
6th Jul 2024 01:00,,,,,,,,,,,,,,,,,,,,,,,,,,0,1,,,,,
6th Jul 2024 02:00,,,,,,,,,,,,,,,,,,,,,,,,,,0,0,,,,,
6th Jul 2024 03:00,,,,,,,,,,,,,,,,,,,,,,,,,,0,1,,,,,
6th Jul 2024 04:00,,,,,,,,,,,,,,,,,,,,,,,,,,0,0,,,,,
6th Jul 2024 05:00,,,,,,,,,,,,,,,,,,,,,,,,,,4,2,,,,,
6th Jul 2024 06:00,,,,,,,,,,,,,,,,,,,,,,,,,,12,12,,,,,
6th Jul 2024 07:00,,,,,,,,,,,,,,,,,,,,,,,,,,19,31,,,,,
6th Jul 2024 08:00,,,,,,,,,,,,,,,,,,,,,,,,,,25,39,,,,,
6th Jul 2024 09:00,,,,,,,,,,,,,,,,,,,,,,,,,,54,39,,,,,
6th Jul 2024 10:00,,,,,,,,,,,,,,,,,,,,,,,,,,25,22,,,,,
6th Jul 2024 11:00,,,,,,,,,,,,,,,,,,,,,,,,,,36,30,,,,,
6th Jul 2024 12:00,,,,,,,,,,,,,,,,,,,,,,,,,,27,37,,,,,
6th Jul 2024 13:00,,,,,,,,,,,,,,,,,,,,,,,,,,42,17,,,,,
6th Jul 2024 14:00,,,,,,,,,,,,,,,,,,,,,,,,,,30,26,,,,,
6th Jul 2024 15:00,,,,,,,,,,,,,,,,,,,,,,,,,,42,25,,,,,
6th Jul 2024 16:00,,,,,,,,,,,,,,,,,,,,,,,,,,31,46,,,,,
6th Jul 2024 17:00,,,,,,,,,,,,,,,,,,,,,,,,,,23,27,,,,,
6th Jul 2024 18:00,,,,,,,,,,,,,,,,,,,,,,,,,,6,1,,,,,
6th Jul 2024 19:00,,,,,,,,,,,,,,,,,,,,,,,,,,5,3,,,,,
6th Jul 2024 20:00,,,,,,,,,,,,,,,,,,,,,,,,,,1,4,,,,,
6th Jul 2024 21:00,,,,,,,,,,,,,,,,,,,,,,,,,,1,0,,,,,
6th Jul 2024 22:00,,,,,,,,,,,,,,,,,,,,,,,,,,1,6,,,,,
6th Jul 2024 23:00,,,,,,,,,,,,,,,,,,,,,,,,,,4,5,,,,,
7th Jul 2024 00:00,,,,,,,,,,,,,,,,,,,,,,,,,,3,0,,,,,
7th Jul 2024 01:00,,,,,,,,,,,,,,,,,,,,,,,,,,0,0,,,,,
7th Jul 2024 02:00,,,,,,,,,,,,,,,,,,,,,,,,,,1,1,,,,,
7th Jul 2024 03:00,,,,,,,,,,,,,,,,,,,,,,,,,,0,0,,,,,
7th Jul 2024 04:00,,,,,,,,,,,,,,,,,,,,,,,,,,0,0,,,,,
7th Jul 2024 05:00,,,,,,,,,,,,,,,,,,,,,,,,,,2,1,,,,,
7th Jul 2024 06:00,,,,,,,,,,,,,,,,,,,,,,,,,,2,3,,,,,
7th Jul 2024 07:00,,,,,,,,,,,,,,,,,,,,,,,,,,11,13,,,,,
7th Jul 2024 08:00,,,,,,,,,,,,,,,,,,,,,,,,,,30,41,,,,,
7th Jul 2024 09:00,,,,,,,,,,,,,,,,,,,,,,,,,,49,38,,,,,
7th Jul 2024 10:00,,,,,,,,,,,,,,,,,,,,,,,,,,34,42,,,,,
7th Jul 2024 11:00,,,,,,,,,,,,,,,,,,,,,,,,,,32,52,,,,,
7th Jul 2024 12:00,,,,,,,,,,,,,,,,,,,,,,,,,,34,37,,,,,
7th Jul 2024 13:00,,,,,,,,,,,,,,,,,,,,,,,,,,24,10,,,,,
7th Jul 2024 14:00,,,,,,,,,,,,,,,,,,,,,,,,,,23,32,,,,,
7th Jul 2024 15:00,,,,,,,,,,,,,,,,,,,,,,,,,,21,18,,,,,
7th Jul 2024 16:00,,,,,,,,,,,,,,,,,,,,,,,,,,32,31,,,,,
7th Jul 2024 17:00,,,,,,,,,,,,,,,,,,,,,,,,,,19,29,,,,,
7th Jul 2024 18:00,,,,,,,,,,,,,,,,,,,,,,,,,,6,3,,,,,
7th Jul 2024 19:00,,,,,,,,,,,,,,,,,,,,,,,,,,2,11,,,,,
7th Jul 2024 20:00,,,,,,,,,,,,,,,,,,,,,,,,,,1,3,,,,,
7th Jul 2024 21:00,,,,,,,,,,,,,,,,,,,,,,,,,,1,1,,,,,
7th Jul 2024 22:00,,,,,,,,,,,,,,,,,,,,,,,,,,2,2,,,,,
7th Jul 2024 23:00,,,,,,,,,,,,,,,,,,,,,,,,,,2,1,,,,,
8th Jul 2024 00:00,,,,,,,,,,,,,,,,,,,,,,,,,,1,0,,,,,
8th Jul 2024 01:00,,,,,,,,,,,,,,,,,,,,,,,,,,0,0,,,,,
8th Jul 2024 02:00,,,,,,,,,,,,,,,,,,,,,,,,,,0,0,,,,,
8th Jul 2024 03:00,,,,,,,,,,,,,,,,,,,,,,,,,,0,1,,,,,
8th Jul 2024 04:00,,,,,,,,,,,,,,,,,,,,,,,,,,0,0,,,,,
8th Jul 2024 05:00,,,,,,,,,,,,,,,,,,,,,,,,,,6,8,,,,,
8th Jul 2024 06:00,,,,,,,,,,,,,,,,,,,,,,,,,,23,21,,,,,
8th Jul 2024 07:00,,,,,,,,,,,,,,,,,,,,,,,,,,21,19,,,,,
8th Jul 2024 08:00,,,,,,,,,,,,,,,,,,,,,,,,,,21,34,,,,,
8th Jul 2024 09:00,,,,,,,,,,,,,,,,,,,,,,,,,,11,18,,,,,
8th Jul 2024 10:00,,,,,,,,,,,,,,,,,,,,,,,,,,13,23,,,,,
8th Jul 2024 11:00,,,,,,,,,,,,,,,,,,,,,,,,,,26,14,,,,,
8th Jul 2024 12:00,,,,,,,,,,,,,,,,,,,,,,,,,,12,7,,,,,
8th Jul 2024 13:00,,,,,,,,,,,,,,,,,,,,,,,,,,13,11,,,,,
8th Jul 2024 14:00,,,,,,,,,,,,,,,,,,,,,,,,,,24,20,,,,,
8th Jul 2024 15:00,,,,,,,,,,,,,,,,,,,,,,,,,,27,27,,,,,
8th Jul 2024 16:00,,,,,,,,,,,,,,,,,,,,,,,,,,44,51,,,,,
8th Jul 2024 17:00,,,,,,,,,,,,,,,,,,,,,,,,,,60,24,,,,,
8th Jul 2024 18:00,,,,,,,,,,,,,,,,,,,,,,,,,,14,26,,,,,
8th Jul 2024 19:00,,,,,,,,,,,,,,,,,,,,,,,,,,6,13,,,,,
8th Jul 2024 20:00,,,,,,,,,,,,,,,,,,,,,,,,,,11,2,,,,,
8th Jul 2024 21:00,,,,,,,,,,,,,,,,,,,,,,,,,,2,2,,,,,
8th Jul 2024 22:00,,,,,,,,,,,,,,,,,,,,,,,,,,1,3,,,,,
8th Jul 2024 23:00,,,,,,,,,,,,,,,,,,,,,,,,,,0,0,,,,,
9th Jul 2024 00:00,,,,,,,,,,,,,,,,,,,,,,,,,,1,2,,,,,
9th Jul 2024 01:00,,,,,,,,,,,,,,,,,,,,,,,,,,0,0,,,,,
9th Jul 2024 02:00,,,,,,,,,,,,,,,,,,,,,,,,,,0,0,,,,,
9th Jul 2024 03:00,,,,,,,,,,,,,,,,,,,,,,,,,,0,0,,,,,
9th Jul 2024 04:00,,,,,,,,,,,,,,,,,,,,,,,,,,0,0,,,,,
9th Jul 2024 05:00,,,,,,,,,,,,,,,,,,,,,,,,,,2,7,,,,,
9th Jul 2024 06:00,,,,,,,,,,,,,,,,,,,,,,,,,,15,5,,,,,
9th Jul 2024 07:00,,,,,,,,,,,,,,,,,,,,,,,,,,28,30,,,,,
9th Jul 2024 08:00,,,,,,,,,,,,,,,,,,,,,,,,,,24,17,,,,,
9th Jul 2024 09:00,,,,,,,,,,,,,,,,,,,,,,,,,,6,20,,,,,
9th Jul 2024 10:00,,,,,,,,,,,,,,,,,,,,,,,,,,21,10,,,,,
9th Jul 2024 11:00,,,,,,,,,,,,,,,,,,,,,,,,,,13,20,,,,,
9th Jul 2024 12:00,,,,,,,,,,,,,,,,,,,,,,,,,,25,33,,,,,
9th Jul 2024 13:00,,,,,,,,,,,,,,,,,,,,,,,,,,24,76,,,,,
9th Jul 2024 14:00,,,,,,,,,,,,,,,,,,,,,,,,,,21,23,,,,,
9th Jul 2024 15:00,,,,,,,,,,,,,,,,,,,,,,,,,,32,39,,,,,
9th Jul 2024 16:00,,,,,,,,,,,,,,,,,,,,,,,,,,32,40,,,,,
9th Jul 2024 17:00,,,,,,,,,,,,,,,,,,,,,,,,,,39,43,,,,,
9th Jul 2024 18:00,,,,,,,,,,,,,,,,,,,,,,,,,,26,11,,,,,
9th Jul 2024 19:00,,,,,,,,,,,,,,,,,,,,,,,,,,11,2,,,,,
9th Jul 2024 20:00,,,,,,,,,,,,,,,,,,,,,,,,,,11,0,,,,,
9th Jul 2024 21:00,,,,,,,,,,,,,,,,,,,,,,,,,,4,4,,,,,
9th Jul 2024 22:00,,,,,,,,,,,,,,,,,,,,,,,,,,3,2,,,,,
9th Jul 2024 23:00,,,,,,,,,,,,,,,,,,,,,,,,,,0,0,,,,,
10th Jul 2024 00:00,,,,,,,,,,,,,,,,,,,,,,,,,,1,0,,,,,
10th Jul 2024 01:00,,,,,,,,,,,,,,,,,,,,,,,,,,0,1,,,,,
10th Jul 2024 02:00,,,,,,,,,,,,,,,,,,,,,,,,,,0,0,,,,,
10th Jul 2024 03:00,,,,,,,,,,,,,,,,,,,,,,,,,,0,0,,,,,
10th Jul 2024 04:00,,,,,,,,,,,,,,,,,,,,,,,,,,1,0,,,,,
10th Jul 2024 05:00,,,,,,,,,,,,,,,,,,,,,,,,,,7,10,,,,,
10th Jul 2024 06:00,,,,,,,,,,,,,,,,,,,,,,,,,,14,17,,,,,
10th Jul 2024 07:00,,,,,,,,,,,,,,,,,,,,,,,,,,30,25,,,,,
10th Jul 2024 08:00,,,,,,,,,,,,,,,,,,,,,,,,,,34,28,,,,,
10th Jul 2024 09:00,,,,,,,,,,,,,,,,,,,,,,,,,,24,13,,,,,
10th Jul 2024 10:00,,,,,,,,,,,,,,,,,,,,,,,,,,25,25,,,,,
10th Jul 2024 11:00,,,,,,,,,,,,,,,,,,,,,,,,,,23,13,,,,,
10th Jul 2024 12:00,,,,,,,,,,,,,,,,,,,,,,,,,,35,19,,,,,
10th Jul 2024 13:00,,,,,,,,,,,,,,,,,,,,,,,,,,41,19,,,,,
10th Jul 2024 14:00,,,,,,,,,,,,,,,,,,,,,,,,,,41,26,,,,,
10th Jul 2024 15:00,,,,,,,,,,,,,,,,,,,,,,,,,,35,20,,,,,
10th Jul 2024 16:00,,,,,,,,,,,,,,,,,,,,,,,,,,35,37,,,,,
10th Jul 2024 17:00,,,,,,,,,,,,,,,,,,,,,,,,,,31,30,,,,,
10th Jul 2024 18:00,,,,,,,,,,,,,,,,,,,,,,,,,,24,16,,,,,
10th Jul 2024 19:00,,,,,,,,,,,,,,,,,,,,,,,,,,7,13,,,,,
10th Jul 2024 20:00,,,,,,,,,,,,,,,,,,,,,,,,,,16,2,,,,,
10th Jul 2024 21:00,,,,,,,,,,,,,,,,,,,,,,,,,,1,3,,,,,
10th Jul 2024 22:00,,,,,,,,,,,,,,,,,,,,,,,,,,4,2,,,,,
10th Jul 2024 23:00,,,,,,,,,,,,,,,,,,,,,,,,,,0,2,,,,,
11th Jul 2024 00:00,,,,,,,,,,,,,,,,,,,,,,,,,,0,0,,,,,
11th Jul 2024 01:00,,,,,,,,,,,,,,,,,,,,,,,,,,0,0,,,,,
11th Jul 2024 02:00,,,,,,,,,,,,,,,,,,,,,,,,,,0,0,,,,,
11th Jul 2024 03:00,,,,,,,,,,,,,,,,,,,,,,,,,,0,0,,,,,
11th Jul 2024 04:00,,,,,,,,,,,,,,,,,,,,,,,,,,1,0,,,,,
11th Jul 2024 05:00,,,,,,,,,,,,,,,,,,,,,,,,,,0,7,,,,,
11th Jul 2024 06:00,,,,,,,,,,,,,,,,,,,,,,,,,,19,10,,,,,
11th Jul 2024 07:00,,,,,,,,,,,,,,,,,,,,,,,,,,25,38,,,,,
11th Jul 2024 08:00,,,,,,,,,,,,,,,,,,,,,,,,,,38,38,,,,,
11th Jul 2024 09:00,,,,,,,,,,,,,,,,,,,,,,,,,,14,36,,,,,
11th Jul 2024 10:00,,,,,,,,,,,,,,,,,,,,,,,,,,40,25,,,,,
11th Jul 2024 11:00,,,,,,,,,,,,,,,,,,,,,,,,,,31,21,,,,,
11th Jul 2024 12:00,,,,,,,,,,,,,,,,,,,,,,,,,,16,16,,,,,
11th Jul 2024 13:00,,,,,,,,,,,,,,,,,,,,,,,,,,25,22,,,,,
11th Jul 2024 14:00,,,,,,,,,,,,,,,,,,,,,,,,,,33,16,,,,,
11th Jul 2024 15:00,,,,,,,,,,,,,,,,,,,,,,,,,,24,39,,,,,
11th Jul 2024 16:00,,,,,,,,,,,,,,,,,,,,,,,,,,21,50,,,,,
11th Jul 2024 17:00,,,,,,,,,,,,,,,,,,,,,,,,,,25,31,,,,,
11th Jul 2024 18:00,,,,,,,,,,,,,,,,,,,,,,,,,,24,7,,,,,
11th Jul 2024 19:00,,,,,,,,,,,,,,,,,,,,,,,,,,12,2,,,,,
11th Jul 2024 20:00,,,,,,,,,,,,,,,,,,,,,,,,,,3,3,,,,,
11th Jul 2024 21:00,,,,,,,,,,,,,,,,,,,,,,,,,,0,0,,,,,
11th Jul 2024 22:00,,,,,,,,,,,,,,,,,,,,,,,,,,0,1,,,,,
11th Jul 2024 23:00,,,,,,,,,,,,,,,,,,,,,,,,,,1,0,,,,,
12th Jul 2024 00:00,,,,,,,,,,,,,,,,,,,,,,,,,,0,1,,,,,
12th Jul 2024 01:00,,,,,,,,,,,,,,,,,,,,,,,,,,0,0,,,,,
12th Jul 2024 02:00,,,,,,,,,,,,,,,,,,,,,,,,,,0,0,,,,,
12th Jul 2024 03:00,,,,,,,,,,,,,,,,,,,,,,,,,,0,1,,,,,
12th Jul 2024 04:00,,,,,,,,,,,,,,,,,,,,,,,,,,1,0,,,,,
12th Jul 2024 05:00,,,,,,,,,,,,,,,,,,,,,,,,,,3,8,,,,,
12th Jul 2024 06:00,,,,,,,,,,,,,,,,,,,,,,,,,,12,12,,,,,
12th Jul 2024 07:00,,,,,,,,,,,,,,,,,,,,,,,,,,25,35,,,,,
12th Jul 2024 08:00,,,,,,,,,,,,,,,,,,,,,,,,,,29,53,,,,,
12th Jul 2024 09:00,,,,,,,,,,,,,,,,,,,,,,,,,,10,32,,,,,
12th Jul 2024 10:00,,,,,,,,,,,,,,,,,,,,,,,,,,19,13,,,,,
12th Jul 2024 11:00,,,,,,,,,,,,,,,,,,,,,,,,,,33,33,,,,,
12th Jul 2024 12:00,,,,,,,,,,,,,,,,,,,,,,,,,,19,24,,,,,
12th Jul 2024 13:00,,,,,,,,,,,,,,,,,,,,,,,,,,41,20,,,,,
12th Jul 2024 14:00,,,,,,,,,,,,,,,,,,,,,,,,,,26,14,,,,,
12th Jul 2024 15:00,,,,,,,,,,,,,,,,,,,,,,,,,,35,20,,,,,
12th Jul 2024 16:00,,,,,,,,,,,,,,,,,,,,,,,,,,44,33,,,,,
12th Jul 2024 17:00,,,,,,,,,,,,,,,,,,,,,,,,,,30,33,,,,,
12th Jul 2024 18:00,,,,,,,,,,,,,,,,,,,,,,,,,,14,14,,,,,
12th Jul 2024 19:00,,,,,,,,,,,,,,,,,,,,,,,,,,6,7,,,,,
12th Jul 2024 20:00,,,,,,,,,,,,,,,,,,,,,,,,,,2,7,,,,,
12th Jul 2024 21:00,,,,,,,,,,,,,,,,,,,,,,,,,,5,4,,,,,
12th Jul 2024 22:00,,,,,,,,,,,,,,,,,,,,,,,,,,4,0,,,,,
12th Jul 2024 23:00,,,,,,,,,,,,,,,,,,,,,,,,,,2,0,,,,,
13th Jul 2024 00:00,,,,,,,,,,,,,,,,,,,,,,,,,,3,2,,,,,
13th Jul 2024 01:00,,,,,,,,,,,,,,,,,,,,,,,,,,0,0,,,,,
13th Jul 2024 02:00,,,,,,,,,,,,,,,,,,,,,,,,,,2,0,,,,,
13th Jul 2024 03:00,,,,,,,,,,,,,,,,,,,,,,,,,,0,0,,,,,
13th Jul 2024 04:00,,,,,,,,,,,,,,,,,,,,,,,,,,0,0,,,,,
13th Jul 2024 05:00,,,,,,,,,,,,,,,,,,,,,,,,,,0,1,,,,,
13th Jul 2024 06:00,,,,,,,,,,,,,,,,,,,,,,,,,,12,10,,,,,
13th Jul 2024 07:00,,,,,,,,,,,,,,,,,,,,,,,,,,16,25,,,,,
13th Jul 2024 08:00,,,,,,,,,,,,,,,,,,,,,,,,,,33,67,,,,,
13th Jul 2024 09:00,,,,,,,,,,,,,,,,,,,,,,,,,,227,31,,,,,
13th Jul 2024 10:00,,,,,,,,,,,,,,,,,,,,,,,,,,86,27,,,,,
13th Jul 2024 11:00,,,,,,,,,,,,,,,,,,,,,,,,,,32,18,,,,,
13th Jul 2024 12:00,,,,,,,,,,,,,,,,,,,,,,,,,,23,54,,,,,
13th Jul 2024 13:00,,,,,,,,,,,,,,,,,,,,,,,,,,26,19,,,,,
13th Jul 2024 14:00,,,,,,,,,,,,,,,,,,,,,,,,,,23,24,,,,,
13th Jul 2024 15:00,,,,,,,,,,,,,,,,,,,,,,,,,,33,58,,,,,
13th Jul 2024 16:00,,,,,,,,,,,,,,,,,,,,,,,,,,41,47,,,,,
13th Jul 2024 17:00,,,,,,,,,,,,,,,,,,,,,,,,,,25,28,,,,,
13th Jul 2024 18:00,,,,,,,,,,,,,,,,,,,,,,,,,,7,9,,,,,
13th Jul 2024 19:00,,,,,,,,,,,,,,,,,,,,,,,,,,5,12,,,,,
13th Jul 2024 20:00,,,,,,,,,,,,,,,,,,,,,,,,,,5,2,,,,,
13th Jul 2024 21:00,,,,,,,,,,,,,,,,,,,,,,,,,,4,8,,,,,
13th Jul 2024 22:00,,,,,,,,,,,,,,,,,,,,,,,,,,4,3,,,,,
13th Jul 2024 23:00,,,,,,,,,,,,,,,,,,,,,,,,,,0,4,,,,,
14th Jul 2024 00:00,,,,,,,,,,,,,,,,,,,,,,,,,,0,1,,,,,
14th Jul 2024 01:00,,,,,,,,,,,,,,,,,,,,,,,,,,0,0,,,,,
14th Jul 2024 02:00,,,,,,,,,,,,,,,,,,,,,,,,,,1,0,,,,,
14th Jul 2024 03:00,,,,,,,,,,,,,,,,,,,,,,,,,,0,0,,,,,
14th Jul 2024 04:00,,,,,,,,,,,,,,,,,,,,,,,,,,0,0,,,,,
14th Jul 2024 05:00,,,,,,,,,,,,,,,,,,,,,,,,,,4,1,,,,,
14th Jul 2024 06:00,,,,,,,,,,,,,,,,,,,,,,,,,,4,6,,,,,
14th Jul 2024 07:00,,,,,,,,,,,,,,,,,,,,,,,,,,16,20,,,,,
14th Jul 2024 08:00,,,,,,,,,,,,,,,,,,,,,,,,,,18,34,,,,,
14th Jul 2024 09:00,,,,,,,,,,,,,,,,,,,,,,,,,,41,51,,,,,
14th Jul 2024 10:00,,,,,,,,,,,,,,,,,,,,,,,,,,19,61,,,,,
14th Jul 2024 11:00,,,,,,,,,,,,,,,,,,,,,,,,,,39,30,,,,,
14th Jul 2024 12:00,,,,,,,,,,,,,,,,,,,,,,,,,,33,30,,,,,
14th Jul 2024 13:00,,,,,,,,,,,,,,,,,,,,,,,,,,44,24,,,,,
14th Jul 2024 14:00,,,,,,,,,,,,,,,,,,,,,,,,,,27,19,,,,,
14th Jul 2024 15:00,,,,,,,,,,,,,,,,,,,,,,,,,,32,26,,,,,
14th Jul 2024 16:00,,,,,,,,,,,,,,,,,,,,,,,,,,47,34,,,,,
14th Jul 2024 17:00,,,,,,,,,,,,,,,,,,,,,,,,,,33,26,,,,,
14th Jul 2024 18:00,,,,,,,,,,,,,,,,,,,,,,,,,,10,7,,,,,
14th Jul 2024 19:00,,,,,,,,,,,,,,,,,,,,,,,,,,6,7,,,,,
14th Jul 2024 20:00,,,,,,,,,,,,,,,,,,,,,,,,,,3,6,,,,,
14th Jul 2024 21:00,,,,,,,,,,,,,,,,,,,,,,,,,,3,2,,,,,
14th Jul 2024 22:00,,,,,,,,,,,,,,,,,,,,,,,,,,1,2,,,,,
14th Jul 2024 23:00,,,,,,,,,,,,,,,,,,,,,,,,,,0,0,,,,,
15th Jul 2024 00:00,,,,,,,,,,,,,,,,,,,,,,,,,,0,0,,,,,
15th Jul 2024 01:00,,,,,,,,,,,,,,,,,,,,,,,,,,1,0,,,,,
15th Jul 2024 02:00,,,,,,,,,,,,,,,,,,,,,,,,,,0,0,,,,,
15th Jul 2024 03:00,,,,,,,,,,,,,,,,,,,,,,,,,,0,0,,,,,
15th Jul 2024 04:00,,,,,,,,,,,,,,,,,,,,,,,,,,1,1,,,,,
15th Jul 2024 05:00,,,,,,,,,,,,,,,,,,,,,,,,,,6,4,,,,,
15th Jul 2024 06:00,,,,,,,,,,,,,,,,,,,,,,,,,,12,11,,,,,
15th Jul 2024 07:00,,,,,,,,,,,,,,,,,,,,,,,,,,25,21,,,,,
15th Jul 2024 08:00,,,,,,,,,,,,,,,,,,,,,,,,,,25,35,,,,,
15th Jul 2024 09:00,,,,,,,,,,,,,,,,,,,,,,,,,,29,22,,,,,
15th Jul 2024 10:00,,,,,,,,,,,,,,,,,,,,,,,,,,21,19,,,,,
15th Jul 2024 11:00,,,,,,,,,,,,,,,,,,,,,,,,,,,,,,,,
15th Jul 2024 12:00,,,,,,,,,,,,,,,,,,,,,,,,22,12,,,,,,,
15th Jul 2024 13:00,,,,,,,,,,,,,,,,,,,,,,,,15,11,,,,,,,
15th Jul 2024 14:00,,,,,,,,,,,,,,,,,,,,,,,,13,8,,,,,,,
15th Jul 2024 15:00,,,,,,,,,,,,,,,,,,,,,,,,16,11,,,,,,,
15th Jul 2024 16:00,,,,,,,,,,,,,,,,,,,,,,,,11,29,,,,,,,
15th Jul 2024 17:00,,,,,,,,,,,,,,,,,,,,,,,,20,26,,,,,,,
15th Jul 2024 18:00,,,,,,,,,,,,,,,,,,,,,,,,5,10,,,,,,,
15th Jul 2024 19:00,,,,,,,,,,,,,,,,,,,,,,,,4,3,,,,,,,
15th Jul 2024 20:00,,,,,,,,,,,,,,,,,,,,,,,,4,2,,,,,,,
15th Jul 2024 21:00,,,,,,,,,,,,,,,,,,,,,,,,3,0,,,,,,,
15th Jul 2024 22:00,,,,,,,,,,,,,,,,,,,,,,,,2,1,,,,,,,
15th Jul 2024 23:00,,,,,,,,,,,,,,,,,,,,,,,,0,0,,,,,,,
16th Jul 2024 00:00,,,,,,,,,,,,,,,,,,,,,,,,0,0,,,,,,,
16th Jul 2024 01:00,,,,,,,,,,,,,,,,,,,,,,,,0,0,,,,,,,
16th Jul 2024 02:00,,,,,,,,,,,,,,,,,,,,,,,,0,0,,,,,,,
16th Jul 2024 03:00,,,,,,,,,,,,,,,,,,,,,,,,0,0,,,,,,,
16th Jul 2024 04:00,,,,,,,,,,,,,,,,,,,,,,,,0,1,,,,,,,
16th Jul 2024 05:00,,,,,,,,,,,,,,,,,,,,,,,,7,1,,,,,,,
16th Jul 2024 06:00,,,,,,,,,,,,,,,,,,,,,,,,12,5,,,,,,,
16th Jul 2024 07:00,,,,,,,,,,,,,,,,,,,,,,,,10,10,,,,,,,
16th Jul 2024 08:00,,,,,,,,,,,,,,,,,,,,,,,,14,23,,,,,,,
16th Jul 2024 09:00,,,,,,,,,,,,,,,,,,,,,,,,16,12,,,,,,,
16th Jul 2024 10:00,,,,,,,,,,,,,,,,,,,,,,,,16,9,,,,,,,
16th Jul 2024 11:00,,,,,,,,,,,,,,,,,,,,,,,,8,14,,,,,,,
16th Jul 2024 12:00,,,,,,,,,,,,,,,,,,,,,,,,6,5,,,,,,,
16th Jul 2024 13:00,,,,,,,,,,,,,,,,,,,,,,,,10,11,,,,,,,
16th Jul 2024 14:00,,,,,,,,,,,,,,,,,,,,,,,,13,18,,,,,,,
16th Jul 2024 15:00,,,,,,,,,,,,,,,,,,,,,,,,20,17,,,,,,,
16th Jul 2024 16:00,,,,,,,,,,,,,,,,,,,,,,,,19,24,,,,,,,
16th Jul 2024 17:00,,,,,,,,,,,,,,,,,,,,,,,,12,23,,,,,,,
16th Jul 2024 18:00,,,,,,,,,,,,,,,,,,,,,,,,7,8,,,,,,,
16th Jul 2024 19:00,,,,,,,,,,,,,,,,,,,,,,,,0,4,,,,,,,
16th Jul 2024 20:00,,,,,,,,,,,,,,,,,,,,,,,,4,4,,,,,,,
16th Jul 2024 21:00,,,,,,,,,,,,,,,,,,,,,,,,2,2,,,,,,,
16th Jul 2024 22:00,,,,,,,,,,,,,,,,,,,,,,,,0,1,,,,,,,
16th Jul 2024 23:00,,,,,,,,,,,,,,,,,,,,,,,,0,1,,,,,,,
17th Jul 2024 00:00,,,,,,,,,,,,,,,,,,,,,,,,1,0,,,,,,,
17th Jul 2024 01:00,,,,,,,,,,,,,,,,,,,,,,,,0,0,,,,,,,
17th Jul 2024 02:00,,,,,,,,,,,,,,,,,,,,,,,,0,0,,,,,,,
17th Jul 2024 03:00,,,,,,,,,,,,,,,,,,,,,,,,0,0,,,,,,,
17th Jul 2024 04:00,,,,,,,,,,,,,,,,,,,,,,,,0,0,,,,,,,
17th Jul 2024 05:00,,,,,,,,,,,,,,,,,,,,,,,,5,6,,,,,,,
17th Jul 2024 06:00,,,,,,,,,,,,,,,,,,,,,,,,10,13,,,,,,,
17th Jul 2024 07:00,,,,,,,,,,,,,,,,,,,,,,,,16,20,,,,,,,
17th Jul 2024 08:00,,,,,,,,,,,,,,,,,,,,,,,,23,20,,,,,,,
17th Jul 2024 09:00,,,,,,,,,,,,,,,,,,,,,,,,21,19,,,,,,,
17th Jul 2024 10:00,,,,,,,,,,,,,,,,,,,,,,,,21,15,,,,,,,
17th Jul 2024 11:00,,,,,,,,,,,,,,,,,,,,,,,,13,18,,,,,,,
17th Jul 2024 12:00,,,,,,,,,,,,,,,,,,,,,,,,19,19,,,,,,,
17th Jul 2024 13:00,,,,,,,,,,,,,,,,,,,,,,,,13,14,,,,,,,
17th Jul 2024 14:00,,,,,,,,,,,,,,,,,,,,,,,,13,9,,,,,,,
17th Jul 2024 15:00,,,,,,,,,,,,,,,,,,,,,,,,14,18,,,,,,,
17th Jul 2024 16:00,,,,,,,,,,,,,,,,,,,,,,,,11,28,,,,,,,
17th Jul 2024 17:00,,,,,,,,,,,,,,,,,,,,,,,,12,31,,,,,,,
17th Jul 2024 18:00,,,,,,,,,,,,,,,,,,,,,,,,5,1,,,,,,,
17th Jul 2024 19:00,,,,,,,,,,,,,,,,,,,,,,,,4,2,,,,,,,
17th Jul 2024 20:00,,,,,,,,,,,,,,,,,,,,,,,,1,2,,,,,,,
17th Jul 2024 21:00,,,,,,,,,,,,,,,,,,,,,,,,1,0,,,,,,,
17th Jul 2024 22:00,,,,,,,,,,,,,,,,,,,,,,,,4,2,,,,,,,
17th Jul 2024 23:00,,,,,,,,,,,,,,,,,,,,,,,,2,1,,,,,,,
18th Jul 2024 00:00,,,,,,,,,,,,,,,,,,,,,,,,0,0,,,,,,,
18th Jul 2024 01:00,,,,,,,,,,,,,,,,,,,,,,,,0,0,,,,,,,
18th Jul 2024 02:00,,,,,,,,,,,,,,,,,,,,,,,,0,0,,,,,,,
18th Jul 2024 03:00,,,,,,,,,,,,,,,,,,,,,,,,0,0,,,,,,,
18th Jul 2024 04:00,,,,,,,,,,,,,,,,,,,,,,,,0,0,,,,,,,
18th Jul 2024 05:00,,,,,,,,,,,,,,,,,,,,,,,,4,4,,,,,,,
18th Jul 2024 06:00,,,,,,,,,,,,,,,,,,,,,,,,17,11,,,,,,,
18th Jul 2024 07:00,,,,,,,,,,,,,,,,,,,,,,,,13,19,,,,,,,
18th Jul 2024 08:00,,,,,,,,,,,,,,,,,,,,,,,,23,16,,,,,,,
18th Jul 2024 09:00,,,,,,,,,,,,,,,,,,,,,,,,28,31,,,,,,,
18th Jul 2024 10:00,,,,,,,,,,,,,,,,,,,,,,,,13,15,,,,,,,
18th Jul 2024 11:00,,,,,,,,,,,,,,,,,,,,,,,,18,15,,,,,,,
18th Jul 2024 12:00,,,,,,,,,,,,,,,,,,,,,,,,19,23,,,,,,,
18th Jul 2024 13:00,,,,,,,,,,,,,,,,,,,,,,,,16,8,,,,,,,
18th Jul 2024 14:00,,,,,,,,,,,,,,,,,,,,,,,,13,17,,,,,,,
18th Jul 2024 15:00,,,,,,,,,,,,,,,,,,,,,,,,33,10,,,,,,,
18th Jul 2024 16:00,,,,,,,,,,,,,,,,,,,,,,,,18,25,,,,,,,
18th Jul 2024 17:00,,,,,,,,,,,,,,,,,,,,,,,,11,24,,,,,,,
18th Jul 2024 18:00,,,,,,,,,,,,,,,,,,,,,,,,9,9,,,,,,,
18th Jul 2024 19:00,,,,,,,,,,,,,,,,,,,,,,,,1,5,,,,,,,
18th Jul 2024 20:00,,,,,,,,,,,,,,,,,,,,,,,,2,4,,,,,,,
18th Jul 2024 21:00,,,,,,,,,,,,,,,,,,,,,,,,2,2,,,,,,,
18th Jul 2024 22:00,,,,,,,,,,,,,,,,,,,,,,,,0,0,,,,,,,
18th Jul 2024 23:00,,,,,,,,,,,,,,,,,,,,,,,,0,1,,,,,,,
19th Jul 2024 00:00,,,,,,,,,,,,,,,,,,,,,,,,0,0,,,,,,,
19th Jul 2024 01:00,,,,,,,,,,,,,,,,,,,,,,,,0,0,,,,,,,
19th Jul 2024 02:00,,,,,,,,,,,,,,,,,,,,,,,,0,0,,,,,,,
19th Jul 2024 03:00,,,,,,,,,,,,,,,,,,,,,,,,0,0,,,,,,,
19th Jul 2024 04:00,,,,,,,,,,,,,,,,,,,,,,,,0,0,,,,,,,
19th Jul 2024 05:00,,,,,,,,,,,,,,,,,,,,,,,,9,3,,,,,,,
19th Jul 2024 06:00,,,,,,,,,,,,,,,,,,,,,,,,12,7,,,,,,,
19th Jul 2024 07:00,,,,,,,,,,,,,,,,,,,,,,,,16,16,,,,,,,
19th Jul 2024 08:00,,,,,,,,,,,,,,,,,,,,,,,,27,24,,,,,,,
19th Jul 2024 09:00,,,,,,,,,,,,,,,,,,,,,,,,26,9,,,,,,,
19th Jul 2024 10:00,,,,,,,,,,,,,,,,,,,,,,,,20,17,,,,,,,
19th Jul 2024 11:00,,,,,,,,,,,,,,,,,,,,,,,,17,16,,,,,,,
19th Jul 2024 12:00,,,,,,,,,,,,,,,,,,,,,,,,25,19,,,,,,,
19th Jul 2024 13:00,,,,,,,,,,,,,,,,,,,,,,,,9,16,,,,,,,
19th Jul 2024 14:00,,,,,,,,,,,,,,,,,,,,,,,,16,17,,,,,,,
19th Jul 2024 15:00,,,,,,,,,,,,,,,,,,,,,,,,15,8,,,,,,,
19th Jul 2024 16:00,,,,,,,,,,,,,,,,,,,,,,,,14,30,,,,,,,
19th Jul 2024 17:00,,,,,,,,,,,,,,,,,,,,,,,,12,27,,,,,,,
19th Jul 2024 18:00,,,,,,,,,,,,,,,,,,,,,,,,22,6,,,,,,,
19th Jul 2024 19:00,,,,,,,,,,,,,,,,,,,,,,,,1,3,,,,,,,
19th Jul 2024 20:00,,,,,,,,,,,,,,,,,,,,,,,,2,2,,,,,,,
19th Jul 2024 21:00,,,,,,,,,,,,,,,,,,,,,,,,4,1,,,,,,,
19th Jul 2024 22:00,,,,,,,,,,,,,,,,,,,,,,,,1,2,,,,,,,
19th Jul 2024 23:00,,,,,,,,,,,,,,,,,,,,,,,,1,0,,,,,,,
20th Jul 2024 00:00,,,,,,,,,,,,,,,,,,,,,,,,0,0,,,,,,,
20th Jul 2024 01:00,,,,,,,,,,,,,,,,,,,,,,,,0,0,,,,,,,
20th Jul 2024 02:00,,,,,,,,,,,,,,,,,,,,,,,,0,0,,,,,,,
20th Jul 2024 03:00,,,,,,,,,,,,,,,,,,,,,,,,0,0,,,,,,,
20th Jul 2024 04:00,,,,,,,,,,,,,,,,,,,,,,,,0,0,,,,,,,
20th Jul 2024 05:00,,,,,,,,,,,,,,,,,,,,,,,,2,2,,,,,,,
20th Jul 2024 06:00,,,,,,,,,,,,,,,,,,,,,,,,11,11,,,,,,,
20th Jul 2024 07:00,,,,,,,,,,,,,,,,,,,,,,,,14,18,,,,,,,
20th Jul 2024 08:00,,,,,,,,,,,,,,,,,,,,,,,,12,26,,,,,,,
20th Jul 2024 09:00,,,,,,,,,,,,,,,,,,,,,,,,31,13,,,,,,,
20th Jul 2024 10:00,,,,,,,,,,,,,,,,,,,,,,,,25,24,,,,,,,
20th Jul 2024 11:00,,,,,,,,,,,,,,,,,,,,,,,,27,38,,,,,,,
20th Jul 2024 12:00,,,,,,,,,,,,,,,,,,,,,,,,14,20,,,,,,,
20th Jul 2024 13:00,,,,,,,,,,,,,,,,,,,,,,,,13,17,,,,,,,
20th Jul 2024 14:00,,,,,,,,,,,,,,,,,,,,,,,,18,23,,,,,,,
20th Jul 2024 15:00,,,,,,,,,,,,,,,,,,,,,,,,9,19,,,,,,,
20th Jul 2024 16:00,,,,,,,,,,,,,,,,,,,,,,,,13,18,,,,,,,
20th Jul 2024 17:00,,,,,,,,,,,,,,,,,,,,,,,,8,13,,,,,,,
20th Jul 2024 18:00,,,,,,,,,,,,,,,,,,,,,,,,4,4,,,,,,,
20th Jul 2024 19:00,,,,,,,,,,,,,,,,,,,,,,,,6,7,,,,,,,
20th Jul 2024 20:00,,,,,,,,,,,,,,,,,,,,,,,,5,0,,,,,,,
20th Jul 2024 21:00,,,,,,,,,,,,,,,,,,,,,,,,2,2,,,,,,,
20th Jul 2024 22:00,,,,,,,,,,,,,,,,,,,,,,,,2,2,,,,,,,
20th Jul 2024 23:00,,,,,,,,,,,,,,,,,,,,,,,,2,3,,,,,,,
21st Jul 2024 00:00,,,,,,,,,,,,,,,,,,,,,,,,1,4,,,,,,,
21st Jul 2024 01:00,,,,,,,,,,,,,,,,,,,,,,,,0,0,,,,,,,
21st Jul 2024 02:00,,,,,,,,,,,,,,,,,,,,,,,,0,0,,,,,,,
21st Jul 2024 03:00,,,,,,,,,,,,,,,,,,,,,,,,0,0,,,,,,,
21st Jul 2024 04:00,,,,,,,,,,,,,,,,,,,,,,,,0,0,,,,,,,
21st Jul 2024 05:00,,,,,,,,,,,,,,,,,,,,,,,,3,0,,,,,,,
21st Jul 2024 06:00,,,,,,,,,,,,,,,,,,,,,,,,7,8,,,,,,,
21st Jul 2024 07:00,,,,,,,,,,,,,,,,,,,,,,,,6,12,,,,,,,
21st Jul 2024 08:00,,,,,,,,,,,,,,,,,,,,,,,,27,17,,,,,,,
21st Jul 2024 09:00,,,,,,,,,,,,,,,,,,,,,,,,43,35,,,,,,,
21st Jul 2024 10:00,,,,,,,,,,,,,,,,,,,,,,,,14,25,,,,,,,
21st Jul 2024 11:00,,,,,,,,,,,,,,,,,,,,,,,,26,33,,,,,,,
21st Jul 2024 12:00,,,,,,,,,,,,,,,,,,,,,,,,26,29,,,,,,,
21st Jul 2024 13:00,,,,,,,,,,,,,,,,,,,,,,,,27,21,,,,,,,
21st Jul 2024 14:00,,,,,,,,,,,,,,,,,,,,,,,,19,23,,,,,,,
21st Jul 2024 15:00,,,,,,,,,,,,,,,,,,,,,,,,26,14,,,,,,,
21st Jul 2024 16:00,,,,,,,,,,,,,,,,,,,,,,,,24,18,,,,,,,
21st Jul 2024 17:00,,,,,,,,,,,,,,,,,,,,,,,,8,17,,,,,,,
21st Jul 2024 18:00,,,,,,,,,,,,,,,,,,,,,,,,14,5,,,,,,,
21st Jul 2024 19:00,,,,,,,,,,,,,,,,,,,,,,,,2,1,,,,,,,
21st Jul 2024 20:00,,,,,,,,,,,,,,,,,,,,,,,,3,3,,,,,,,
21st Jul 2024 21:00,,,,,,,,,,,,,,,,,,,,,,,,3,0,,,,,,,
21st Jul 2024 22:00,,,,,,,,,,,,,,,,,,,,,,,,1,0,,,,,,,
21st Jul 2024 23:00,,,,,,,,,,,,,,,,,,,,,,,,0,2,,,,,,,
22nd Jul 2024 00:00,,,,,,,,,,,,,,,,,,,,,,,,0,0,,,,,,,
22nd Jul 2024 01:00,,,,,,,,,,,,,,,,,,,,,,,,0,1,,,,,,,
22nd Jul 2024 02:00,,,,,,,,,,,,,,,,,,,,,,,,0,1,,,,,,,
22nd Jul 2024 03:00,,,,,,,,,,,,,,,,,,,,,,,,0,0,,,,,,,
22nd Jul 2024 04:00,,,,,,,,,,,,,,,,,,,,,,,,1,0,,,,,,,
22nd Jul 2024 05:00,,,,,,,,,,,,,,,,,,,,,,,,6,5,,,,,,,
22nd Jul 2024 06:00,,,,,,,,,,,,,,,,,,,,,,,,12,12,,,,,,,
22nd Jul 2024 07:00,,,,,,,,,,,,,,,,,,,,,,,,16,12,,,,,,,
22nd Jul 2024 08:00,,,,,,,,,,,,,,,,,,,,,,,,14,26,,,,,,,
22nd Jul 2024 09:00,,,,,,,,,,,,,,,,,,,,,,,,20,41,,,,,,,
22nd Jul 2024 10:00,,,,,,,,,,,,,,,,,,,,,,,,7,12,,,,,,,
22nd Jul 2024 11:00,,,,,,,,,,,,,,,,,,,,,,,,28,18,,,,,,,
22nd Jul 2024 12:00,,,,,,,,,,,,,,,,,,,,,,,,23,13,,,,,,,
22nd Jul 2024 13:00,,,,,,,,,,,,,,,,,,,,,,,,9,19,,,,,,,
22nd Jul 2024 14:00,,,,,,,,,,,,,,,,,,,,,,,,17,18,,,,,,,
22nd Jul 2024 15:00,,,,,,,,,,,,,,,,,,,,,,,,19,13,,,,,,,
22nd Jul 2024 16:00,,,,,,,,,,,,,,,,,,,,,,,,22,55,,,,,,,
22nd Jul 2024 17:00,,,,,,,,,,,,,,,,,,,,,,,,17,27,,,,,,,
22nd Jul 2024 18:00,,,,,,,,,,,,,,,,,,,,,,,,8,7,,,,,,,
22nd Jul 2024 19:00,,,,,,,,,,,,,,,,,,,,,,,,4,4,,,,,,,
22nd Jul 2024 20:00,,,,,,,,,,,,,,,,,,,,,,,,8,4,,,,,,,
22nd Jul 2024 21:00,,,,,,,,,,,,,,,,,,,,,,,,1,0,,,,,,,
22nd Jul 2024 22:00,,,,,,,,,,,,,,,,,,,,,,,,1,2,,,,,,,
22nd Jul 2024 23:00,,,,,,,,,,,,,,,,,,,,,,,,0,0,,,,,,,
23rd Jul 2024 00:00,,,,,,,,,,,,,,,,,,,,,,,,0,0,,,,,,,
23rd Jul 2024 01:00,,,,,,,,,,,,,,,,,,,,,,,,0,0,,,,,,,
23rd Jul 2024 02:00,,,,,,,,,,,,,,,,,,,,,,,,0,0,,,,,,,
23rd Jul 2024 03:00,,,,,,,,,,,,,,,,,,,,,,,,0,0,,,,,,,
23rd Jul 2024 04:00,,,,,,,,,,,,,,,,,,,,,,,,0,0,,,,,,,
23rd Jul 2024 05:00,,,,,,,,,,,,,,,,,,,,,,,,8,6,,,,,,,
23rd Jul 2024 06:00,,,,,,,,,,,,,,,,,,,,,,,,20,17,,,,,,,
23rd Jul 2024 07:00,,,,,,,,,,,,,,,,,,,,,,,,25,19,,,,,,,
23rd Jul 2024 08:00,,,,,,,,,,,,,,,,,,,,,,,,46,49,,,,,,,
23rd Jul 2024 09:00,,,,,,,,,,,,,,,,,,,,,,,,22,15,,,,,,,
23rd Jul 2024 10:00,,,,,,,,,,,,,,,,,,,,,,,,19,14,,,,,,,
23rd Jul 2024 11:00,,,,,,,,,,,,,,,,,,,,,,,,20,7,,,,,,,
23rd Jul 2024 12:00,,,,,,,,,,,,,,,,,,,,,,,,15,11,,,,,,,
23rd Jul 2024 13:00,,,,,,,,,,,,,,,,,,,,,,,,22,13,,,,,,,
23rd Jul 2024 14:00,,,,,,,,,,,,,,,,,,,,,,,,15,25,,,,,,,
23rd Jul 2024 15:00,,,,,,,,,,,,,,,,,,,,,,,,46,32,,,,,,,
23rd Jul 2024 16:00,,,,,,,,,,,,,,,,,,,,,,,,35,39,,,,,,,
23rd Jul 2024 17:00,,,,,,,,,,,,,,,,,,,,,,,,25,21,,,,,,,
23rd Jul 2024 18:00,,,,,,,,,,,,,,,,,,,,,,,,14,17,,,,,,,
23rd Jul 2024 19:00,,,,,,,,,,,,,,,,,,,,,,,,2,6,,,,,,,
23rd Jul 2024 20:00,,,,,,,,,,,,,,,,,,,,,,,,8,0,,,,,,,
23rd Jul 2024 21:00,,,,,,,,,,,,,,,,,,,,,,,,3,3,,,,,,,
23rd Jul 2024 22:00,,,,,,,,,,,,,,,,,,,,,,,,0,1,,,,,,,
23rd Jul 2024 23:00,,,,,,,,,,,,,,,,,,,,,,,,0,0,,,,,,,
24th Jul 2024 00:00,,,,,,,,,,,,,,,,,,,,,,,,0,0,,,,,,,
24th Jul 2024 01:00,,,,,,,,,,,,,,,,,,,,,,,,0,1,,,,,,,
24th Jul 2024 02:00,,,,,,,,,,,,,,,,,,,,,,,,0,0,,,,,,,
24th Jul 2024 03:00,,,,,,,,,,,,,,,,,,,,,,,,0,0,,,,,,,
24th Jul 2024 04:00,,,,,,,,,,,,,,,,,,,,,,,,1,0,,,,,,,
24th Jul 2024 05:00,,,,,,,,,,,,,,,,,,,,,,,,3,10,,,,,,,
24th Jul 2024 06:00,,,,,,,,,,,,,,,,,,,,,,,,18,16,,,,,,,
24th Jul 2024 07:00,,,,,,,,,,,,,,,,,,,,,,,,33,23,,,,,,,
24th Jul 2024 08:00,,,,,,,,,,,,,,,,,,,,,,,,40,46,,,,,,,
24th Jul 2024 09:00,,,,,,,,,,,,,,,,,,,,,,,,31,22,,,,,,,
24th Jul 2024 10:00,,,,,,,,,,,,,,,,,,,,,,,,9,9,,,,,,,
24th Jul 2024 11:00,,,,,,,,,,,,,,,,,,,,,,,,22,12,,,,,,,
24th Jul 2024 12:00,,,,,,,,,,,,,,,,,,,,,,,,6,5,,,,,,,
24th Jul 2024 13:00,,,,,,,,,,,,,,,,,,,,,,,,18,7,,,,,,,
24th Jul 2024 14:00,,,,,,,,,,,,,,,,,,,,,,,,9,16,,,,,,,
24th Jul 2024 15:00,,,,,,,,,,,,,,,,,,,,,,,,43,16,,,,,,,
24th Jul 2024 16:00,,,,,,,,,,,,,,,,,,,,,,,,16,37,,,,,,,
24th Jul 2024 17:00,,,,,,,,,,,,,,,,,,,,,,,,21,20,,,,,,,
24th Jul 2024 18:00,,,,,,,,,,,,,,,,,,,,,,,,7,10,,,,,,,
24th Jul 2024 19:00,,,,,,,,,,,,,,,,,,,,,,,,11,8,,,,,,,
24th Jul 2024 20:00,,,,,,,,,,,,,,,,,,,,,,,,8,4,,,,,,,
24th Jul 2024 21:00,,,,,,,,,,,,,,,,,,,,,,,,6,0,,,,,,,
24th Jul 2024 22:00,,,,,,,,,,,,,,,,,,,,,,,,2,2,,,,,,,
24th Jul 2024 23:00,,,,,,,,,,,,,,,,,,,,,,,,0,1,,,,,,,
25th Jul 2024 00:00,,,,,,,,,,,,,,,,,,,,,,,,0,0,,,,,,,
25th Jul 2024 01:00,,,,,,,,,,,,,,,,,,,,,,,,1,0,,,,,,,
25th Jul 2024 02:00,,,,,,,,,,,,,,,,,,,,,,,,0,0,,,,,,,
25th Jul 2024 03:00,,,,,,,,,,,,,,,,,,,,,,,,0,0,,,,,,,
25th Jul 2024 04:00,,,,,,,,,,,,,,,,,,,,,,,,1,0,,,,,,,
25th Jul 2024 05:00,,,,,,,,,,,,,,,,,,,,,,,,5,9,,,,,,,
25th Jul 2024 06:00,,,,,,,,,,,,,,,,,,,,,,,,7,10,,,,,,,
25th Jul 2024 07:00,,,,,,,,,,,,,,,,,,,,,,,,28,18,,,,,,,
25th Jul 2024 08:00,,,,,,,,,,,,,,,,,,,,,,,,36,49,,,,,,,
25th Jul 2024 09:00,,,,,,,,,,,,,,,,,,,,,,,,23,8,,,,,,,
25th Jul 2024 10:00,,,,,,,,,,,,,,,,,,,,,,,,13,11,,,,,,,
25th Jul 2024 11:00,,,,,,,,,,,,,,,,,,,,,,,,20,11,,,,,,,
25th Jul 2024 12:00,,,,,,,,,,,,,,,,,,,,,,,,6,37,,,,,,,
25th Jul 2024 13:00,,,,,,,,,,,,,,,,,,,,,,,,12,21,,,,,,,
25th Jul 2024 14:00,,,,,,,,,,,,,,,,,,,,,,,,15,11,,,,,,,
25th Jul 2024 15:00,,,,,,,,,,,,,,,,,,,,,,,,22,36,,,,,,,
25th Jul 2024 16:00,,,,,,,,,,,,,,,,,,,,,,,,18,22,,,,,,,
25th Jul 2024 17:00,,,,,,,,,,,,,,,,,,,,,,,,21,27,,,,,,,
25th Jul 2024 18:00,,,,,,,,,,,,,,,,,,,,,,,,10,8,,,,,,,
25th Jul 2024 19:00,,,,,,,,,,,,,,,,,,,,,,,,2,6,,,,,,,
25th Jul 2024 20:00,,,,,,,,,,,,,,,,,,,,,,,,2,4,,,,,,,
25th Jul 2024 21:00,,,,,,,,,,,,,,,,,,,,,,,,3,2,,,,,,,
25th Jul 2024 22:00,,,,,,,,,,,,,,,,,,,,,,,,1,0,,,,,,,
25th Jul 2024 23:00,,,,,,,,,,,,,,,,,,,,,,,,0,0,,,,,,,
26th Jul 2024 00:00,,,,,,,,,,,,,,,,,,,,,,,,1,0,,,,,,,
26th Jul 2024 01:00,,,,,,,,,,,,,,,,,,,,,,,,0,0,,,,,,,
26th Jul 2024 02:00,,,,,,,,,,,,,,,,,,,,,,,,0,0,,,,,,,
26th Jul 2024 03:00,,,,,,,,,,,,,,,,,,,,,,,,0,0,,,,,,,
26th Jul 2024 04:00,,,,,,,,,,,,,,,,,,,,,,,,0,0,,,,,,,
26th Jul 2024 05:00,,,,,,,,,,,,,,,,,,,,,,,,2,1,,,,,,,
26th Jul 2024 06:00,,,,,,,,,,,,,,,,,,,,,,,,7,4,,,,,,,
26th Jul 2024 07:00,,,,,,,,,,,,,,,,,,,,,,,,16,16,,,,,,,
26th Jul 2024 08:00,,,,,,,,,,,,,,,,,,,,,,,,34,33,,,,,,,
26th Jul 2024 09:00,,,,,,,,,,,,,,,,,,,,,,,,30,12,,,,,,,
26th Jul 2024 10:00,,,,,,,,,,,,,,,,,,,,,,,,24,12,,,,,,,
26th Jul 2024 11:00,,,,,,,,,,,,,,,,,,,,,,,,18,28,,,,,,,
26th Jul 2024 12:00,,,,,,,,,,,,,,,,,,,,,,,,19,19,,,,,,,
26th Jul 2024 13:00,,,,,,,,,,,,,,,,,,,,,,,,20,15,,,,,,,
26th Jul 2024 14:00,,,,,,,,,,,,,,,,,,,,,,,,14,31,,,,,,,
26th Jul 2024 15:00,,,,,,,,,,,,,,,,,,,,,,,,59,34,,,,,,,
26th Jul 2024 16:00,,,,,,,,,,,,,,,,,,,,,,,,28,23,,,,,,,
26th Jul 2024 17:00,,,,,,,,,,,,,,,,,,,,,,,,22,21,,,,,,,
26th Jul 2024 18:00,,,,,,,,,,,,,,,,,,,,,,,,7,14,,,,,,,
26th Jul 2024 19:00,,,,,,,,,,,,,,,,,,,,,,,,24,5,,,,,,,
26th Jul 2024 20:00,,,,,,,,,,,,,,,,,,,,,,,,5,8,,,,,,,
26th Jul 2024 21:00,,,,,,,,,,,,,,,,,,,,,,,,10,1,,,,,,,
26th Jul 2024 22:00,,,,,,,,,,,,,,,,,,,,,,,,5,2,,,,,,,
26th Jul 2024 23:00,,,,,,,,,,,,,,,,,,,,,,,,0,3,,,,,,,
27th Jul 2024 00:00,,,,,,,,,,,,,,,,,,,,,,,,4,0,,,,,,,
27th Jul 2024 01:00,,,,,,,,,,,,,,,,,,,,,,,,0,0,,,,,,,
27th Jul 2024 02:00,,,,,,,,,,,,,,,,,,,,,,,,0,0,,,,,,,
27th Jul 2024 03:00,,,,,,,,,,,,,,,,,,,,,,,,0,0,,,,,,,
27th Jul 2024 04:00,,,,,,,,,,,,,,,,,,,,,,,,0,0,,,,,,,
27th Jul 2024 05:00,,,,,,,,,,,,,,,,,,,,,,,,1,3,,,,,,,
27th Jul 2024 06:00,,,,,,,,,,,,,,,,,,,,,,,,4,18,,,,,,,
27th Jul 2024 07:00,,,,,,,,,,,,,,,,,,,,,,,,4,17,,,,,,,
27th Jul 2024 08:00,,,,,,,,,,,,,,,,,,,,,,,,5,4,,,,,,,
27th Jul 2024 09:00,,,,,,,,,,,,,,,,,,,,,,,,2,7,,,,,,,
27th Jul 2024 10:00,,,,,,,,,,,,,,,,,,,,,,,,3,15,,,,,,,
27th Jul 2024 11:00,,,,,,,,,,,,,,,,,,,,,,,,8,18,,,,,,,
27th Jul 2024 12:00,,,,,,,,,,,,,,,,,,,,,,,,12,15,,,,,,,
27th Jul 2024 13:00,,,,,,,,,,,,,,,,,,,,,,,,10,9,,,,,,,
27th Jul 2024 14:00,,,,,,,,,,,,,,,,,,,,,,,,10,24,,,,,,,
27th Jul 2024 15:00,,,,,,,,,,,,,,,,,,,,,,,,15,26,,,,,,,
27th Jul 2024 16:00,,,,,,,,,,,,,,,,,,,,,,,,23,30,,,,,,,
27th Jul 2024 17:00,,,,,,,,,,,,,,,,,,,,,,,,19,17,,,,,,,
27th Jul 2024 18:00,,,,,,,,,,,,,,,,,,,,,,,,16,6,,,,,,,
27th Jul 2024 19:00,,,,,,,,,,,,,,,,,,,,,,,,8,4,,,,,,,
27th Jul 2024 20:00,,,,,,,,,,,,,,,,,,,,,,,,4,6,,,,,,,
27th Jul 2024 21:00,,,,,,,,,,,,,,,,,,,,,,,,4,0,,,,,,,
27th Jul 2024 22:00,,,,,,,,,,,,,,,,,,,,,,,,11,3,,,,,,,
27th Jul 2024 23:00,,,,,,,,,,,,,,,,,,,,,,,,5,6,,,,,,,
28th Jul 2024 00:00,,,,,,,,,,,,,,,,,,,,,,,,5,0,,,,,,,
28th Jul 2024 01:00,,,,,,,,,,,,,,,,,,,,,,,,4,0,,,,,,,
28th Jul 2024 02:00,,,,,,,,,,,,,,,,,,,,,,,,0,0,,,,,,,
28th Jul 2024 03:00,,,,,,,,,,,,,,,,,,,,,,,,0,0,,,,,,,
28th Jul 2024 04:00,,,,,,,,,,,,,,,,,,,,,,,,0,0,,,,,,,
28th Jul 2024 05:00,,,,,,,,,,,,,,,,,,,,,,,,1,0,,,,,,,
28th Jul 2024 06:00,,,,,,,,,,,,,,,,,,,,,,,,3,2,,,,,,,
28th Jul 2024 07:00,,,,,,,,,,,,,,,,,,,,,,,,3,16,,,,,,,
28th Jul 2024 08:00,,,,,,,,,,,,,,,,,,,,,,,,6,27,,,,,,,
28th Jul 2024 09:00,,,,,,,,,,,,,,,,,,,,,,,,9,34,,,,,,,
28th Jul 2024 10:00,,,,,,,,,,,,,,,,,,,,,,,,9,40,,,,,,,
28th Jul 2024 11:00,,,,,,,,,,,,,,,,,,,,,,,,14,31,,,,,,,
28th Jul 2024 12:00,,,,,,,,,,,,,,,,,,,,,,,,13,24,,,,,,,
28th Jul 2024 13:00,,,,,,,,,,,,,,,,,,,,,,,,17,12,,,,,,,
28th Jul 2024 14:00,,,,,,,,,,,,,,,,,,,,,,,,4,31,,,,,,,
28th Jul 2024 15:00,,,,,,,,,,,,,,,,,,,,,,,,10,23,,,,,,,
28th Jul 2024 16:00,,,,,,,,,,,,,,,,,,,,,,,,8,25,,,,,,,
28th Jul 2024 17:00,,,,,,,,,,,,,,,,,,,,,,,,15,10,,,,,,,
28th Jul 2024 18:00,,,,,,,,,,,,,,,,,,,,,,,,13,7,,,,,,,
28th Jul 2024 19:00,,,,,,,,,,,,,,,,,,,,,,,,4,1,,,,,,,
28th Jul 2024 20:00,,,,,,,,,,,,,,,,,,,,,,,,2,2,,,,,,,
28th Jul 2024 21:00,,,,,,,,,,,,,,,,,,,,,,,,3,0,,,,,,,
28th Jul 2024 22:00,,,,,,,,,,,,,,,,,,,,,,,,2,1,,,,,,,
28th Jul 2024 23:00,,,,,,,,,,,,,,,,,,,,,,,,0,0,,,,,,,
29th Jul 2024 00:00,,,,,,,,,,,,,,,,,,,,,,,,0,0,,,,,,,
29th Jul 2024 01:00,,,,,,,,,,,,,,,,,,,,,,,,0,0,,,,,,,
29th Jul 2024 02:00,,,,,,,,,,,,,,,,,,,,,,,,0,0,,,,,,,
29th Jul 2024 03:00,,,,,,,,,,,,,,,,,,,,,,,,0,0,,,,,,,
29th Jul 2024 04:00,,,,,,,,,,,,,,,,,,,,,,,,0,0,,,,,,,
29th Jul 2024 05:00,,,,,,,,,,,,,,,,,,,,,,,,0,7,,,,,,,
29th Jul 2024 06:00,,,,,,,,,,,,,,,,,,,,,,,,11,9,,,,,,,
29th Jul 2024 07:00,,,,,,,,,,,,,,,,,,,,,,,,16,20,,,,,,,
29th Jul 2024 08:00,,,,,,,,,,,,,,,,,,,,,,,,10,38,,,,,,,
29th Jul 2024 09:00,,,,,,,,,,,,,,,,,,,,,,,,16,10,,,,,,,
29th Jul 2024 10:00,,,,,,,,,,,,,,,,,,,,,,,,15,5,,,,,,,
29th Jul 2024 11:00,,,,,,,,,,,,,,,,,,,,,,,,11,5,,,,,,,
29th Jul 2024 12:00,,,,,,,,,,,,,,,,,,,,,,,,9,5,,,,,,,
29th Jul 2024 13:00,,,,,,,,,,,,,,,,,,,,,,,,7,12,,,,,,,
29th Jul 2024 14:00,,,,,,,,,,,,,,,,,,,,,,,,9,5,,,,,,,
29th Jul 2024 15:00,,,,,,,,,,,,,,,,,,,,,,,,10,22,,,,,,,
29th Jul 2024 16:00,,,,,,,,,,,,,,,,,,,,,,,,18,17,,,,,,,
29th Jul 2024 17:00,,,,,,,,,,,,,,,,,,,,,,,,16,21,,,,,,,
29th Jul 2024 18:00,,,,,,,,,,,,,,,,,,,,,,,,12,12,,,,,,,
29th Jul 2024 19:00,,,,,,,,,,,,,,,,,,,,,,,,15,1,,,,,,,
29th Jul 2024 20:00,,,,,,,,,,,,,,,,,,,,,,,,2,5,,,,,,,
29th Jul 2024 21:00,,,,,,,,,,,,,,,,,,,,,,,,1,2,,,,,,,
29th Jul 2024 22:00,,,,,,,,,,,,,,,,,,,,,,,,1,1,,,,,,,
29th Jul 2024 23:00,,,,,,,,,,,,,,,,,,,,,,,,0,0,,,,,,,
30th Jul 2024 00:00,,,,,,,,,,,,,,,,,,,,,,,,0,0,,,,,,,
30th Jul 2024 01:00,,,,,,,,,,,,,,,,,,,,,,,,0,0,,,,,,,
30th Jul 2024 02:00,,,,,,,,,,,,,,,,,,,,,,,,0,0,,,,,,,
30th Jul 2024 03:00,,,,,,,,,,,,,,,,,,,,,,,,0,0,,,,,,,
30th Jul 2024 04:00,,,,,,,,,,,,,,,,,,,,,,,,0,1,,,,,,,
30th Jul 2024 05:00,,,,,,,,,,,,,,,,,,,,,,,,0,9,,,,,,,
30th Jul 2024 06:00,,,,,,,,,,,,,,,,,,,,,,,,10,15,,,,,,,
30th Jul 2024 07:00,,,,,,,,,,,,,,,,,,,,,,,,9,21,,,,,,,
30th Jul 2024 08:00,,,,,,,,,,,,,,,,,,,,,,,,19,40,,,,,,,
30th Jul 2024 09:00,,,,,,,,,,,,,,,,,,,,,,,,8,14,,,,,,,
30th Jul 2024 10:00,,,,,,,,,,,,,,,,,,,,,,,,3,9,,,,,,,
30th Jul 2024 11:00,,,,,,,,,,,,,,,,,,,,,,,,3,6,,,,,,,
30th Jul 2024 12:00,,,,,,,,,,,,,,,,,,,,,,,,10,12,,,,,,,
30th Jul 2024 13:00,,,,,,,,,,,,,,,,,,,,,,,,5,6,,,,,,,
30th Jul 2024 14:00,,,,,,,,,,,,,,,,,,,,,,,,12,16,,,,,,,
30th Jul 2024 15:00,,,,,,,,,,,,,,,,,,,,,,,,12,21,,,,,,,
30th Jul 2024 16:00,,,,,,,,,,,,,,,,,,,,,,,,20,26,,,,,,,
30th Jul 2024 17:00,,,,,,,,,,,,,,,,,,,,,,,,11,18,,,,,,,
30th Jul 2024 18:00,,,,,,,,,,,,,,,,,,,,,,,,13,6,,,,,,,
30th Jul 2024 19:00,,,,,,,,,,,,,,,,,,,,,,,,8,4,,,,,,,
30th Jul 2024 20:00,,,,,,,,,,,,,,,,,,,,,,,,6,4,,,,,,,
30th Jul 2024 21:00,,,,,,,,,,,,,,,,,,,,,,,,0,1,,,,,,,
30th Jul 2024 22:00,,,,,,,,,,,,,,,,,,,,,,,,2,0,,,,,,,
30th Jul 2024 23:00,,,,,,,,,,,,,,,,,,,,,,,,1,0,,,,,,,
31st Jul 2024 00:00,,,,,,,,,,,,,,,,,,,,,,,,4,0,,,,,,,
31st Jul 2024 01:00,,,,,,,,,,,,,,,,,,,,,,,,0,0,,,,,,,
31st Jul 2024 02:00,,,,,,,,,,,,,,,,,,,,,,,,1,0,,,,,,,
31st Jul 2024 03:00,,,,,,,,,,,,,,,,,,,,,,,,0,0,,,,,,,
31st Jul 2024 04:00,,,,,,,,,,,,,,,,,,,,,,,,0,0,,,,,,,
31st Jul 2024 05:00,,,,,,,,,,,,,,,,,,,,,,,,1,7,,,,,,,
31st Jul 2024 06:00,,,,,,,,,,,,,,,,,,,,,,,,12,15,,,,,,,
31st Jul 2024 07:00,,,,,,,,,,,,,,,,,,,,,,,,14,22,,,,,,,
31st Jul 2024 08:00,,,,,,,,,,,,,,,,,,,,,,,,14,20,,,,,,,
31st Jul 2024 09:00,,,,,,,,,,,,,,,,,,,,,,,,26,23,,,,,,,
31st Jul 2024 10:00,,,,,,,,,,,,,,,,,,,,,,,,13,9,,,,,,,
31st Jul 2024 11:00,,,,,,,,,,,,,,,,,,,,,,,,13,12,,,,,,,
31st Jul 2024 12:00,,,,,,,,,,,,,,,,,,,,,,,,13,11,,,,,,,
31st Jul 2024 13:00,,,,,,,,,,,,,,,,,,,,,,,,9,14,,,,,,,
31st Jul 2024 14:00,,,,,,,,,,,,,,,,,,,,,,,,13,9,,,,,,,
31st Jul 2024 15:00,,,,,,,,,,,,,,,,,,,,,,,,25,23,,,,,,,
31st Jul 2024 16:00,,,,,,,,,,,,,,,,,,,,,,,,33,25,,,,,,,
31st Jul 2024 17:00,,,,,,,,,,,,,,,,,,,,,,,,20,23,,,,,,,
31st Jul 2024 18:00,,,,,,,,,,,,,,,,,,,,,,,,15,5,,,,,,,
31st Jul 2024 19:00,,,,,,,,,,,,,,,,,,,,,,,,8,3,,,,,,,
31st Jul 2024 20:00,,,,,,,,,,,,,,,,,,,,,,,,8,2,,,,,,,
31st Jul 2024 21:00,,,,,,,,,,,,,,,,,,,,,,,,2,0,,,,,,,
31st Jul 2024 22:00,,,,,,,,,,,,,,,,,,,,,,,,3,1,,,,,,,
31st Jul 2024 23:00,,,,,,,,,,,,,,,,,,,,,,,,0,0,,,,,,,
1st Aug 2024 00:00,,,,,,,,,,,,,,,,,,,,,,,,0,0,,,,,,,
1st Aug 2024 01:00,,,,,,,,,,,,,,,,,,,,,,,,0,0,,,,,,,
1st Aug 2024 02:00,,,,,,,,,,,,,,,,,,,,,,,,0,0,,,,,,,
1st Aug 2024 03:00,,,,,,,,,,,,,,,,,,,,,,,,4,0,,,,,,,
1st Aug 2024 04:00,,,,,,,,,,,,,,,,,,,,,,,,0,0,,,,,,,
1st Aug 2024 05:00,,,,,,,,,,,,,,,,,,,,,,,,0,4,,,,,,,
1st Aug 2024 06:00,,,,,,,,,,,,,,,,,,,,,,,,6,7,,,,,,,
1st Aug 2024 07:00,,,,,,,,,,,,,,,,,,,,,,,,9,10,,,,,,,
1st Aug 2024 08:00,,,,,,,,,,,,,,,,,,,,,,,,5,20,,,,,,,
1st Aug 2024 09:00,,,,,,,,,,,,,,,,,,,,,,,,5,10,,,,,,,
1st Aug 2024 10:00,,,,,,,,,,,,,,,,,,,,,,,,11,12,,,,,,,
1st Aug 2024 11:00,,,,,,,,,,,,,,,,,,,,,,,,9,5,,,,,,,
1st Aug 2024 12:00,,,,,,,,,,,,,,,,,,,,,,,,8,12,,,,,,,
1st Aug 2024 13:00,,,,,,,,,,,,,,,,,,,,,,,,8,12,,,,,,,
1st Aug 2024 14:00,,,,,,,,,,,,,,,,,,,,,,,,4,16,,,,,,,
1st Aug 2024 15:00,,,,,,,,,,,,,,,,,,,,,,,,6,13,,,,,,,
1st Aug 2024 16:00,,,,,,,,,,,,,,,,,,,,,,,,8,9,,,,,,,
1st Aug 2024 17:00,,,,,,,,,,,,,,,,,,,,,,,,18,22,,,,,,,
1st Aug 2024 18:00,,,,,,,,,,,,,,,,,,,,,,,,19,10,,,,,,,
1st Aug 2024 19:00,,,,,,,,,,,,,,,,,,,,,,,,4,3,,,,,,,
1st Aug 2024 20:00,,,,,,,,,,,,,,,,,,,,,,,,5,1,,,,,,,
1st Aug 2024 21:00,,,,,,,,,,,,,,,,,,,,,,,,6,0,,,,,,,
1st Aug 2024 22:00,,,,,,,,,,,,,,,,,,,,,,,,1,1,,,,,,,
1st Aug 2024 23:00,,,,,,,,,,,,,,,,,,,,,,,,1,0,,,,,,,
2nd Aug 2024 00:00,,,,,,,,,,,,,,,,,,,,,,,,1,0,,,,,,,
2nd Aug 2024 01:00,,,,,,,,,,,,,,,,,,,,,,,,0,0,,,,,,,
2nd Aug 2024 02:00,,,,,,,,,,,,,,,,,,,,,,,,0,0,,,,,,,
2nd Aug 2024 03:00,,,,,,,,,,,,,,,,,,,,,,,,0,0,,,,,,,
2nd Aug 2024 04:00,,,,,,,,,,,,,,,,,,,,,,,,0,0,,,,,,,
2nd Aug 2024 05:00,,,,,,,,,,,,,,,,,,,,,,,,0,4,,,,,,,
2nd Aug 2024 06:00,,,,,,,,,,,,,,,,,,,,,,,,0,7,,,,,,,
2nd Aug 2024 07:00,,,,,,,,,,,,,,,,,,,,,,,,3,8,,,,,,,
2nd Aug 2024 08:00,,,,,,,,,,,,,,,,,,,,,,,,15,39,,,,,,,
2nd Aug 2024 09:00,,,,,,,,,,,,,,,,,,,,,,,,12,18,,,,,,,
2nd Aug 2024 10:00,,,,,,,,,,,,,,,,,,,,,,,,14,15,,,,,,,
2nd Aug 2024 11:00,,,,,,,,,,,,,,,,,,,,,,,,5,9,,,,,,,
2nd Aug 2024 12:00,,,,,,,,,,,,,,,,,,,,,,,,10,6,,,,,,,
2nd Aug 2024 13:00,,,,,,,,,,,,,,,,,,,,,,,,7,16,,,,,,,
2nd Aug 2024 14:00,,,,,,,,,,,,,,,,,,,,,,,,12,13,,,,,,,
2nd Aug 2024 15:00,,,,,,,,,,,,,,,,,,,,,,,,20,41,,,,,,,
2nd Aug 2024 16:00,,,,,,,,,,,,,,,,,,,,,,,,28,16,,,,,,,
2nd Aug 2024 17:00,,,,,,,,,,,,,,,,,,,,,,,,25,22,,,,,,,
2nd Aug 2024 18:00,,,,,,,,,,,,,,,,,,,,,,,,17,6,,,,,,,
2nd Aug 2024 19:00,,,,,,,,,,,,,,,,,,,,,,,,5,11,,,,,,,
2nd Aug 2024 20:00,,,,,,,,,,,,,,,,,,,,,,,,3,3,,,,,,,
2nd Aug 2024 21:00,,,,,,,,,,,,,,,,,,,,,,,,5,3,,,,,,,
2nd Aug 2024 22:00,,,,,,,,,,,,,,,,,,,,,,,,0,5,,,,,,,
2nd Aug 2024 23:00,,,,,,,,,,,,,,,,,,,,,,,,5,1,,,,,,,
3rd Aug 2024 00:00,,,,,,,,,,,,,,,,,,,,,,,,1,0,,,,,,,
3rd Aug 2024 01:00,,,,,,,,,,,,,,,,,,,,,,,,3,0,,,,,,,
3rd Aug 2024 02:00,,,,,,,,,,,,,,,,,,,,,,,,0,1,,,,,,,
3rd Aug 2024 03:00,,,,,,,,,,,,,,,,,,,,,,,,0,0,,,,,,,
3rd Aug 2024 04:00,,,,,,,,,,,,,,,,,,,,,,,,0,0,,,,,,,
3rd Aug 2024 05:00,,,,,,,,,,,,,,,,,,,,,,,,0,1,,,,,,,
3rd Aug 2024 06:00,,,,,,,,,,,,,,,,,,,,,,,,1,15,,,,,,,
3rd Aug 2024 07:00,,,,,,,,,,,,,,,,,,,,,,,,4,18,,,,,,,
3rd Aug 2024 08:00,,,,,,,,,,,,,,,,,,,,,,,,16,30,,,,,,,
3rd Aug 2024 09:00,,,,,,,,,,,,,,,,,,,,,,,,14,22,,,,,,,
3rd Aug 2024 10:00,,,,,,,,,,,,,,,,,,,,,,,,23,37,,,,,,,
3rd Aug 2024 11:00,,,,,,,,,,,,,,,,,,,,,,,,23,19,,,,,,,
3rd Aug 2024 12:00,,,,,,,,,,,,,,,,,,,,,,,,24,39,,,,,,,
3rd Aug 2024 13:00,,,,,,,,,,,,,,,,,,,,,,,,22,20,,,,,,,
3rd Aug 2024 14:00,,,,,,,,,,,,,,,,,,,,,,,,23,26,,,,,,,
3rd Aug 2024 15:00,,,,,,,,,,,,,,,,,,,,,,,,14,29,,,,,,,
3rd Aug 2024 16:00,,,,,,,,,,,,,,,,,,,,,,,,20,18,,,,,,,
3rd Aug 2024 17:00,,,,,,,,,,,,,,,,,,,,,,,,20,21,,,,,,,
3rd Aug 2024 18:00,,,,,,,,,,,,,,,,,,,,,,,,22,5,,,,,,,
3rd Aug 2024 19:00,,,,,,,,,,,,,,,,,,,,,,,,12,12,,,,,,,
3rd Aug 2024 20:00,,,,,,,,,,,,,,,,,,,,,,,,6,7,,,,,,,
3rd Aug 2024 21:00,,,,,,,,,,,,,,,,,,,,,,,,14,0,,,,,,,
3rd Aug 2024 22:00,,,,,,,,,,,,,,,,,,,,,,,,5,2,,,,,,,
3rd Aug 2024 23:00,,,,,,,,,,,,,,,,,,,,,,,,8,4,,,,,,,
4th Aug 2024 00:00,,,,,,,,,,,,,,,,,,,,,,,,0,2,,,,,,,
4th Aug 2024 01:00,,,,,,,,,,,,,,,,,,,,,,,,1,1,,,,,,,
4th Aug 2024 02:00,,,,,,,,,,,,,,,,,,,,,,,,0,0,,,,,,,
4th Aug 2024 03:00,,,,,,,,,,,,,,,,,,,,,,,,2,0,,,,,,,
4th Aug 2024 04:00,,,,,,,,,,,,,,,,,,,,,,,,0,0,,,,,,,
4th Aug 2024 05:00,,,,,,,,,,,,,,,,,,,,,,,,0,3,,,,,,,
4th Aug 2024 06:00,,,,,,,,,,,,,,,,,,,,,,,,0,4,,,,,,,
4th Aug 2024 07:00,,,,,,,,,,,,,,,,,,,,,,,,1,9,,,,,,,
4th Aug 2024 08:00,,,,,,,,,,,,,,,,,,,,,,,,8,24,,,,,,,
4th Aug 2024 09:00,,,,,,,,,,,,,,,,,,,,,,,,16,38,,,,,,,
4th Aug 2024 10:00,,,,,,,,,,,,,,,,,,,,,,,,12,31,,,,,,,
4th Aug 2024 11:00,,,,,,,,,,,,,,,,,,,,,,,,12,37,,,,,,,
4th Aug 2024 12:00,,,,,,,,,,,,,,,,,,,,,,,,18,19,,,,,,,
4th Aug 2024 13:00,,,,,,,,,,,,,,,,,,,,,,,,22,23,,,,,,,
4th Aug 2024 14:00,,,,,,,,,,,,,,,,,,,,,,,,20,26,,,,,,,
4th Aug 2024 15:00,,,,,,,,,,,,,,,,,,,,,,,,15,23,,,,,,,
4th Aug 2024 16:00,,,,,,,,,,,,,,,,,,,,,,,,17,37,,,,,,,
4th Aug 2024 17:00,,,,,,,,,,,,,,,,,,,,,,,,11,14,,,,,,,
4th Aug 2024 18:00,,,,,,,,,,,,,,,,,,,,,,,,15,3,,,,,,,
4th Aug 2024 19:00,,,,,,,,,,,,,,,,,,,,,,,,7,0,,,,,,,
4th Aug 2024 20:00,,,,,,,,,,,,,,,,,,,,,,,,6,2,,,,,,,
4th Aug 2024 21:00,,,,,,,,,,,,,,,,,,,,,,,,5,1,,,,,,,
4th Aug 2024 22:00,,,,,,,,,,,,,,,,,,,,,,,,0,0,,,,,,,
4th Aug 2024 23:00,,,,,,,,,,,,,,,,,,,,,,,,0,0,,,,,,,
5th Aug 2024 00:00,,,,,,,,,,,,,,,,,,,,,,,,4,0,,,,,,,
5th Aug 2024 01:00,,,,,,,,,,,,,,,,,,,,,,,,0,0,,,,,,,
5th Aug 2024 02:00,,,,,,,,,,,,,,,,,,,,,,,,0,0,,,,,,,
5th Aug 2024 03:00,,,,,,,,,,,,,,,,,,,,,,,,0,0,,,,,,,
5th Aug 2024 04:00,,,,,,,,,,,,,,,,,,,,,,,,0,0,,,,,,,
5th Aug 2024 05:00,,,,,,,,,,,,,,,,,,,,,,,,1,5,,,,,,,
5th Aug 2024 06:00,,,,,,,,,,,,,,,,,,,,,,,,9,9,,,,,,,
5th Aug 2024 07:00,,,,,,,,,,,,,,,,,,,,,,,,13,10,,,,,,,
5th Aug 2024 08:00,,,,,,,,,,,,,,,,,,,,,,,,9,34,,,,,,,
5th Aug 2024 09:00,,,,,,,,,,,,,,,,,,,,,,,,6,8,,,,,,,
5th Aug 2024 10:00,,,,,,,,,,,,,,,,,,,,,,,,10,12,,,,,,,
5th Aug 2024 11:00,,,,,,,,,,,,,,,,,,,,,,,,9,15,,,,,,,
5th Aug 2024 12:00,,,,,,,,,,,,,,,,,,,,,,,,10,10,,,,,,,
5th Aug 2024 13:00,,,,,,,,,,,,,,,,,,,,,,,,5,15,,,,,,,
5th Aug 2024 14:00,,,,,,,,,,,,,,,,,,,,,,,,10,13,,,,,,,
5th Aug 2024 15:00,,,,,,,,,,,,,,,,,,,,,,,,11,33,,,,,,,
5th Aug 2024 16:00,,,,,,,,,,,,,,,,,,,,,,,,25,36,,,,,,,
5th Aug 2024 17:00,,,,,,,,,,,,,,,,,,,,,,,,31,23,,,,,,,
5th Aug 2024 18:00,,,,,,,,,,,,,,,,,,,,,,,,15,12,,,,,,,
5th Aug 2024 19:00,,,,,,,,,,,,,,,,,,,,,,,,12,8,,,,,,,
5th Aug 2024 20:00,,,,,,,,,,,,,,,,,,,,,,,,5,2,,,,,,,
5th Aug 2024 21:00,,,,,,,,,,,,,,,,,,,,,,,,1,2,,,,,,,
5th Aug 2024 22:00,,,,,,,,,,,,,,,,,,,,,,,,4,0,,,,,,,
5th Aug 2024 23:00,,,,,,,,,,,,,,,,,,,,,,,,0,0,,,,,,,
6th Aug 2024 00:00,,,,,,,,,,,,,,,,,,,,,,,,0,0,,,,,,,
6th Aug 2024 01:00,,,,,,,,,,,,,,,,,,,,,,,,0,0,,,,,,,
6th Aug 2024 02:00,,,,,,,,,,,,,,,,,,,,,,,,0,0,,,,,,,
6th Aug 2024 03:00,,,,,,,,,,,,,,,,,,,,,,,,0,0,,,,,,,
6th Aug 2024 04:00,,,,,,,,,,,,,,,,,,,,,,,,0,1,,,,,,,
6th Aug 2024 05:00,,,,,,,,,,,,,,,,,,,,,,,,1,13,,,,,,,
6th Aug 2024 06:00,,,,,,,,,,,,,,,,,,,,,,,,8,18,,,,,,,
6th Aug 2024 07:00,,,,,,,,,,,,,,,,,,,,,,,,18,16,,,,,,,
6th Aug 2024 08:00,,,,,,,,,,,,,,,,,,,,,,,,9,46,,,,,,,
6th Aug 2024 09:00,,,,,,,,,,,,,,,,,,,,,,,,18,18,,,,,,,
6th Aug 2024 10:00,,,,,,,,,,,,,,,,,,,,,,,,11,12,,,,,,,
6th Aug 2024 11:00,,,,,,,,,,,,,,,,,,,,,,,,5,9,,,,,,,
6th Aug 2024 12:00,,,,,,,,,,,,,,,,,,,,,,,,18,13,,,,,,,
6th Aug 2024 13:00,,,,,,,,,,,,,,,,,,,,,,,,13,6,,,,,,,
6th Aug 2024 14:00,,,,,,,,,,,,,,,,,,,,,,,,13,11,,,,,,,
6th Aug 2024 15:00,,,,,,,,,,,,,,,,,,,,,,,,21,23,,,,,,,
6th Aug 2024 16:00,,,,,,,,,,,,,,,,,,,,,,,,19,26,,,,,,,
6th Aug 2024 17:00,,,,,,,,,,,,,,,,,,,,,,,,20,28,,,,,,,
6th Aug 2024 18:00,,,,,,,,,,,,,,,,,,,,,,,,21,18,,,,,,,
6th Aug 2024 19:00,,,,,,,,,,,,,,,,,,,,,,,,20,2,,,,,,,
6th Aug 2024 20:00,,,,,,,,,,,,,,,,,,,,,,,,9,7,,,,,,,
6th Aug 2024 21:00,,,,,,,,,,,,,,,,,,,,,,,,3,2,,,,,,,
6th Aug 2024 22:00,,,,,,,,,,,,,,,,,,,,,,,,0,3,,,,,,,
6th Aug 2024 23:00,,,,,,,,,,,,,,,,,,,,,,,,2,0,,,,,,,
7th Aug 2024 00:00,,,,,,,,,,,,,,,,,,,,,,,,0,0,,,,,,,
7th Aug 2024 01:00,,,,,,,,,,,,,,,,,,,,,,,,1,0,,,,,,,
7th Aug 2024 02:00,,,,,,,,,,,,,,,,,,,,,,,,0,0,,,,,,,
7th Aug 2024 03:00,,,,,,,,,,,,,,,,,,,,,,,,0,0,,,,,,,
7th Aug 2024 04:00,,,,,,,,,,,,,,,,,,,,,,,,0,0,,,,,,,
7th Aug 2024 05:00,,,,,,,,,,,,,,,,,,,,,,,,0,7,,,,,,,
7th Aug 2024 06:00,,,,,,,,,,,,,,,,,,,,,,,,6,7,,,,,,,
7th Aug 2024 07:00,,,,,,,,,,,,,,,,,,,,,,,,23,17,,,,,,,
7th Aug 2024 08:00,,,,,,,,,,,,,,,,,,,,,,,,25,38,,,,,,,
7th Aug 2024 09:00,,,,,,,,,,,,,,,,,,,,,,,,13,14,,,,,,,
7th Aug 2024 10:00,,,,,,,,,,,,,,,,,,,,,,,,13,10,,,,,,,
7th Aug 2024 11:00,,,,,,,,,,,,,,,,,,,,,,,,24,6,,,,,,,
7th Aug 2024 12:00,,,,,,,,,,,,,,,,,,,,,,,,25,8,,,,,,,
7th Aug 2024 13:00,,,,,,,,,,,,,,,,,,,,,,,,11,18,,,,,,,
7th Aug 2024 14:00,,,,,,,,,,,,,,,,,,,,,,,,5,16,,,,,,,
7th Aug 2024 15:00,,,,,,,,,,,,,,,,,,,,,,,,23,28,,,,,,,
7th Aug 2024 16:00,,,,,,,,,,,,,,,,,,,,,,,,28,21,,,,,,,
7th Aug 2024 17:00,,,,,,,,,,,,,,,,,,,,,,,,15,17,,,,,,,
7th Aug 2024 18:00,,,,,,,,,,,,,,,,,,,,,,,,23,9,,,,,,,
7th Aug 2024 19:00,,,,,,,,,,,,,,,,,,,,,,,,11,3,,,,,,,
7th Aug 2024 20:00,,,,,,,,,,,,,,,,,,,,,,,,8,4,,,,,,,
7th Aug 2024 21:00,,,,,,,,,,,,,,,,,,,,,,,,5,0,,,,,,,
7th Aug 2024 22:00,,,,,,,,,,,,,,,,,,,,,,,,3,2,,,,,,,
7th Aug 2024 23:00,,,,,,,,,,,,,,,,,,,,,,,,1,0,,,,,,,
8th Aug 2024 00:00,,,,,,,,,,,,,,,,,,,,,,,,4,0,,,,,,,
8th Aug 2024 01:00,,,,,,,,,,,,,,,,,,,,,,,,0,0,,,,,,,
8th Aug 2024 02:00,,,,,,,,,,,,,,,,,,,,,,,,0,0,,,,,,,
8th Aug 2024 03:00,,,,,,,,,,,,,,,,,,,,,,,,0,0,,,,,,,
8th Aug 2024 04:00,,,,,,,,,,,,,,,,,,,,,,,,0,0,,,,,,,
8th Aug 2024 05:00,,,,,,,,,,,,,,,,,,,,,,,,0,5,,,,,,,
8th Aug 2024 06:00,,,,,,,,,,,,,,,,,,,,,,,,0,16,,,,,,,
8th Aug 2024 07:00,,,,,,,,,,,,,,,,,,,,,,,,0,17,,,,,,,
8th Aug 2024 08:00,,,,,,,,,,,,,,,,,,,,,,,,9,42,,,,,,,
8th Aug 2024 09:00,,,,,,,,,,,,,,,,,,,,,,,,14,16,,,,,,,
8th Aug 2024 10:00,,,,,,,,,,,,,,,,,,,,,,,,22,16,,,,,,,
8th Aug 2024 11:00,,,,,,,,,,,,,,,,,,,,,,,,17,10,,,,,,,
8th Aug 2024 12:00,,,,,,,,,,,,,,,,,,,,,,,,19,14,,,,,,,
8th Aug 2024 13:00,,,,,,,,,,,,,,,,,,,,,,,,10,14,,,,,,,
8th Aug 2024 14:00,,,,,,,,,,,,,,,,,,,,,,,,21,19,,,,,,,
8th Aug 2024 15:00,,,,,,,,,,,,,,,,,,,,,,,,22,43,,,,,,,
8th Aug 2024 16:00,,,,,,,,,,,,,,,,,,,,,,,,24,23,,,,,,,
8th Aug 2024 17:00,,,,,,,,,,,,,,,,,,,,,,,,27,22,,,,,,,
8th Aug 2024 18:00,,,,,,,,,,,,,,,,,,,,,,,,21,9,,,,,,,
8th Aug 2024 19:00,,,,,,,,,,,,,,,,,,,,,,,,16,2,,,,,,,
8th Aug 2024 20:00,,,,,,,,,,,,,,,,,,,,,,,,11,3,,,,,,,
8th Aug 2024 21:00,,,,,,,,,,,,,,,,,,,,,,,,11,0,,,,,,,
8th Aug 2024 22:00,,,,,,,,,,,,,,,,,,,,,,,,9,0,,,,,,,
8th Aug 2024 23:00,,,,,,,,,,,,,,,,,,,,,,,,6,1,,,,,,,
9th Aug 2024 00:00,,,,,,,,,,,,,,,,,,,,,,,,1,1,,,,,,,
9th Aug 2024 01:00,,,,,,,,,,,,,,,,,,,,,,,,1,0,,,,,,,
9th Aug 2024 02:00,,,,,,,,,,,,,,,,,,,,,,,,0,0,,,,,,,
9th Aug 2024 03:00,,,,,,,,,,,,,,,,,,,,,,,,1,0,,,,,,,
9th Aug 2024 04:00,,,,,,,,,,,,,,,,,,,,,,,,2,0,,,,,,,
9th Aug 2024 05:00,,,,,,,,,,,,,,,,,,,,,,,,10,7,,,,,,,
9th Aug 2024 06:00,,,,,,,,,,,,,,,,,,,,,,,,34,15,,,,,,,
9th Aug 2024 07:00,,,,,,,,,,,,,,,,,,,,,,,,48,23,,,,,,,
9th Aug 2024 08:00,,,,,,,,,,,,,,,,,,,,,,,,57,22,,,,,,,
9th Aug 2024 09:00,,,,,,,,,,,,,,,,,,,,,,,,49,17,,,,,,,
9th Aug 2024 10:00,,,,,,,,,,,,,,,,,,,,,,,,52,13,,,,,,,
9th Aug 2024 11:00,,,,,,,,,,,,,,,,,,,,,,,,45,5,,,,,,,
9th Aug 2024 12:00,,,,,,,,,,,,,,,,,,,,,,,,40,27,,,,,,,
9th Aug 2024 13:00,,,,,,,,,,,,,,,,,,,,,,,,35,16,,,,,,,
9th Aug 2024 14:00,,,,,,,,,,,,,,,,,,,,,,,,42,30,,,,,,,
9th Aug 2024 15:00,,,,,,,,,,,,,,,,,,,,,,,,52,30,,,,,,,
9th Aug 2024 16:00,,,,,,,,,,,,,,,,,,,,,,,,72,24,,,,,,,
9th Aug 2024 17:00,,,,,,,,,,,,,,,,,,,,,,,,34,26,,,,,,,
9th Aug 2024 18:00,,,,,,,,,,,,,,,,,,,,,,,,33,4,,,,,,,
9th Aug 2024 19:00,,,,,,,,,,,,,,,,,,,,,,,,30,4,,,,,,,
9th Aug 2024 20:00,,,,,,,,,,,,,,,,,,,,,,,,14,1,,,,,,,
9th Aug 2024 21:00,,,,,,,,,,,,,,,,,,,,,,,,18,1,,,,,,,
9th Aug 2024 22:00,,,,,,,,,,,,,,,,,,,,,,,,10,1,,,,,,,
9th Aug 2024 23:00,,,,,,,,,,,,,,,,,,,,,,,,19,0,,,,,,,
10th Aug 2024 00:00,,,,,,,,,,,,,,,,,,,,,,,,1,0,,,,,,,
10th Aug 2024 01:00,,,,,,,,,,,,,,,,,,,,,,,,2,0,,,,,,,
10th Aug 2024 02:00,,,,,,,,,,,,,,,,,,,,,,,,0,1,,,,,,,
10th Aug 2024 03:00,,,,,,,,,,,,,,,,,,,,,,,,0,0,,,,,,,
10th Aug 2024 04:00,,,,,,,,,,,,,,,,,,,,,,,,0,0,,,,,,,
10th Aug 2024 05:00,,,,,,,,,,,,,,,,,,,,,,,,0,0,,,,,,,
10th Aug 2024 06:00,,,,,,,,,,,,,,,,,,,,,,,,10,14,,,,,,,
10th Aug 2024 07:00,,,,,,,,,,,,,,,,,,,,,,,,27,25,,,,,,,
10th Aug 2024 08:00,,,,,,,,,,,,,,,,,,,,,,,,46,20,,,,,,,
10th Aug 2024 09:00,,,,,,,,,,,,,,,,,,,,,,,,70,15,,,,,,,
10th Aug 2024 10:00,,,,,,,,,,,,,,,,,,,,,,,,75,32,,,,,,,
10th Aug 2024 11:00,,,,,,,,,,,,,,,,,,,,,,,,100,26,,,,,,,
10th Aug 2024 12:00,,,,,,,,,,,,,,,,,,,,,,,,65,28,,,,,,,
10th Aug 2024 13:00,,,,,,,,,,,,,,,,,,,,,,,,45,23,,,,,,,
10th Aug 2024 14:00,,,,,,,,,,,,,,,,,,,,,,,,43,17,,,,,,,
10th Aug 2024 15:00,,,,,,,,,,,,,,,,,,,,,,,,33,17,,,,,,,
10th Aug 2024 16:00,,,,,,,,,,,,,,,,,,,,,,,,33,29,,,,,,,
10th Aug 2024 17:00,,,,,,,,,,,,,,,,,,,,,,,,45,20,,,,,,,
10th Aug 2024 18:00,,,,,,,,,,,,,,,,,,,,,,,,41,9,,,,,,,
10th Aug 2024 19:00,,,,,,,,,,,,,,,,,,,,,,,,23,4,,,,,,,
10th Aug 2024 20:00,,,,,,,,,,,,,,,,,,,,,,,,16,10,,,,,,,
10th Aug 2024 21:00,,,,,,,,,,,,,,,,,,,,,,,,17,3,,,,,,,
10th Aug 2024 22:00,,,,,,,,,,,,,,,,,,,,,,,,16,3,,,,,,,
10th Aug 2024 23:00,,,,,,,,,,,,,,,,,,,,,,,,7,1,,,,,,,
11th Aug 2024 00:00,,,,,,,,,,,,,,,,,,,,,,,,0,0,,,,,,,
11th Aug 2024 01:00,,,,,,,,,,,,,,,,,,,,,,,,0,2,,,,,,,
11th Aug 2024 02:00,,,,,,,,,,,,,,,,,,,,,,,,0,0,,,,,,,
11th Aug 2024 03:00,,,,,,,,,,,,,,,,,,,,,,,,0,0,,,,,,,
11th Aug 2024 04:00,,,,,,,,,,,,,,,,,,,,,,,,0,1,,,,,,,
11th Aug 2024 05:00,,,,,,,,,,,,,,,,,,,,,,,,0,0,,,,,,,
11th Aug 2024 06:00,,,,,,,,,,,,,,,,,,,,,,,,0,7,,,,,,,
11th Aug 2024 07:00,,,,,,,,,,,,,,,,,,,,,,,,0,10,,,,,,,
11th Aug 2024 08:00,,,,,,,,,,,,,,,,,,,,,,,,3,18,,,,,,,
11th Aug 2024 09:00,,,,,,,,,,,,,,,,,,,,,,,,46,24,,,,,,,
11th Aug 2024 10:00,,,,,,,,,,,,,,,,,,,,,,,,57,50,,,,,,,
11th Aug 2024 11:00,,,,,,,,,,,,,,,,,,,,,,,,59,19,,,,,,,
11th Aug 2024 12:00,,,,,,,,,,,,,,,,,,,,,,,,43,29,,,,,,,
11th Aug 2024 13:00,,,,,,,,,,,,,,,,,,,,,,,,44,18,,,,,,,
11th Aug 2024 14:00,,,,,,,,,,,,,,,,,,,,,,,,38,19,,,,,,,
11th Aug 2024 15:00,,,,,,,,,,,,,,,,,,,,,,,,31,31,,,,,,,
11th Aug 2024 16:00,,,,,,,,,,,,,,,,,,,,,,,,32,23,,,,,,,
11th Aug 2024 17:00,,,,,,,,,,,,,,,,,,,,,,,,50,26,,,,,,,
11th Aug 2024 18:00,,,,,,,,,,,,,,,,,,,,,,,,28,8,,,,,,,
11th Aug 2024 19:00,,,,,,,,,,,,,,,,,,,,,,,,18,0,,,,,,,
11th Aug 2024 20:00,,,,,,,,,,,,,,,,,,,,,,,,15,0,,,,,,,
11th Aug 2024 21:00,,,,,,,,,,,,,,,,,,,,,,,,2,0,,,,,,,
11th Aug 2024 22:00,,,,,,,,,,,,,,,,,,,,,,,,5,0,,,,,,,
11th Aug 2024 23:00,,,,,,,,,,,,,,,,,,,,,,,,0,0,,,,,,,
12th Aug 2024 00:00,,,,,,,,,,,,,,,,,,,,,,,,1,0,,,,,,,
12th Aug 2024 01:00,,,,,,,,,,,,,,,,,,,,,,,,0,0,,,,,,,
12th Aug 2024 02:00,,,,,,,,,,,,,,,,,,,,,,,,0,0,,,,,,,
12th Aug 2024 03:00,,,,,,,,,,,,,,,,,,,,,,,,0,0,,,,,,,
12th Aug 2024 04:00,,,,,,,,,,,,,,,,,,,,,,,,0,0,,,,,,,
12th Aug 2024 05:00,,,,,,,,,,,,,,,,,,,,,,,,0,4,,,,,,,
12th Aug 2024 06:00,,,,,,,,,,,,,,,,,,,,,,,,2,4,,,,,,,
12th Aug 2024 07:00,,,,,,,,,,,,,,,,,,,,,,,,19,22,,,,,,,
12th Aug 2024 08:00,,,,,,,,,,,,,,,,,,,,,,,,43,30,,,,,,,
12th Aug 2024 09:00,,,,,,,,,,,,,,,,,,,,,,,,45,17,,,,,,,
12th Aug 2024 10:00,,,,,,,,,,,,,,,,,,,,,,,,22,10,,,,,,,
12th Aug 2024 11:00,,,,,,,,,,,,,,,,,,,,,,,,16,13,,,,,,,
12th Aug 2024 12:00,,,,,,,,,,,,,,,,,,,,,,,,23,5,,,,,,,
12th Aug 2024 13:00,,,,,,,,,,,,,,,,,,,,,,,,35,10,,,,,,,
12th Aug 2024 14:00,,,,,,,,,,,,,,,,,,,,,,,,37,12,,,,,,,
12th Aug 2024 15:00,,,,,,,,,,,,,,,,,,,,,,,,36,22,,,,,,,
12th Aug 2024 16:00,,,,,,,,,,,,,,,,,,,,,,,,48,21,,,,,,,
12th Aug 2024 17:00,,,,,,,,,,,,,,,,,,,,,,,,41,46,,,,,,,
12th Aug 2024 18:00,,,,,,,,,,,,,,,,,,,,,,,,33,8,,,,,,,
12th Aug 2024 19:00,,,,,,,,,,,,,,,,,,,,,,,,29,9,,,,,,,
12th Aug 2024 20:00,,,,,,,,,,,,,,,,,,,,,,,,15,3,,,,,,,
12th Aug 2024 21:00,,,,,,,,,,,,,,,,,,,,,,,,16,0,,,,,,,
12th Aug 2024 22:00,,,,,,,,,,,,,,,,,,,,,,,,3,1,,,,,,,
12th Aug 2024 23:00,,,,,,,,,,,,,,,,,,,,,,,,2,1,,,,,,,
13th Aug 2024 00:00,,,,,,,,,,,,,,,,,,,,,,,,0,0,,,,,,,
13th Aug 2024 01:00,,,,,,,,,,,,,,,,,,,,,,,,0,0,,,,,,,
13th Aug 2024 02:00,,,,,,,,,,,,,,,,,,,,,,,,0,0,,,,,,,
13th Aug 2024 03:00,,,,,,,,,,,,,,,,,,,,,,,,0,0,,,,,,,
13th Aug 2024 04:00,,,,,,,,,,,,,,,,,,,,,,,,0,0,,,,,,,
13th Aug 2024 05:00,,,,,,,,,,,,,,,,,,,,,,,,0,4,,,,,,,
13th Aug 2024 06:00,,,,,,,,,,,,,,,,,,,,,,,,3,6,,,,,,,
13th Aug 2024 07:00,,,,,,,,,,,,,,,,,,,,,,,,13,7,,,,,,,
13th Aug 2024 08:00,,,,,,,,,,,,,,,,,,,,,,,,14,37,,,,,,,
13th Aug 2024 09:00,,,,,,,,,,,,,,,,,,,,,,,,30,8,,,,,,,
13th Aug 2024 10:00,,,,,,,,,,,,,,,,,,,,,,,,31,3,,,,,,,
13th Aug 2024 11:00,,,,,,,,,,,,,,,,,,,,,,,,40,11,,,,,,,
13th Aug 2024 12:00,,,,,,,,,,,,,,,,,,,,,,,,37,12,,,,,,,
13th Aug 2024 13:00,,,,,,,,,,,,,,,,,,,,,,,,25,12,,,,,,,
13th Aug 2024 14:00,,,,,,,,,,,,,,,,,,,,,,,,31,13,,,,,,,
13th Aug 2024 15:00,,,,,,,,,,,,,,,,,,,,,,,,41,24,,,,,,,
13th Aug 2024 16:00,,,,,,,,,,,,,,,,,,,,,,,,43,24,,,,,,,
13th Aug 2024 17:00,,,,,,,,,,,,,,,,,,,,,,,,54,32,,,,,,,
13th Aug 2024 18:00,,,,,,,,,,,,,,,,,,,,,,,,26,25,,,,,,,
13th Aug 2024 19:00,,,,,,,,,,,,,,,,,,,,,,,,28,17,,,,,,,
13th Aug 2024 20:00,,,,,,,,,,,,,,,,,,,,,,,,10,6,,,,,,,
13th Aug 2024 21:00,,,,,,,,,,,,,,,,,,,,,,,,7,2,,,,,,,
13th Aug 2024 22:00,,,,,,,,,,,,,,,,,,,,,,,,6,1,,,,,,,
13th Aug 2024 23:00,,,,,,,,,,,,,,,,,,,,,,,,1,1,,,,,,,
14th Aug 2024 00:00,,,,,,,,,,,,,,,,,,,,,,,,2,0,,,,,,,
14th Aug 2024 01:00,,,,,,,,,,,,,,,,,,,,,,,,0,0,,,,,,,
14th Aug 2024 02:00,,,,,,,,,,,,,,,,,,,,,,,,2,0,,,,,,,
14th Aug 2024 03:00,,,,,,,,,,,,,,,,,,,,,,,,1,0,,,,,,,
14th Aug 2024 04:00,,,,,,,,,,,,,,,,,,,,,,,,3,0,,,,,,,
14th Aug 2024 05:00,,,,,,,,,,,,,,,,,,,,,,,,5,8,,,,,,,
14th Aug 2024 06:00,,,,,,,,,,,,,,,,,,,,,,,,16,12,,,,,,,
14th Aug 2024 07:00,,,,,,,,,,,,,,,,,,,,,,,,39,15,,,,,,,
14th Aug 2024 08:00,,,,,,,,,,,,,,,,,,,,,,,,43,22,,,,,,,
14th Aug 2024 09:00,,,,,,,,,,,,,,,,,,,,,,,,17,14,,,,,,,
14th Aug 2024 10:00,,,,,,,,,,,,,,,,,,,,,,,,5,5,,,,,,,
14th Aug 2024 11:00,,,,,,,,,,,,,,,,,,,,,,,,14,7,,,,,,,
14th Aug 2024 12:00,,,,,,,,,,,,,,,,,,,,,,,,27,4,,,,,,,
14th Aug 2024 13:00,,,,,,,,,,,,,,,,,,,,,,,,19,4,,,,,,,
14th Aug 2024 14:00,,,,,,,,,,,,,,,,,,,,,,,,17,6,,,,,,,
14th Aug 2024 15:00,,,,,,,,,,,,,,,,,,,,,,,,29,21,,,,,,,
14th Aug 2024 16:00,,,,,,,,,,,,,,,,,,,,,,,,38,10,,,,,,,
14th Aug 2024 17:00,,,,,,,,,,,,,,,,,,,,,,,,32,5,,,,,,,
14th Aug 2024 18:00,,,,,,,,,,,,,,,,,,,,,,,,32,6,,,,,,,
14th Aug 2024 19:00,,,,,,,,,,,,,,,,,,,,,,,,19,2,,,,,,,
14th Aug 2024 20:00,,,,,,,,,,,,,,,,,,,,,,,,8,4,,,,,,,
14th Aug 2024 21:00,,,,,,,,,,,,,,,,,,,,,,,,16,2,,,,,,,
14th Aug 2024 22:00,,,,,,,,,,,,,,,,,,,,,,,,6,1,,,,,,,
14th Aug 2024 23:00,,,,,,,,,,,,,,,,,,,,,,,,3,0,,,,,,,
15th Aug 2024 00:00,,,,,,,,,,,,,,,,,,,,,,,,3,0,,,,,,,
15th Aug 2024 01:00,,,,,,,,,,,,,,,,,,,,,,,,1,0,,,,,,,
15th Aug 2024 02:00,,,,,,,,,,,,,,,,,,,,,,,,0,1,,,,,,,
15th Aug 2024 03:00,,,,,,,,,,,,,,,,,,,,,,,,0,0,,,,,,,
15th Aug 2024 04:00,,,,,,,,,,,,,,,,,,,,,,,,0,0,,,,,,,
15th Aug 2024 05:00,,,,,,,,,,,,,,,,,,,,,,,,0,5,,,,,,,
15th Aug 2024 06:00,,,,,,,,,,,,,,,,,,,,,,,,3,10,,,,,,,
15th Aug 2024 07:00,,,,,,,,,,,,,,,,,,,,,,,,6,12,,,,,,,
15th Aug 2024 08:00,,,,,,,,,,,,,,,,,,,,,,,,17,30,,,,,,,
15th Aug 2024 09:00,,,,,,,,,,,,,,,,,,,,,,,,15,12,,,,,,,
15th Aug 2024 10:00,,,,,,,,,,,,,,,,,,,,,,,,28,7,,,,,,,
15th Aug 2024 11:00,,,,,,,,,,,,,,,,,,,,,,,,8,7,,,,,,,
15th Aug 2024 12:00,,,,,,,,,,,,,,,,,,,,,,,,17,13,,,,,,,
15th Aug 2024 13:00,,,,,,,,,,,,,,,,,,,,,,,,23,7,,,,,,,
15th Aug 2024 14:00,,,,,,,,,,,,,,,,,,,,,,,,27,17,,,,,,,
15th Aug 2024 15:00,,,,,,,,,,,,,,,,,,,,,,,,32,26,,,,,,,
15th Aug 2024 16:00,,,,,,,,,,,,,,,,,,,,,,,,49,16,,,,,,,
15th Aug 2024 17:00,,,,,,,,,,,,,,,,,,,,,,,,55,24,,,,,,,
15th Aug 2024 18:00,,,,,,,,,,,,,,,,,,,,,,,,36,4,,,,,,,
15th Aug 2024 19:00,,,,,,,,,,,,,,,,,,,,,,,,44,5,,,,,,,
15th Aug 2024 20:00,,,,,,,,,,,,,,,,,,,,,,,,20,3,,,,,,,
15th Aug 2024 21:00,,,,,,,,,,,,,,,,,,,,,,,,15,4,,,,,,,
15th Aug 2024 22:00,,,,,,,,,,,,,,,,,,,,,,,,5,0,,,,,,,
15th Aug 2024 23:00,,,,,,,,,,,,,,,,,,,,,,,,2,0,,,,,,,
16th Aug 2024 00:00,,,,,,,,,,,,,,,,,,,,,,,,2,0,,,,,,,
16th Aug 2024 01:00,,,,,,,,,,,,,,,,,,,,,,,,0,0,,,,,,,
16th Aug 2024 02:00,,,,,,,,,,,,,,,,,,,,,,,,0,0,,,,,,,
16th Aug 2024 03:00,,,,,,,,,,,,,,,,,,,,,,,,0,0,,,,,,,
16th Aug 2024 04:00,,,,,,,,,,,,,,,,,,,,,,,,1,0,,,,,,,
16th Aug 2024 05:00,,,,,,,,,,,,,,,,,,,,,,,,10,7,,,,,,,
16th Aug 2024 06:00,,,,,,,,,,,,,,,,,,,,,,,,23,8,,,,,,,
16th Aug 2024 07:00,,,,,,,,,,,,,,,,,,,,,,,,43,22,,,,,,,
16th Aug 2024 08:00,,,,,,,,,,,,,,,,,,,,,,,,52,36,,,,,,,
16th Aug 2024 09:00,,,,,,,,,,,,,,,,,,,,,,,,38,28,,,,,,,
16th Aug 2024 10:00,,,,,,,,,,,,,,,,,,,,,,,,,,,,,,,,
16th Aug 2024 11:00,,,,,,,,,,,,,,,,,,,,,,,,,,,,,,,,
16th Aug 2024 12:00,,,,,,,,,,,,,,,,,,,,,,,,,,,,,,,,
16th Aug 2024 13:00,,,,,,,,,,,,,,,,,,,,,,,,,,,,,,,,
16th Aug 2024 14:00,,,,,,,,,,,,,,,,,,,,,,,,,,,,,,,,
16th Aug 2024 15:00,,38,,,,,,,,,,,,,,,,,,,,92,,,,,,,,,,
16th Aug 2024 16:00,,48,,,,,,,,,,,,,,,,,,,,128,,,,,,,,,,
16th Aug 2024 17:00,,36,,,,,,,,,,,,,,,,,,,,141,,,,,,,,,,
16th Aug 2024 18:00,,21,,,,,,,,,,,,,,,,,,,,76,,,,,,,,,,
16th Aug 2024 19:00,,7,,,,,,,,,,,,,,,,,,,,35,,,,,,,,,,
16th Aug 2024 20:00,,3,,,,,,,,,,,,,,,,,,,,13,,,,,,,,,,
16th Aug 2024 21:00,,3,,,,,,,,,,,,,,,,,,,,15,,,,,,,,,,
16th Aug 2024 22:00,,7,,,,,,,,,,,,,,,,,,,,9,,,,,,,,,,
16th Aug 2024 23:00,,3,,,,,,,,,,,,,,,,,,,,1,,,,,,,,,,
17th Aug 2024 00:00,,2,,,,,,,,,,,,,,,,,,,,2,,,,,,,,,,
17th Aug 2024 01:00,,3,,,,,,,,,,,,,,,,,,,,1,,,,,,,,,,
17th Aug 2024 02:00,,1,,,,,,,,,,,,,,,,,,,,1,,,,,,,,,,
17th Aug 2024 03:00,,1,,,,,,,,,,,,,,,,,,,,4,,,,,,,,,,
17th Aug 2024 04:00,,0,,,,,,,,,,,,,,,,,,,,1,,,,,,,,,,
17th Aug 2024 05:00,,1,,,,,,,,,,,,,,,,,,,,11,,,,,,,,,,
17th Aug 2024 06:00,,12,,,,,,,,,,,,,,,,,,,,54,,,,,,,,,,
17th Aug 2024 07:00,,26,,,,,,,,,,,,,,,,,,,,129,,,,,,,,,,
17th Aug 2024 08:00,,52,,,,,,,,,,,,,,,,,,,,173,,,,,,,,,,
17th Aug 2024 09:00,,70,,,,,,,,,,,,,,,,,,,,191,,,,,,,,,,
17th Aug 2024 10:00,,78,,,,,,,,,,,,,,,,,,,,208,,,,,,,,,,
17th Aug 2024 11:00,,56,,,,,,,,,,,,,,,,,,,,184,,,,,,,,,,
17th Aug 2024 12:00,,64,,,,,,,,,,,,,,,,,,,,147,,,,,,,,,,
17th Aug 2024 13:00,,33,,,,,,,,,,,,,,,,,,,,111,,,,,,,,,,
17th Aug 2024 14:00,,37,,,,,,,,,,,,,,,,,,,,103,,,,,,,,,,
17th Aug 2024 15:00,,49,,,,,,,,,,,,,,,,,,,,118,,,,,,,,,,
17th Aug 2024 16:00,,42,,,,,,,,,,,,,,,,,,,,70,,,,,,,,,,
17th Aug 2024 17:00,,31,,,,,,,,,,,,,,,,,,,,62,,,,,,,,,,
17th Aug 2024 18:00,,10,,,,,,,,,,,,,,,,,,,,19,,,,,,,,,,
17th Aug 2024 19:00,,7,,,,,,,,,,,,,,,,,,,,41,,,,,,,,,,
17th Aug 2024 20:00,,2,,,,,,,,,,,,,,,,,,,,10,,,,,,,,,,
17th Aug 2024 21:00,,4,,,,,,,,,,,,,,,,,,,,10,,,,,,,,,,
17th Aug 2024 22:00,,1,,,,,,,,,,,,,,,,,,,,6,,,,,,,,,,
17th Aug 2024 23:00,,1,,,,,,,,,,,,,,,,,,,,4,,,,,,,,,,
18th Aug 2024 00:00,,2,,,,,,,,,,,,,,,,,,,,3,,,,,,,,,,
18th Aug 2024 01:00,,1,,,,,,,,,,,,,,,,,,,,2,,,,,,,,,,
18th Aug 2024 02:00,,0,,,,,,,,,,,,,,,,,,,,6,,,,,,,,,,
18th Aug 2024 03:00,,0,,,,,,,,,,,,,,,,,,,,1,,,,,,,,,,
18th Aug 2024 04:00,,0,,,,,,,,,,,,,,,,,,,,2,,,,,,,,,,
18th Aug 2024 05:00,,3,,,,,,,,,,,,,,,,,,,,10,,,,,,,,,,
18th Aug 2024 06:00,,10,,,,,,,,,,,,,,,,,,,,22,,,,,,,,,,
18th Aug 2024 07:00,,29,,,,,,,,,,,,,,,,,,,,84,,,,,,,,,,
18th Aug 2024 08:00,,43,,,,,,,,,,,,,,,,,,,,102,,,,,,,,,,
18th Aug 2024 09:00,,59,,,,,,,,,,,,,,,,,,,,147,,,,,,,,,,
18th Aug 2024 10:00,,39,,,,,,,,,,,,,,,,,,,,138,,,,,,,,,,
18th Aug 2024 11:00,,29,,,,,,,,,,,,,,,,,,,,116,,,,,,,,,,
18th Aug 2024 12:00,,33,,,,,,,,,,,,,,,,,,,,98,,,,,,,,,,
18th Aug 2024 13:00,,12,,,,,,,,,,,,,,,,,,,,69,,,,,,,,,,
18th Aug 2024 14:00,,12,,,,,,,,,,,,,,,,,,,,105,,,,,,,,,,
18th Aug 2024 15:00,,23,,,,,,,,,,,,,,,,,,,,121,,,,,,,,,,
18th Aug 2024 16:00,,32,,,,,,,,,,,,,,,,,,,,131,,,,,,,,,,
18th Aug 2024 17:00,,41,,,,,,,,,,,,,,,,,,,,143,,,,,,,,,,
18th Aug 2024 18:00,,13,,,,,,,,,,,,,,,,,,,,46,,,,,,,,,,
18th Aug 2024 19:00,,19,,,,,,,,,,,,,,,,,,,,21,,,,,,,,,,
18th Aug 2024 20:00,,1,,,,,,,,,,,,,,,,,,,,14,,,,,,,,,,
18th Aug 2024 21:00,,2,,,,,,,,,,,,,,,,,,,,7,,,,,,,,,,
18th Aug 2024 22:00,,0,,,,,,,,,,,,,,,,,,,,3,,,,,,,,,,
18th Aug 2024 23:00,,3,,,,,,,,,,,,,,,,,,,,0,,,,,,,,,,
19th Aug 2024 00:00,,0,,,,,,,,,,,,,,,,,,,,3,,,,,,,,,,
19th Aug 2024 01:00,,0,,,,,,,,,,,,,,,,,,,,0,,,,,,,,,,
19th Aug 2024 02:00,,0,,,,,,,,,,,,,,,,,,,,0,,,,,,,,,,
19th Aug 2024 03:00,,0,,,,,,,,,,,,,,,,,,,,4,,,,,,,,,,
19th Aug 2024 04:00,,0,,,,,,,,,,,,,,,,,,,,2,,,,,,,,,,
19th Aug 2024 05:00,,2,,,,,,,,,,,,,,,,,,,,50,,,,,,,,,,
19th Aug 2024 06:00,,17,,,,,,,,,,,,,,,,,,,,102,,,,,,,,,,
19th Aug 2024 07:00,,45,,,,,,,,,,,,,,,,,,,,133,,,,,,,,,,
19th Aug 2024 08:00,,50,,,,,,,,,,,,,,,,,,,,127,,,,,,,,,,
19th Aug 2024 09:00,,52,,,,,,,,,,,,,,,,,,,,134,,,,,,,,,,
19th Aug 2024 10:00,,15,,,,,,,,,,,,,,,,,,,,93,,,,,,,,,,
19th Aug 2024 11:00,,8,,,,,,,,,,,,,,,,,,,,73,,,,,,,,,,
19th Aug 2024 12:00,,27,,,,,,,,,,,,,,,,,,,,75,,,,,,,,,,
19th Aug 2024 13:00,,18,,,,,,,,,,,,,,,,,,,,67,,,,,,,,,,
19th Aug 2024 14:00,,17,,,,,,,,,,,,,,,,,,,,58,,,,,,,,,,
19th Aug 2024 15:00,,62,,,,,,,,,,,,,,,,,,,,139,,,,,,,,,,
19th Aug 2024 16:00,,45,,,,,,,,,,,,,,,,,,,,162,,,,,,,,,,
19th Aug 2024 17:00,,52,,,,,,,,,,,,,,,,,,,,199,,,,,,,,,,
19th Aug 2024 18:00,,34,,,,,,,,,,,,,,,,,,,,136,,,,,,,,,,
19th Aug 2024 19:00,,17,,,,,,,,,,,,,,,,,,,,76,,,,,,,,,,
19th Aug 2024 20:00,,4,,,,,,,,,,,,,,,,,,,,31,,,,,,,,,,
19th Aug 2024 21:00,,3,,,,,,,,,,,,,,,,,,,,7,,,,,,,,,,
19th Aug 2024 22:00,,2,,,,,,,,,,,,,,,,,,,,6,,,,,,,,,,
19th Aug 2024 23:00,,1,,,,,,,,,,,,,,,,,,,,0,,,,,,,,,,
20th Aug 2024 00:00,,1,,,,,,,,,,,,,,,,,,,,2,,,,,,,,,,
20th Aug 2024 01:00,,0,,,,,,,,,,,,,,,,,,,,1,,,,,,,,,,
20th Aug 2024 02:00,,0,,,,,,,,,,,,,,,,,,,,0,,,,,,,,,,
20th Aug 2024 03:00,,0,,,,,,,,,,,,,,,,,,,,4,,,,,,,,,,
20th Aug 2024 04:00,,0,,,,,,,,,,,,,,,,,,,,4,,,,,,,,,,
20th Aug 2024 05:00,,9,,,,,,,,,,,,,,,,,,,,54,,,,,,,,,,
20th Aug 2024 06:00,,47,,,,,,,,,,,,,,,,,,,,96,,,,,,,,,,
20th Aug 2024 07:00,,48,,,,,,,,,,,,,,,,,,,,129,,,,,,,,,,
20th Aug 2024 08:00,,54,,,,,,,,,,,,,,,,,,,,143,,,,,,,,,,
20th Aug 2024 09:00,,34,,,,,,,,,,,,,,,,,,,,118,,,,,,,,,,
20th Aug 2024 10:00,,37,,,,,,,,,,,,,,,,,,,,91,,,,,,,,,,
20th Aug 2024 11:00,,20,,,,,,,,,,,,,,,,,,,,82,,,,,,,,,,
20th Aug 2024 12:00,,18,,,,,,,,,,,,,,,,,,,,74,,,,,,,,,,
20th Aug 2024 13:00,,17,,,,,,,,,,,,,,,,,,,,66,,,,,,,,,,
20th Aug 2024 14:00,,15,,,,,,,,,,,,,,,,,,,,61,,,,,,,,,,
20th Aug 2024 15:00,,45,,,,,,,,,,,,,,,,,,,,125,,,,,,,,,,
20th Aug 2024 16:00,,50,,,,,,,,,,,,,,,,,,,,122,,,,,,,,,,
20th Aug 2024 17:00,,60,,,,,,,,,,,,,,,,,,,,149,,,,,,,,,,
20th Aug 2024 18:00,,21,,,,,,,,,,,,,,,,,,,,111,,,,,,,,,,
20th Aug 2024 19:00,,16,,,,,,,,,,,,,,,,,,,,69,,,,,,,,,,
20th Aug 2024 20:00,,7,,,,,,,,,,,,,,,,,,,,31,,,,,,,,,,
20th Aug 2024 21:00,,3,,,,,,,,,,,,,,,,,,,,11,,,,,,,,,,
20th Aug 2024 22:00,,2,,,,,,,,,,,,,,,,,,,,3,,,,,,,,,,
20th Aug 2024 23:00,,0,,,,,,,,,,,,,,,,,,,,4,,,,,,,,,,
21st Aug 2024 00:00,,1,,,,,,,,,,,,,,,,,,,,1,,,,,,,,,,
21st Aug 2024 01:00,,0,,,,,,,,,,,,,,,,,,,,1,,,,,,,,,,
21st Aug 2024 02:00,,0,,,,,,,,,,,,,,,,,,,,0,,,,,,,,,,
21st Aug 2024 03:00,,0,,,,,,,,,,,,,,,,,,,,5,,,,,,,,,,
21st Aug 2024 04:00,,0,,,,,,,,,,,,,,,,,,,,2,,,,,,,,,,
21st Aug 2024 05:00,,5,,,,,,,,,,,,,,,,,,,,77,,,,,,,,,,
21st Aug 2024 06:00,,27,,,,,,,,,,,,,,,,,,,,111,,,,,,,,,,
21st Aug 2024 07:00,,40,,,,,,,,,,,,,,,,,,,,129,,,,,,,,,,
21st Aug 2024 08:00,,66,,,,,,,,,,,,,,,,,,,,134,,,,,,,,,,
21st Aug 2024 09:00,,33,,,,,,,,,,,,,,,,,,,,117,,,,,,,,,,
21st Aug 2024 10:00,,21,,,,,,,,,,,,,,,,,,,,110,,,,,,,,,,
21st Aug 2024 11:00,,14,,,,,,,,,,,,,,,,,,,,102,,,,,,,,,,
21st Aug 2024 12:00,,43,,,,,,,,,,,,,,,,,,,,103,,,,,,,,,,
21st Aug 2024 13:00,,31,,,,,,,,,,,,,,,,,,,,92,,,,,,,,,,
21st Aug 2024 14:00,,22,,,,,,,,,,,,,,,,,,,,69,,,,,,,,,,
21st Aug 2024 15:00,,36,,,,,,,,,,,,,,,,,,,,74,,,,,,,,,,
21st Aug 2024 16:00,,56,,,,,,,,,,,,,,,,,,,,147,,,,,,,,,,
21st Aug 2024 17:00,,40,,,,,,,,,,,,,,,,,,,,201,,,,,,,,,,
21st Aug 2024 18:00,,21,,,,,,,,,,,,,,,,,,,,132,,,,,,,,,,
21st Aug 2024 19:00,,13,,,,,,,,,,,,,,,,,,,,64,,,,,,,,,,
21st Aug 2024 20:00,,6,,,,,,,,,,,,,,,,,,,,28,,,,,,,,,,
21st Aug 2024 21:00,,6,,,,,,,,,,,,,,,,,,,,14,,,,,,,,,,
21st Aug 2024 22:00,,2,,,,,,,,,,,,,,,,,,,,5,,,,,,,,,,
21st Aug 2024 23:00,,0,,,,,,,,,,,,,,,,,,,,2,,,,,,,,,,
22nd Aug 2024 00:00,,0,,,,,,,,,,,,,,,,,,,,0,,,,,,,,,,
22nd Aug 2024 01:00,,0,,,,,,,,,,,,,,,,,,,,0,,,,,,,,,,
22nd Aug 2024 02:00,,0,,,,,,,,,,,,,,,,,,,,0,,,,,,,,,,
22nd Aug 2024 03:00,,0,,,,,,,,,,,,,,,,,,,,2,,,,,,,,,,
22nd Aug 2024 04:00,,0,,,,,,,,,,,,,,,,,,,,2,,,,,,,,,,
22nd Aug 2024 05:00,,4,,,,,,,,,,,,,,,,,,,,54,,,,,,,,,,
22nd Aug 2024 06:00,,28,,,,,,,,,,,,,,,,,,,,85,,,,,,,,,,
22nd Aug 2024 07:00,,44,,,,,,,,,,,,,,,,,,,,110,,,,,,,,,,
22nd Aug 2024 08:00,,68,,,,,,,,,,,,,,,,,,,,152,,,,,,,,,,
22nd Aug 2024 09:00,,32,,,,,,,,,,,,,,,,,,,,108,,,,,,,,,,
22nd Aug 2024 10:00,,21,,,,,,,,,,,,,,,,,,,,110,,,,,,,,,,
22nd Aug 2024 11:00,,20,,,,,,,,,,,,,,,,,,,,84,,,,,,,,,,
22nd Aug 2024 12:00,,14,,,,,,,,,,,,,,,,,,,,77,,,,,,,,,,
22nd Aug 2024 13:00,,34,,,,,,,,,,,,,,,,,,,,38,,,,,,,,,,
22nd Aug 2024 14:00,,15,,,,,,,,,,,,,,,,,,,,26,,,,,,,,,,
22nd Aug 2024 15:00,,2,,,,,,,,,,,,,,,,,,,,36,,,,,,,,,,
22nd Aug 2024 16:00,,9,,,,,,,,,,,,,,,,,,,,47,,,,,,,,,,
22nd Aug 2024 17:00,,29,,,,,,,,,,,,,,,,,,,,32,,,,,,,,,,
22nd Aug 2024 18:00,,47,,,,,,,,,,,,,,,,,,,,37,,,,,,,,,,
22nd Aug 2024 19:00,,14,,,,,,,,,,,,,,,,,,,,19,,,,,,,,,,
22nd Aug 2024 20:00,,3,,,,,,,,,,,,,,,,,,,,11,,,,,,,,,,
22nd Aug 2024 21:00,,6,,,,,,,,,,,,,,,,,,,,9,,,,,,,,,,
22nd Aug 2024 22:00,,1,,,,,,,,,,,,,,,,,,,,4,,,,,,,,,,
22nd Aug 2024 23:00,,1,,,,,,,,,,,,,,,,,,,,0,,,,,,,,,,
23rd Aug 2024 00:00,,0,,,,,,,,,,,,,,,,,,,,1,,,,,,,,,,
23rd Aug 2024 01:00,,0,,,,,,,,,,,,,,,,,,,,0,,,,,,,,,,
23rd Aug 2024 02:00,,1,,,,,,,,,,,,,,,,,,,,0,,,,,,,,,,
23rd Aug 2024 03:00,,2,,,,,,,,,,,,,,,,,,,,1,,,,,,,,,,
23rd Aug 2024 04:00,,0,,,,,,,,,,,,,,,,,,,,2,,,,,,,,,,
23rd Aug 2024 05:00,,8,,,,,,,,,,,,,,,,,,,,55,,,,,,,,,,
23rd Aug 2024 06:00,,33,,,,,,,,,,,,,,,,,,,,114,,,,,,,,,,
23rd Aug 2024 07:00,,60,,,,,,,,,,,,,,,,,,,,130,,,,,,,,,,
23rd Aug 2024 08:00,,74,,,,,,,,,,,,,,,,,,,,155,,,,,,,,,,
23rd Aug 2024 09:00,,36,,,,,,,,,,,,,,,,,,,,126,,,,,,,,,,
23rd Aug 2024 10:00,,24,,,,,,,,,,,,,,,,,,,,115,,,,,,,,,,
23rd Aug 2024 11:00,,30,,,,,,,,,,,,,,,,,,,,86,,,,,,,,,,
23rd Aug 2024 12:00,,30,,,,,,,,,,,,,,,,,,,,105,,,,,,,,,,
23rd Aug 2024 13:00,,31,,,,,,,,,,,,,,,,,,,,57,,,,,,,,,,
23rd Aug 2024 14:00,,34,,,,,,,,,,,,,,,,,,,,76,,,,,,,,,,
23rd Aug 2024 15:00,,44,,,,,,,,,,,,,,,,,,,,126,,,,,,,,,,
23rd Aug 2024 16:00,,43,,,,,,,,,,,,,,,,,,,,144,,,,,,,,,,
23rd Aug 2024 17:00,,44,,,,,,,,,,,,,,,,,,,,143,,,,,,,,,,
23rd Aug 2024 18:00,,22,,,,,,,,,,,,,,,,,,,,71,,,,,,,,,,
23rd Aug 2024 19:00,,13,,,,,,,,,,,,,,,,,,,,37,,,,,,,,,,
23rd Aug 2024 20:00,,4,,,,,,,,,,,,,,,,,,,,15,,,,,,,,,,
23rd Aug 2024 21:00,,4,,,,,,,,,,,,,,,,,,,,10,,,,,,,,,,
23rd Aug 2024 22:00,,2,,,,,,,,,,,,,,,,,,,,5,,,,,,,,,,
23rd Aug 2024 23:00,,3,,,,,,,,,,,,,,,,,,,,5,,,,,,,,,,
24th Aug 2024 00:00,,2,,,,,,,,,,,,,,,,,,,,2,,,,,,,,,,
24th Aug 2024 01:00,,0,,,,,,,,,,,,,,,,,,,,0,,,,,,,,,,
24th Aug 2024 02:00,,0,,,,,,,,,,,,,,,,,,,,0,,,,,,,,,,
24th Aug 2024 03:00,,0,,,,,,,,,,,,,,,,,,,,2,,,,,,,,,,
24th Aug 2024 04:00,,0,,,,,,,,,,,,,,,,,,,,1,,,,,,,,,,
24th Aug 2024 05:00,,0,,,,,,,,,,,,,,,,,,,,9,,,,,,,,,,
24th Aug 2024 06:00,,9,,,,,,,,,,,,,,,,,,,,30,,,,,,,,,,
24th Aug 2024 07:00,,24,,,,,,,,,,,,,,,,,,,,74,,,,,,,,,,
24th Aug 2024 08:00,,26,,,,,,,,,,,,,,,,,,,,106,,,,,,,,,,
24th Aug 2024 09:00,,31,,,,,,,,,,,,,,,,,,,,158,,,,,,,,,,
24th Aug 2024 10:00,,31,,,,,,,,,,,,,,,,,,,,154,,,,,,,,,,
24th Aug 2024 11:00,,47,,,,,,,,,,,,,,,,,,,,153,,,,,,,,,,
24th Aug 2024 12:00,,49,,,,,,,,,,,,,,,,,,,,125,,,,,,,,,,
24th Aug 2024 13:00,,42,,,,,,,,,,,,,,,,,,,,152,,,,,,,,,,
24th Aug 2024 14:00,,37,,,,,,,,,,,,,,,,,,,,78,,,,,,,,,,
24th Aug 2024 15:00,,45,,,,,,,,,,,,,,,,,,,,126,,,,,,,,,,
24th Aug 2024 16:00,,41,,,,,,,,,,,,,,,,,,,,125,,,,,,,,,,
24th Aug 2024 17:00,,42,,,,,,,,,,,,,,,,,,,,98,,,,,,,,,,
24th Aug 2024 18:00,,34,,,,,,,,,,,,,,,,,,,,59,,,,,,,,,,
24th Aug 2024 19:00,,10,,,,,,,,,,,,,,,,,,,,16,,,,,,,,,,
24th Aug 2024 20:00,,7,,,,,,,,,,,,,,,,,,,,15,,,,,,,,,,
24th Aug 2024 21:00,,5,,,,,,,,,,,,,,,,,,,,13,,,,,,,,,,
24th Aug 2024 22:00,,0,,,,,,,,,,,,,,,,,,,,10,,,,,,,,,,
24th Aug 2024 23:00,,1,,,,,,,,,,,,,,,,,,,,6,,,,,,,,,,
25th Aug 2024 00:00,,1,,,,,,,,,,,,,,,,,,,,2,,,,,,,,,,
25th Aug 2024 01:00,,1,,,,,,,,,,,,,,,,,,,,3,,,,,,,,,,
25th Aug 2024 02:00,,1,,,,,,,,,,,,,,,,,,,,4,,,,,,,,,,
25th Aug 2024 03:00,,0,,,,,,,,,,,,,,,,,,,,3,,,,,,,,,,
25th Aug 2024 04:00,,0,,,,,,,,,,,,,,,,,,,,1,,,,,,,,,,
25th Aug 2024 05:00,,3,,,,,,,,,,,,,,,,,,,,8,,,,,,,,,,
25th Aug 2024 06:00,,17,,,,,,,,,,,,,,,,,,,,25,,,,,,,,,,
25th Aug 2024 07:00,,36,,,,,,,,,,,,,,,,,,,,79,,,,,,,,,,
25th Aug 2024 08:00,,40,,,,,,,,,,,,,,,,,,,,107,,,,,,,,,,
25th Aug 2024 09:00,,54,,,,,,,,,,,,,,,,,,,,190,,,,,,,,,,
25th Aug 2024 10:00,,63,,,,,,,,,,,,,,,,,,,,196,,,,,,,,,,
25th Aug 2024 11:00,,57,,,,,,,,,,,,,,,,,,,,184,,,,,,,,,,
25th Aug 2024 12:00,,50,,,,,,,,,,,,,,,,,,,,154,,,,,,,,,,
25th Aug 2024 13:00,,44,,,,,,,,,,,,,,,,,,,,99,,,,,,,,,,
25th Aug 2024 14:00,,45,,,,,,,,,,,,,,,,,,,,114,,,,,,,,,,
25th Aug 2024 15:00,,40,,,,,,,,,,,,,,,,,,,,115,,,,,,,,,,
25th Aug 2024 16:00,,40,,,,,,,,,,,,,,,,,,,,119,,,,,,,,,,
25th Aug 2024 17:00,,23,,,,,,,,,,,,,,,,,,,,73,,,,,,,,,,
25th Aug 2024 18:00,,6,,,,,,,,,,,,,,,,,,,,24,,,,,,,,,,
25th Aug 2024 19:00,,4,,,,,,,,,,,,,,,,,,,,12,,,,,,,,,,
25th Aug 2024 20:00,,10,,,,,,,,,,,,,,,,,,,,15,,,,,,,,,,
25th Aug 2024 21:00,,4,,,,,,,,,,,,,,,,,,,,6,,,,,,,,,,
25th Aug 2024 22:00,,5,,,,,,,,,,,,,,,,,,,,5,,,,,,,,,,
25th Aug 2024 23:00,,1,,,,,,,,,,,,,,,,,,,,2,,,,,,,,,,
26th Aug 2024 00:00,,0,,,,,,,,,,,,,,,,,,,,1,,,,,,,,,,
26th Aug 2024 01:00,,0,,,,,,,,,,,,,,,,,,,,0,,,,,,,,,,
26th Aug 2024 02:00,,0,,,,,,,,,,,,,,,,,,,,0,,,,,,,,,,
26th Aug 2024 03:00,,0,,,,,,,,,,,,,,,,,,,,2,,,,,,,,,,
26th Aug 2024 04:00,,0,,,,,,,,,,,,,,,,,,,,2,,,,,,,,,,
26th Aug 2024 05:00,,2,,,,,,,,,,,,,,,,,,,,49,,,,,,,,,,
26th Aug 2024 06:00,,21,,,,,,,,,,,,,,,,,,,,108,,,,,,,,,,
26th Aug 2024 07:00,,68,,,,,,,,,,,,,,,,,,,,150,,,,,,,,,,
26th Aug 2024 08:00,,63,,,,,,,,,,,,,,,,,,,,134,,,,,,,,,,
26th Aug 2024 09:00,,59,,,,,,,,,,,,,,,,,,,,129,,,,,,,,,,
26th Aug 2024 10:00,,20,,,,,,,,,,,,,,,,,,,,93,,,,,,,,,,
26th Aug 2024 11:00,,27,,,,,,,,,,,,,,,,,,,,80,,,,,,,,,,
26th Aug 2024 12:00,,23,,,,,,,,,,,,,,,,,,,,112,,,,,,,,,,
26th Aug 2024 13:00,,38,,,,,,,,,,,,,,,,,,,,104,,,,,,,,,,
26th Aug 2024 14:00,,24,,,,,,,,,,,,,,,,,,,,73,,,,,,,,,,
26th Aug 2024 15:00,,59,,,,,,,,,,,,,,,,,,,,138,,,,,,,,,,
26th Aug 2024 16:00,,63,,,,,,,,,,,,,,,,,,,,154,,,,,,,,,,
26th Aug 2024 17:00,,60,,,,,,,,,,,,,,,,,,,,198,,,,,,,,,,
26th Aug 2024 18:00,,29,,,,,,,,,,,,,,,,,,,,169,,,,,,,,,,
26th Aug 2024 19:00,,22,,,,,,,,,,,,,,,,,,,,73,,,,,,,,,,
26th Aug 2024 20:00,,15,,,,,,,,,,,,,,,,,,,,30,,,,,,,,,,
26th Aug 2024 21:00,,2,,,,,,,,,,,,,,,,,,,,7,,,,,,,,,,
26th Aug 2024 22:00,,3,,,,,,,,,,,,,,,,,,,,1,,,,,,,,,,
26th Aug 2024 23:00,,1,,,,,,,,,,,,,,,,,,,,1,,,,,,,,,,
27th Aug 2024 00:00,,2,,,,,,,,,,,,,,,,,,,,1,,,,,,,,,,
27th Aug 2024 01:00,,0,,,,,,,,,,,,,,,,,,,,0,,,,,,,,,,
27th Aug 2024 02:00,,0,,,,,,,,,,,,,,,,,,,,0,,,,,,,,,,
27th Aug 2024 03:00,,0,,,,,,,,,,,,,,,,,,,,2,,,,,,,,,,
27th Aug 2024 04:00,,0,,,,,,,,,,,,,,,,,,,,2,,,,,,,,,,
27th Aug 2024 05:00,,7,,,,,,,,,,,,,,,,,,,,62,,,,,,,,,,
27th Aug 2024 06:00,,48,,,,,,,,,,,,,,,,,,,,135,,,,,,,,,,
27th Aug 2024 07:00,,53,,,,,,,,,,,,,,,,,,,,139,,,,,,,,,,
27th Aug 2024 08:00,,59,,,,,,,,,,,,,,,,,,,,161,,,,,,,,,,
27th Aug 2024 09:00,,35,,,,,,,,,,,,,,,,,,,,104,,,,,,,,,,
27th Aug 2024 10:00,,18,,,,,,,,,,,,,,,,,,,,104,,,,,,,,,,
27th Aug 2024 11:00,,21,,,,,,,,,,,,,,,,,,,,85,,,,,,,,,,
27th Aug 2024 12:00,,36,,,,,,,,,,,,,,,,,,,,72,,,,,,,,,,
27th Aug 2024 13:00,,15,,,,,,,,,,,,,,,,,,,,79,,,,,,,,,,
27th Aug 2024 14:00,,11,,,,,,,,,,,,,,,,,,,,58,,,,,,,,,,
27th Aug 2024 15:00,,52,,,,,,,,,,,,,,,,,,,,140,,,,,,,,,,
27th Aug 2024 16:00,,56,,,,,,,,,,,,,,,,,,,,125,,,,,,,,,,
27th Aug 2024 17:00,,67,,,,,,,,,,,,,,,,,,,,147,,,,,,,,,,
27th Aug 2024 18:00,,27,,,,,,,,,,,,,,,,,,,,99,,,,,,,,,,
27th Aug 2024 19:00,,14,,,,,,,,,,,,,,,,,,,,65,,,,,,,,,,
27th Aug 2024 20:00,,12,,,,,,,,,,,,,,,,,,,,34,,,,,,,,,,
27th Aug 2024 21:00,,6,,,,,,,,,,,,,,,,,,,,9,,,,,,,,,,
27th Aug 2024 22:00,,0,,,,,,,,,,,,,,,,,,,,6,,,,,,,,,,
27th Aug 2024 23:00,,2,,,,,,,,,,,,,,,,,,,,5,,,,,,,,,,
28th Aug 2024 00:00,,0,,,,,,,,,,,,,,,,,,,,1,,,,,,,,,,
28th Aug 2024 01:00,,0,,,,,,,,,,,,,,,,,,,,0,,,,,,,,,,
28th Aug 2024 02:00,,0,,,,,,,,,,,,,,,,,,,,0,,,,,,,,,,
28th Aug 2024 03:00,,1,,,,,,,,,,,,,,,,,,,,2,,,,,,,,,,
28th Aug 2024 04:00,,0,,,,,,,,,,,,,,,,,,,,2,,,,,,,,,,
28th Aug 2024 05:00,,6,,,,,,,,,,,,,,,,,,,,80,,,,,,,,,,
28th Aug 2024 06:00,,35,,,,,,,,,,,,,,,,,,,,110,,,,,,,,,,
28th Aug 2024 07:00,,57,,,,,,,,,,,,,,,,,,,,156,,,,,,,,,,
28th Aug 2024 08:00,,73,,,,,,,,,,,,,,,,,,,,138,,,,,,,,,,
28th Aug 2024 09:00,,39,,,,,,,,,,,,,,,,,,,,96,,,,,,,,,,
28th Aug 2024 10:00,,33,,,,,,,,,,,,,,,,,,,,93,,,,,,,,,,
28th Aug 2024 11:00,,17,,,,,,,,,,,,,,,,,,,,100,,,,,,,,,,
28th Aug 2024 12:00,,17,,,,,,,,,,,,,,,,,,,,82,,,,,,,,,,
28th Aug 2024 13:00,,20,,,,,,,,,,,,,,,,,,,,64,,,,,,,,,,
28th Aug 2024 14:00,,39,,,,,,,,,,,,,,,,,,,,55,,,,,,,,,,
28th Aug 2024 15:00,,17,,,,,,,,,,,,,,,,,,,,111,,,,,,,,,,
28th Aug 2024 16:00,,31,,,,,,,,,,,,,,,,,,,,158,,,,,,,,,,
28th Aug 2024 17:00,,36,,,,,,,,,,,,,,,,,,,,158,,,,,,,,,,
28th Aug 2024 18:00,,12,,,,,,,,,,,,,,,,,,,,88,,,,,,,,,,
28th Aug 2024 19:00,,5,,,,,,,,,,,,,,,,,,,,67,,,,,,,,,,
28th Aug 2024 20:00,,12,,,,,,,,,,,,,,,,,,,,30,,,,,,,,,,
28th Aug 2024 21:00,,2,,,,,,,,,,,,,,,,,,,,9,,,,,,,,,,
28th Aug 2024 22:00,,4,,,,,,,,,,,,,,,,,,,,2,,,,,,,,,,
28th Aug 2024 23:00,,1,,,,,,,,,,,,,,,,,,,,3,,,,,,,,,,
29th Aug 2024 00:00,,1,,,,,,,,,,,,,,,,,,,,1,,,,,,,,,,
29th Aug 2024 01:00,,0,,,,,,,,,,,,,,,,,,,,0,,,,,,,,,,
29th Aug 2024 02:00,,0,,,,,,,,,,,,,,,,,,,,0,,,,,,,,,,
29th Aug 2024 03:00,,0,,,,,,,,,,,,,,,,,,,,1,,,,,,,,,,
29th Aug 2024 04:00,,0,,,,,,,,,,,,,,,,,,,,3,,,,,,,,,,
29th Aug 2024 05:00,,4,,,,,,,,,,,,,,,,,,,,56,,,,,,,,,,
29th Aug 2024 06:00,,29,,,,,,,,,,,,,,,,,,,,104,,,,,,,,,,
29th Aug 2024 07:00,,51,,,,,,,,,,,,,,,,,,,,132,,,,,,,,,,
29th Aug 2024 08:00,,78,,,,,,,,,,,,,,,,,,,,144,,,,,,,,,,
29th Aug 2024 09:00,,39,,,,,,,,,,,,,,,,,,,,119,,,,,,,,,,
29th Aug 2024 10:00,,30,,,,,,,,,,,,,,,,,,,,105,,,,,,,,,,
29th Aug 2024 11:00,,21,,,,,,,,,,,,,,,,,,,,74,,,,,,,,,,
29th Aug 2024 12:00,,22,,,,,,,,,,,,,,,,,,,,80,,,,,,,,,,
29th Aug 2024 13:00,,25,,,,,,,,,,,,,,,,,,,,60,,,,,,,,,,
29th Aug 2024 14:00,,23,,,,,,,,,,,,,,,,,,,,55,,,,,,,,,,
29th Aug 2024 15:00,,52,,,,,,,,,,,,,,,,,,,,93,,,,,,,,,,
29th Aug 2024 16:00,,43,,,,,,,,,,,,,,,,,,,,118,,,,,,,,,,
29th Aug 2024 17:00,,55,,,,,,,,,,,,,,,,,,,,125,,,,,,,,,,
29th Aug 2024 18:00,,25,,,,,,,,,,,,,,,,,,,,115,,,,,,,,,,
29th Aug 2024 19:00,,6,,,,,,,,,,,,,,,,,,,,50,,,,,,,,,,
29th Aug 2024 20:00,,11,,,,,,,,,,,,,,,,,,,,28,,,,,,,,,,
29th Aug 2024 21:00,,7,,,,,,,,,,,,,,,,,,,,7,,,,,,,,,,
29th Aug 2024 22:00,,1,,,,,,,,,,,,,,,,,,,,3,,,,,,,,,,
29th Aug 2024 23:00,,2,,,,,,,,,,,,,,,,,,,,6,,,,,,,,,,
30th Aug 2024 00:00,,0,,,,,,,,,,,,,,,,,,,,1,,,,,,,,,,
30th Aug 2024 01:00,,0,,,,,,,,,,,,,,,,,,,,0,,,,,,,,,,
30th Aug 2024 02:00,,1,,,,,,,,,,,,,,,,,,,,1,,,,,,,,,,
30th Aug 2024 03:00,,0,,,,,,,,,,,,,,,,,,,,2,,,,,,,,,,
30th Aug 2024 04:00,,0,,,,,,,,,,,,,,,,,,,,1,,,,,,,,,,
30th Aug 2024 05:00,,6,,,,,,,,,,,,,,,,,,,,67,,,,,,,,,,
30th Aug 2024 06:00,,26,,,,,,,,,,,,,,,,,,,,107,,,,,,,,,,
30th Aug 2024 07:00,,48,,,,,,,,,,,,,,,,,,,,133,,,,,,,,,,
30th Aug 2024 08:00,,69,,,,,,,,,,,,,,,,,,,,154,,,,,,,,,,
30th Aug 2024 09:00,,54,,,,,,,,,,,,,,,,,,,,113,,,,,,,,,,
30th Aug 2024 10:00,,23,,,,,,,,,,,,,,,,,,,,128,,,,,,,,,,
30th Aug 2024 11:00,,14,,,,,,,,,,,,,,,,,,,,91,,,,,,,,,,
30th Aug 2024 12:00,,20,,,,,,,,,,,,,,,,,,,,109,,,,,,,,,,
30th Aug 2024 13:00,,23,,,,,,,,,,,,,,,,,,,,61,,,,,,,,,,
30th Aug 2024 14:00,,17,,,,,,,,,,,,,,,,,,,,42,,,,,,,,,,
30th Aug 2024 15:00,,40,,,,,,,,,,,,,,,,,,,,114,,,,,,,,,,
30th Aug 2024 16:00,,41,,,,,,,,,,,,,,,,,,,,109,,,,,,,,,,
30th Aug 2024 17:00,,55,,,,,,,,,,,,,,,,,,,,136,,,,,,,,,,
30th Aug 2024 18:00,,31,,,,,,,,,,,,,,,,,,,,65,,,,,,,,,,
30th Aug 2024 19:00,,11,,,,,,,,,,,,,,,,,,,,37,,,,,,,,,,
30th Aug 2024 20:00,,8,,,,,,,,,,,,,,,,,,,,31,,,,,,,,,,
30th Aug 2024 21:00,,4,,,,,,,,,,,,,,,,,,,,14,,,,,,,,,,
30th Aug 2024 22:00,,2,,,,,,,,,,,,,,,,,,,,4,,,,,,,,,,
30th Aug 2024 23:00,,0,,,,,,,,,,,,,,,,,,,,1,,,,,,,,,,
31st Aug 2024 00:00,,6,,,,,,,,,,,,,,,,,,,,8,,,,,,,,,,
31st Aug 2024 01:00,,0,,,,,,,,,,,,,,,,,,,,1,,,,,,,,,,
31st Aug 2024 02:00,,2,,,,,,,,,,,,,,,,,,,,3,,,,,,,,,,
31st Aug 2024 03:00,,0,,,,,,,,,,,,,,,,,,,,2,,,,,,,,,,
31st Aug 2024 04:00,,0,,,,,,,,,,,,,,,,,,,,0,,,,,,,,,,
31st Aug 2024 05:00,,3,,,,,,,,,,,,,,,,,,,,10,,,,,,,,,,
31st Aug 2024 06:00,,16,,,,,,,,,,,,,,,,,,,,47,,,,,,,,,,
31st Aug 2024 07:00,,27,,,,,,,,,,,,,,,,,,,,107,,,,,,,,,,
31st Aug 2024 08:00,,54,,,,,,,,,,,,,,,,,,,,191,,,,,,,,,,
31st Aug 2024 09:00,,62,,,,,,,,,,,,,,,,,,,,179,,,,,,,,,,
31st Aug 2024 10:00,,55,,,,,,,,,,,,,,,,,,,,166,,,,,,,,,,
31st Aug 2024 11:00,,38,,,,,,,,,,,,,,,,,,,,171,,,,,,,,,,
31st Aug 2024 12:00,,43,,,,,,,,,,,,,,,,,,,,134,,,,,,,,,,
31st Aug 2024 13:00,,39,,,,,,,,,,,,,,,,,,,,113,,,,,,,,,,
31st Aug 2024 14:00,,46,,,,,,,,,,,,,,,,,,,,125,,,,,,,,,,
31st Aug 2024 15:00,,51,,,,,,,,,,,,,,,,,,,,184,,,,,,,,,,
31st Aug 2024 16:00,,43,,,,,,,,,,,,,,,,,,,,128,,,,,,,,,,
31st Aug 2024 17:00,,34,,,,,,,,,,,,,,,,,,,,71,,,,,,,,,,
31st Aug 2024 18:00,,20,,,,,,,,,,,,,,,,,,,,38,,,,,,,,,,
31st Aug 2024 19:00,,3,,,,,,,,,,,,,,,,,,,,12,,,,,,,,,,
31st Aug 2024 20:00,,11,,,,,,,,,,,,,,,,,,,,13,,,,,,,,,,
31st Aug 2024 21:00,,10,,,,,,,,,,,,,,,,,,,,20,,,,,,,,,,
31st Aug 2024 22:00,,2,,,,,,,,,,,,,,,,,,,,15,,,,,,,,,,
31st Aug 2024 23:00,,5,,,,,,,,,,,,,,,,,,,,6,,,,,,,,,,
1st Sep 2024 00:00,,0,,,,,,,,,,,,,,,,,,,,5,,,,,,,,,,
1st Sep 2024 01:00,,0,,,,,,,,,,,,,,,,,,,,4,,,,,,,,,,
1st Sep 2024 02:00,,10,,,,,,,,,,,,,,,,,,,,8,,,,,,,,,,
1st Sep 2024 03:00,,1,,,,,,,,,,,,,,,,,,,,3,,,,,,,,,,
1st Sep 2024 04:00,,0,,,,,,,,,,,,,,,,,,,,3,,,,,,,,,,
1st Sep 2024 05:00,,4,,,,,,,,,,,,,,,,,,,,11,,,,,,,,,,
1st Sep 2024 06:00,,4,,,,,,,,,,,,,,,,,,,,27,,,,,,,,,,
1st Sep 2024 07:00,,35,,,,,,,,,,,,,,,,,,,,123,,,,,,,,,,
1st Sep 2024 08:00,,56,,,,,,,,,,,,,,,,,,,,122,,,,,,,,,,
1st Sep 2024 09:00,,48,,,,,,,,,,,,,,,,,,,,149,,,,,,,,,,
1st Sep 2024 10:00,,104,,,,,,,,,,,,,,,,,,,,176,,,,,,,,,,
1st Sep 2024 11:00,,69,,,,,,,,,,,,,,,,,,,,161,,,,,,,,,,
1st Sep 2024 12:00,,39,,,,,,,,,,,,,,,,,,,,109,,,,,,,,,,
1st Sep 2024 13:00,,31,,,,,,,,,,,,,,,,,,,,90,,,,,,,,,,
1st Sep 2024 14:00,,29,,,,,,,,,,,,,,,,,,,,98,,,,,,,,,,
1st Sep 2024 15:00,,29,,,,,,,,,,,,,,,,,,,,149,,,,,,,,,,
1st Sep 2024 16:00,,47,,,,,,,,,,,,,,,,,,,,151,,,,,,,,,,
1st Sep 2024 17:00,,33,,,,,,,,,,,,,,,,,,,,84,,,,,,,,,,
1st Sep 2024 18:00,,12,,,,,,,,,,,,,,,,,,,,49,,,,,,,,,,
1st Sep 2024 19:00,,13,,,,,,,,,,,,,,,,,,,,24,,,,,,,,,,
1st Sep 2024 20:00,,2,,,,,,,,,,,,,,,,,,,,9,,,,,,,,,,
1st Sep 2024 21:00,,1,,,,,,,,,,,,,,,,,,,,13,,,,,,,,,,
1st Sep 2024 22:00,,0,,,,,,,,,,,,,,,,,,,,5,,,,,,,,,,
1st Sep 2024 23:00,,2,,,,,,,,,,,,,,,,,,,,2,,,,,,,,,,
2nd Sep 2024 00:00,,0,,,,,,,,,,,,,,,,,,,,2,,,,,,,,,,
2nd Sep 2024 01:00,,0,,,,,,,,,,,,,,,,,,,,2,,,,,,,,,,
2nd Sep 2024 02:00,,0,,,,,,,,,,,,,,,,,,,,0,,,,,,,,,,
2nd Sep 2024 03:00,,0,,,,,,,,,,,,,,,,,,,,2,,,,,,,,,,
2nd Sep 2024 04:00,,0,,,,,,,,,,,,,,,,,,,,2,,,,,,,,,,
2nd Sep 2024 05:00,,2,,,,,,,,,,,,,,,,,,,,68,,,,,,,,,,
2nd Sep 2024 06:00,,38,,,,,,,,,,,,,,,,,,,,128,,,,,,,,,,
2nd Sep 2024 07:00,,48,,,,,,,,,,,,,,,,,,,,140,,,,,,,,,,
2nd Sep 2024 08:00,,59,,,,,,,,,,,,,,,,,,,,117,,,,,,,,,,
2nd Sep 2024 09:00,,51,,,,,,,,,,,,,,,,,,,,131,,,,,,,,,,
2nd Sep 2024 10:00,,22,,,,,,,,,,,,,,,,,,,,118,,,,,,,,,,
2nd Sep 2024 11:00,,17,,,,,,,,,,,,,,,,,,,,87,,,,,,,,,,
2nd Sep 2024 12:00,,12,,,,,,,,,,,,,,,,,,,,95,,,,,,,,,,
2nd Sep 2024 13:00,,11,,,,,,,,,,,,,,,,,,,,64,,,,,,,,,,
2nd Sep 2024 14:00,,14,,,,,,,,,,,,,,,,,,,,53,,,,,,,,,,
2nd Sep 2024 15:00,,46,,,,,,,,,,,,,,,,,,,,111,,,,,,,,,,
2nd Sep 2024 16:00,,42,,,,,,,,,,,,,,,,,,,,147,,,,,,,,,,
2nd Sep 2024 17:00,,48,,,,,,,,,,,,,,,,,,,,184,,,,,,,,,,
2nd Sep 2024 18:00,,32,,,,,,,,,,,,,,,,,,,,184,,,,,,,,,,
2nd Sep 2024 19:00,,12,,,,,,,,,,,,,,,,,,,,65,,,,,,,,,,
2nd Sep 2024 20:00,,6,,,,,,,,,,,,,,,,,,,,31,,,,,,,,,,
2nd Sep 2024 21:00,,5,,,,,,,,,,,,,,,,,,,,7,,,,,,,,,,
2nd Sep 2024 22:00,,0,,,,,,,,,,,,,,,,,,,,1,,,,,,,,,,
2nd Sep 2024 23:00,,0,,,,,,,,,,,,,,,,,,,,0,,,,,,,,,,
3rd Sep 2024 00:00,,1,,,,,,,,,,,,,,,,,,,,0,,,,,,,,,,
3rd Sep 2024 01:00,,0,,,,,,,,,,,,,,,,,,,,0,,,,,,,,,,
3rd Sep 2024 02:00,,0,,,,,,,,,,,,,,,,,,,,0,,,,,,,,,,
3rd Sep 2024 03:00,,0,,,,,,,,,,,,,,,,,,,,3,,,,,,,,,,
3rd Sep 2024 04:00,,0,,,,,,,,,,,,,,,,,,,,3,,,,,,,,,,
3rd Sep 2024 05:00,,8,,,,,,,,,,,,,,,,,,,,60,,,,,,,,,,
3rd Sep 2024 06:00,,42,,,,,,,,,,,,,,,,,,,,137,,,,,,,,,,
3rd Sep 2024 07:00,,40,,,,,,,,,,,,,,,,,,,,150,,,,,,,,,,
3rd Sep 2024 08:00,,54,,,,,,,,,,,,,,,,,,,,143,,,,,,,,,,
3rd Sep 2024 09:00,,31,,,,,,,,,,,,,,,,,,,,119,,,,,,,,,,
3rd Sep 2024 10:00,,21,,,,,,,,,,,,,,,,,,,,92,,,,,,,,,,
3rd Sep 2024 11:00,,9,,,,,,,,,,,,,,,,,,,,70,,,,,,,,,,
3rd Sep 2024 12:00,,23,,,,,,,,,,,,,,,,,,,,70,,,,,,,,,,
3rd Sep 2024 13:00,,15,,,,,,,,,,,,,,,,,,,,65,,,,,,,,,,
3rd Sep 2024 14:00,,20,,,,,,,,,,,,,,,,,,,,53,,,,,,,,,,
3rd Sep 2024 15:00,,53,,,,,,,,,,,,,,,,,,,,114,,,,,,,,,,
3rd Sep 2024 16:00,,58,,,,,,,,,,,,,,,,,,,,133,,,,,,,,,,
3rd Sep 2024 17:00,,35,,,,,,,,,,,,,,,,,,,,121,,,,,,,,,,
3rd Sep 2024 18:00,,40,,,,,,,,,,,,,,,,,,,,106,,,,,,,,,,
3rd Sep 2024 19:00,,15,,,,,,,,,,,,,,,,,,,,57,,,,,,,,,,
3rd Sep 2024 20:00,,4,,,,,,,,,,,,,,,,,,,,26,,,,,,,,,,
3rd Sep 2024 21:00,,4,,,,,,,,,,,,,,,,,,,,7,,,,,,,,,,
3rd Sep 2024 22:00,,0,,,,,,,,,,,,,,,,,,,,1,,,,,,,,,,
3rd Sep 2024 23:00,,1,,,,,,,,,,,,,,,,,,,,2,,,,,,,,,,
4th Sep 2024 00:00,,1,,,,,,,,,,,,,,,,,,,,5,,,,,,,,,,
4th Sep 2024 01:00,,0,,,,,,,,,,,,,,,,,,,,0,,,,,,,,,,
4th Sep 2024 02:00,,0,,,,,,,,,,,,,,,,,,,,0,,,,,,,,,,
4th Sep 2024 03:00,,0,,,,,,,,,,,,,,,,,,,,3,,,,,,,,,,
4th Sep 2024 04:00,,0,,,,,,,,,,,,,,,,,,,,3,,,,,,,,,,
4th Sep 2024 05:00,,8,,,,,,,,,,,,,,,,,,,,84,,,,,,,,,,
4th Sep 2024 06:00,,33,,,,,,,,,,,,,,,,,,,,122,,,,,,,,,,
4th Sep 2024 07:00,,53,,,,,,,,,,,,,,,,,,,,142,,,,,,,,,,
4th Sep 2024 08:00,,62,,,,,,,,,,,,,,,,,,,,137,,,,,,,,,,
4th Sep 2024 09:00,,28,,,,,,,,,,,,,,,,,,,,99,,,,,,,,,,
4th Sep 2024 10:00,,37,,,,,,,,,,,,,,,,,,,,122,,,,,,,,,,
4th Sep 2024 11:00,,16,,,,,,,,,,,,,,,,,,,,104,,,,,,,,,,
4th Sep 2024 12:00,,26,,,,,,,,,,,,,,,,,,,,84,,,,,,,,,,
4th Sep 2024 13:00,,21,,,,,,,,,,,,,,,,,,,,64,,,,,,,,,,
4th Sep 2024 14:00,,27,,,,,,,,,,,,,,,,,,,,64,,,,,,,,,,
4th Sep 2024 15:00,,30,,,,,,,,,,,,,,,,,,,,78,,,,,,,,,,
4th Sep 2024 16:00,,37,,,,,,,,,,,,,,,,,,,,119,,,,,,,,,,
4th Sep 2024 17:00,,47,,,,,,,,,,,,,,,,,,,,162,,,,,,,,,,
4th Sep 2024 18:00,,33,,,,,,,,,,,,,,,,,,,,119,,,,,,,,,,
4th Sep 2024 19:00,,9,,,,,,,,,,,,,,,,,,,,62,,,,,,,,,,
4th Sep 2024 20:00,,7,,,,,,,,,,,,,,,,,,,,27,,,,,,,,,,
4th Sep 2024 21:00,,1,,,,,,,,,,,,,,,,,,,,12,,,,,,,,,,
4th Sep 2024 22:00,,0,,,,,,,,,,,,,,,,,,,,6,,,,,,,,,,
4th Sep 2024 23:00,,1,,,,,,,,,,,,,,,,,,,,0,,,,,,,,,,
5th Sep 2024 00:00,,0,,,,,,,,,,,,,,,,,,,,2,,,,,,,,,,
5th Sep 2024 01:00,,0,,,,,,,,,,,,,,,,,,,,1,,,,,,,,,,
5th Sep 2024 02:00,,0,,,,,,,,,,,,,,,,,,,,0,,,,,,,,,,
5th Sep 2024 03:00,,0,,,,,,,,,,,,,,,,,,,,2,,,,,,,,,,
5th Sep 2024 04:00,,0,,,,,,,,,,,,,,,,,,,,3,,,,,,,,,,
5th Sep 2024 05:00,,10,,,,,,,,,,,,,,,,,,,,49,,,,,,,,,,
5th Sep 2024 06:00,,19,,,,,,,,,,,,,,,,,,,,94,,,,,,,,,,
5th Sep 2024 07:00,,56,,,,,,,,,,,,,,,,,,,,147,,,,,,,,,,
5th Sep 2024 08:00,,72,,,,,,,,,,,,,,,,,,,,120,,,,,,,,,,
5th Sep 2024 09:00,,25,,,,,,,,,,,,,,,,,,,,85,,,,,,,,,,
5th Sep 2024 10:00,,32,,,,,,,,,,,,,,,,,,,,121,,,,,,,,,,
5th Sep 2024 11:00,,16,,,,,,,,,,,,,,,,,,,,86,,,,,,,,,,
5th Sep 2024 12:00,,15,,,,,,,,,,,,,,,,,,,,72,,,,,,,,,,
5th Sep 2024 13:00,,27,,,,,,,,,,,,,,,,,,,,54,,,,,,,,,,
5th Sep 2024 14:00,,19,,,,,,,,,,,,,,,,,,,,51,,,,,,,,,,
5th Sep 2024 15:00,,46,,,,,,,,,,,,,,,,,,,,121,,,,,,,,,,
5th Sep 2024 16:00,,47,,,,,,,,,,,,,,,,,,,,138,,,,,,,,,,
5th Sep 2024 17:00,,57,,,,,,,,,,,,,,,,,,,,140,,,,,,,,,,
5th Sep 2024 18:00,,35,,,,,,,,,,,,,,,,,,,,100,,,,,,,,,,
5th Sep 2024 19:00,,16,,,,,,,,,,,,,,,,,,,,49,,,,,,,,,,
5th Sep 2024 20:00,,7,,,,,,,,,,,,,,,,,,,,22,,,,,,,,,,
5th Sep 2024 21:00,,5,,,,,,,,,,,,,,,,,,,,11,,,,,,,,,,
5th Sep 2024 22:00,,2,,,,,,,,,,,,,,,,,,,,6,,,,,,,,,,
5th Sep 2024 23:00,,2,,,,,,,,,,,,,,,,,,,,2,,,,,,,,,,
6th Sep 2024 00:00,,0,,,,,,,,,,,,,,,,,,,,2,,,,,,,,,,
6th Sep 2024 01:00,,0,,,,,,,,,,,,,,,,,,,,0,,,,,,,,,,
6th Sep 2024 02:00,,0,,,,,,,,,,,,,,,,,,,,1,,,,,,,,,,
6th Sep 2024 03:00,,0,,,,,,,,,,,,,,,,,,,,1,,,,,,,,,,
6th Sep 2024 04:00,,2,,,,,,,,,,,,,,,,,,,,3,,,,,,,,,,
6th Sep 2024 05:00,,8,,,,,,,,,,,,,,,,,,,,60,,,,,,,,,,
6th Sep 2024 06:00,,23,,,,,,,,,,,,,,,,,,,,106,,,,,,,,,,
6th Sep 2024 07:00,,64,,,,,,,,,,,,,,,,,,,,154,,,,,,,,,,
6th Sep 2024 08:00,,80,,,,,,,,,,,,,,,,,,,,158,,,,,,,,,,
6th Sep 2024 09:00,,31,,,,,,,,,,,,,,,,,,,,149,,,,,,,,,,
6th Sep 2024 10:00,,35,,,,,,,,,,,,,,,,,,,,148,,,,,,,,,,
6th Sep 2024 11:00,,27,,,,,,,,,,,,,,,,,,,,129,,,,,,,,,,
6th Sep 2024 12:00,,15,,,,,,,,,,,,,,,,,,,,122,,,,,,,,,,
6th Sep 2024 13:00,,30,,,,,,,,,,,,,,,,,,,,99,,,,,,,,,,
6th Sep 2024 14:00,,17,,,,,,,,,,,,,,,,,,,,54,,,,,,,,,,
6th Sep 2024 15:00,,53,,,,,,,,,,,,,,,,,,,,102,,,,,,,,,,
6th Sep 2024 16:00,,38,,,,,,,,,,,,,,,,,,,,141,,,,,,,,,,
6th Sep 2024 17:00,,60,,,,,,,,,,,,,,,,,,,,133,,,,,,,,,,
6th Sep 2024 18:00,,30,,,,,,,,,,,,,,,,,,,,79,,,,,,,,,,
6th Sep 2024 19:00,,11,,,,,,,,,,,,,,,,,,,,44,,,,,,,,,,
6th Sep 2024 20:00,,12,,,,,,,,,,,,,,,,,,,,31,,,,,,,,,,
6th Sep 2024 21:00,,2,,,,,,,,,,,,,,,,,,,,16,,,,,,,,,,
6th Sep 2024 22:00,,4,,,,,,,,,,,,,,,,,,,,7,,,,,,,,,,
6th Sep 2024 23:00,,1,,,,,,,,,,,,,,,,,,,,3,,,,,,,,,,
7th Sep 2024 00:00,,1,,,,,,,,,,,,,,,,,,,,2,,,,,,,,,,
7th Sep 2024 01:00,,2,,,,,,,,,,,,,,,,,,,,1,,,,,,,,,,
7th Sep 2024 02:00,,0,,,,,,,,,,,,,,,,,,,,0,,,,,,,,,,
7th Sep 2024 03:00,,0,,,,,,,,,,,,,,,,,,,,1,,,,,,,,,,
7th Sep 2024 04:00,,0,,,,,,,,,,,,,,,,,,,,2,,,,,,,,,,
7th Sep 2024 05:00,,6,,,,,,,,,,,,,,,,,,,,16,,,,,,,,,,
7th Sep 2024 06:00,,19,,,,,,,,,,,,,,,,,,,,83,,,,,,,,,,
7th Sep 2024 07:00,,44,,,,,,,,,,,,,,,,,,,,138,,,,,,,,,,
7th Sep 2024 08:00,,73,,,,,,,,,,,,,,,,,,,,196,,,,,,,,,,
7th Sep 2024 09:00,,85,,,,,,,,,,,,,,,,,,,,200,,,,,,,,,,
7th Sep 2024 10:00,,63,,,,,,,,,,,,,,,,,,,,166,,,,,,,,,,
7th Sep 2024 11:00,,34,,,,,,,,,,,,,,,,,,,,155,,,,,,,,,,
7th Sep 2024 12:00,,25,,,,,,,,,,,,,,,,,,,,98,,,,,,,,,,
7th Sep 2024 13:00,,37,,,,,,,,,,,,,,,,,,,,85,,,,,,,,,,
7th Sep 2024 14:00,,53,,,,,,,,,,,,,,,,,,,,101,,,,,,,,,,
7th Sep 2024 15:00,,39,,,,,,,,,,,,,,,,,,,,95,,,,,,,,,,
7th Sep 2024 16:00,,41,,,,,,,,,,,,,,,,,,,,99,,,,,,,,,,
7th Sep 2024 17:00,,36,,,,,,,,,,,,,,,,,,,,57,,,,,,,,,,
7th Sep 2024 18:00,,19,,,,,,,,,,,,,,,,,,,,28,,,,,,,,,,
7th Sep 2024 19:00,,9,,,,,,,,,,,,,,,,,,,,17,,,,,,,,,,
7th Sep 2024 20:00,,14,,,,,,,,,,,,,,,,,,,,19,,,,,,,,,,
7th Sep 2024 21:00,,1,,,,,,,,,,,,,,,,,,,,7,,,,,,,,,,
7th Sep 2024 22:00,,3,,,,,,,,,,,,,,,,,,,,16,,,,,,,,,,
7th Sep 2024 23:00,,10,,,,,,,,,,,,,,,,,,,,4,,,,,,,,,,
8th Sep 2024 00:00,,0,,,,,,,,,,,,,,,,,,,,1,,,,,,,,,,
8th Sep 2024 01:00,,0,,,,,,,,,,,,,,,,,,,,1,,,,,,,,,,
8th Sep 2024 02:00,,0,,,,,,,,,,,,,,,,,,,,0,,,,,,,,,,
8th Sep 2024 03:00,,1,,,,,,,,,,,,,,,,,,,,3,,,,,,,,,,
8th Sep 2024 04:00,,0,,,,,,,,,,,,,,,,,,,,1,,,,,,,,,,
8th Sep 2024 05:00,,6,,,,,,,,,,,,,,,,,,,,8,,,,,,,,,,
8th Sep 2024 06:00,,19,,,,,,,,,,,,,,,,,,,,51,,,,,,,,,,
8th Sep 2024 07:00,,23,,,,,,,,,,,,,,,,,,,,57,,,,,,,,,,
8th Sep 2024 08:00,,47,,,,,,,,,,,,,,,,,,,,104,,,,,,,,,,
8th Sep 2024 09:00,,31,,,,,,,,,,,,,,,,,,,,150,,,,,,,,,,
8th Sep 2024 10:00,,45,,,,,,,,,,,,,,,,,,,,172,,,,,,,,,,
8th Sep 2024 11:00,,34,,,,,,,,,,,,,,,,,,,,127,,,,,,,,,,
8th Sep 2024 12:00,,36,,,,,,,,,,,,,,,,,,,,78,,,,,,,,,,
8th Sep 2024 13:00,,27,,,,,,,,,,,,,,,,,,,,65,,,,,,,,,,
8th Sep 2024 14:00,,24,,,,,,,,,,,,,,,,,,,,67,,,,,,,,,,
8th Sep 2024 15:00,,39,,,,,,,,,,,,,,,,,,,,99,,,,,,,,,,
8th Sep 2024 16:00,,46,,,,,,,,,,,,,,,,,,,,125,,,,,,,,,,
8th Sep 2024 17:00,,39,,,,,,,,,,,,,,,,,,,,111,,,,,,,,,,
8th Sep 2024 18:00,,28,,,,,,,,,,,,,,,,,,,,56,,,,,,,,,,
8th Sep 2024 19:00,,11,,,,,,,,,,,,,,,,,,,,22,,,,,,,,,,
8th Sep 2024 20:00,,3,,,,,,,,,,,,,,,,,,,,11,,,,,,,,,,
8th Sep 2024 21:00,,1,,,,,,,,,,,,,,,,,,,,10,,,,,,,,,,
8th Sep 2024 22:00,,0,,,,,,,,,,,,,,,,,,,,0,,,,,,,,,,
8th Sep 2024 23:00,,3,,,,,,,,,,,,,,,,,,,,0,,,,,,,,,,
9th Sep 2024 00:00,,0,,,,,,,,,,,,,,,,,,,,1,,,,,,,,,,
9th Sep 2024 01:00,,0,,,,,,,,,,,,,,,,,,,,0,,,,,,,,,,
9th Sep 2024 02:00,,0,,,,,,,,,,,,,,,,,,,,1,,,,,,,,,,
9th Sep 2024 03:00,,1,,,,,,,,,,,,,,,,,,,,1,,,,,,,,,,
9th Sep 2024 04:00,,0,,,,,,,,,,,,,,,,,,,,4,,,,,,,,,,
9th Sep 2024 05:00,,5,,,,,,,,,,,,,,,,,,,,60,,,,,,,,,,
9th Sep 2024 06:00,,31,,,,,,,,,,,,,,,,,,,,126,,,,,,,,,,
9th Sep 2024 07:00,,38,,,,,,,,,,,,,,,,,,,,127,,,,,,,,,,
9th Sep 2024 08:00,,62,,,,,,,,,,,,,,,,,,,,140,,,,,,,,,,
9th Sep 2024 09:00,,71,,,,,,,,,,,,,,,,,,,,135,,,,,,,,,,
9th Sep 2024 10:00,,26,,,,,,,,,,,,,,,,,,,,111,,,,,,,,,,
9th Sep 2024 11:00,,35,,,,,,,,,,,,,,,,,,,,85,,,,,,,,,,
9th Sep 2024 12:00,,25,,,,,,,,,,,,,,,,,,,,86,,,,,,,,,,
9th Sep 2024 13:00,,14,,,,,,,,,,,,,,,,,,,,70,,,,,,,,,,
9th Sep 2024 14:00,,17,,,,,,,,,,,,,,,,,,,,60,,,,,,,,,,
9th Sep 2024 15:00,,50,,,,,,,,,,,,,,,,,,,,104,,,,,,,,,,
9th Sep 2024 16:00,,47,,,,,,,,,,,,,,,,,,,,122,,,,,,,,,,
9th Sep 2024 17:00,,45,,,,,,,,,,,,,,,,,,,,177,,,,,,,,,,
9th Sep 2024 18:00,,32,,,,,,,,,,,,,,,,,,,,144,,,,,,,,,,
9th Sep 2024 19:00,,12,,,,,,,,,,,,,,,,,,,,58,,,,,,,,,,
9th Sep 2024 20:00,,7,,,,,,,,,,,,,,,,,,,,32,,,,,,,,,,
9th Sep 2024 21:00,,6,,,,,,,,,,,,,,,,,,,,8,,,,,,,,,,
9th Sep 2024 22:00,,0,,,,,,,,,,,,,,,,,,,,5,,,,,,,,,,
9th Sep 2024 23:00,,6,,,,,,,,,,,,,,,,,,,,1,,,,,,,,,,
10th Sep 2024 00:00,,2,,,,,,,,,,,,,,,,,,,,0,,,,,,,,,,
10th Sep 2024 01:00,,0,,,,,,,,,,,,,,,,,,,,0,,,,,,,,,,
10th Sep 2024 02:00,,0,,,,,,,,,,,,,,,,,,,,0,,,,,,,,,,
10th Sep 2024 03:00,,0,,,,,,,,,,,,,,,,,,,,1,,,,,,,,,,
10th Sep 2024 04:00,,0,,,,,,,,,,,,,,,,,,,,2,,,,,,,,,,
10th Sep 2024 05:00,,11,,,,,,,,,,,,,,,,,,,,78,,,,,,,,,,
10th Sep 2024 06:00,,80,,,,,,,,,,,,,,,,,,,,157,,,,,,,,,,
10th Sep 2024 07:00,,62,,,,,,,,,,,,,,,,,,,,153,,,,,,,,,,
10th Sep 2024 08:00,,79,,,,,,,,,,,,,,,,,,,,161,,,,,,,,,,
10th Sep 2024 09:00,,50,,,,,,,,,,,,,,,,,,,,131,,,,,,,,,,
10th Sep 2024 10:00,,52,,,,,,,,,,,,,,,,,,,,101,,,,,,,,,,
10th Sep 2024 11:00,,44,,,,,,,,,,,,,,,,,,,,97,,,,,,,,,,
10th Sep 2024 12:00,,19,,,,,,,,,,,,,,,,,,,,70,,,,,,,,,,
10th Sep 2024 13:00,,30,,,,,,,,,,,,,,,,,,,,64,,,,,,,,,,
10th Sep 2024 14:00,,25,,,,,,,,,,,,,,,,,,,,41,,,,,,,,,,
10th Sep 2024 15:00,,64,,,,,,,,,,,,,,,,,,,,133,,,,,,,,,,
10th Sep 2024 16:00,,46,,,,,,,,,,,,,,,,,,,,125,,,,,,,,,,
10th Sep 2024 17:00,,54,,,,,,,,,,,,,,,,,,,,169,,,,,,,,,,
10th Sep 2024 18:00,,36,,,,,,,,,,,,,,,,,,,,147,,,,,,,,,,
10th Sep 2024 19:00,,20,,,,,,,,,,,,,,,,,,,,74,,,,,,,,,,
10th Sep 2024 20:00,,8,,,,,,,,,,,,,,,,,,,,21,,,,,,,,,,
10th Sep 2024 21:00,,5,,,,,,,,,,,,,,,,,,,,14,,,,,,,,,,
10th Sep 2024 22:00,,1,,,,,,,,,,,,,,,,,,,,3,,,,,,,,,,
10th Sep 2024 23:00,,2,,,,,,,,,,,,,,,,,,,,4,,,,,,,,,,
11th Sep 2024 00:00,,0,,,,,,,,,,,,,,,,,,,,0,,,,,,,,,,
11th Sep 2024 01:00,,0,,,,,,,,,,,,,,,,,,,,2,,,,,,,,,,
11th Sep 2024 02:00,,0,,,,,,,,,,,,,,,,,,,,1,,,,,,,,,,
11th Sep 2024 03:00,,0,,,,,,,,,,,,,,,,,,,,1,,,,,,,,,,
11th Sep 2024 04:00,,0,,,,,,,,,,,,,,,,,,,,2,,,,,,,,,,
11th Sep 2024 05:00,,10,,,,,,,,,,,,,,,,,,,,69,,,,,,,,,,
11th Sep 2024 06:00,,37,,,,,,,,,,,,,,,,,,,,123,,,,,,,,,,
11th Sep 2024 07:00,,37,,,,,,,,,,,,,,,,,,,,163,,,,,,,,,,
11th Sep 2024 08:00,,61,,,,,,,,,,,,,,,,,,,,167,,,,,,,,,,
11th Sep 2024 09:00,,29,,,,,,,,,,,,,,,,,,,,129,,,,,,,,,,
11th Sep 2024 10:00,,21,,,,,,,,,,,,,,,,,,,,118,,,,,,,,,,
11th Sep 2024 11:00,,13,,,,,,,,,,,,,,,,,,,,101,,,,,,,,,,
11th Sep 2024 12:00,,19,,,,,,,,,,,,,,,,,,,,91,,,,,,,,,,
11th Sep 2024 13:00,,35,,,,,,,,,,,,,,,,,,,,64,,,,,,,,,,
11th Sep 2024 14:00,,18,,,,,,,,,,,,,,,,,,,,63,,,,,,,,,,
11th Sep 2024 15:00,,38,,,,,,,,,,,,,,,,,,,,86,,,,,,,,,,
11th Sep 2024 16:00,,38,,,,,,,,,,,,,,,,,,,,149,,,,,,,,,,
11th Sep 2024 17:00,,56,,,,,,,,,,,,,,,,,,,,172,,,,,,,,,,
11th Sep 2024 18:00,,24,,,,,,,,,,,,,,,,,,,,150,,,,,,,,,,
11th Sep 2024 19:00,,9,,,,,,,,,,,,,,,,,,,,63,,,,,,,,,,
11th Sep 2024 20:00,,13,,,,,,,,,,,,,,,,,,,,41,,,,,,,,,,
11th Sep 2024 21:00,,3,,,,,,,,,,,,,,,,,,,,9,,,,,,,,,,
11th Sep 2024 22:00,,0,,,,,,,,,,,,,,,,,,,,3,,,,,,,,,,
11th Sep 2024 23:00,,1,,,,,,,,,,,,,,,,,,,,5,,,,,,,,,,
12th Sep 2024 00:00,,7,,,,,,,,,,,,,,,,,,,,5,,,,,,,,,,
12th Sep 2024 01:00,,0,,,,,,,,,,,,,,,,,,,,0,,,,,,,,,,
12th Sep 2024 02:00,,0,,,,,,,,,,,,,,,,,,,,0,,,,,,,,,,
12th Sep 2024 03:00,,0,,,,,,,,,,,,,,,,,,,,0,,,,,,,,,,
12th Sep 2024 04:00,,0,,,,,,,,,,,,,,,,,,,,3,,,,,,,,,,
12th Sep 2024 05:00,,10,,,,,,,,,,,,,,,,,,,,65,,,,,,,,,,
12th Sep 2024 06:00,,40,,,,,,,,,,,,,,,,,,,,105,,,,,,,,,,
12th Sep 2024 07:00,,40,,,,,,,,,,,,,,,,,,,,109,,,,,,,,,,
12th Sep 2024 08:00,,61,,,,,,,,,,,,,,,,,,,,129,,,,,,,,,,
12th Sep 2024 09:00,,28,,,,,,,,,,,,,,,,,,,,96,,,,,,,,,,
12th Sep 2024 10:00,,21,,,,,,,,,,,,,,,,,,,,112,,,,,,,,,,
12th Sep 2024 11:00,,19,,,,,,,,,,,,,,,,,,,,81,,,,,,,,,,
12th Sep 2024 12:00,,8,,,,,,,,,,,,,,,,,,,,58,,,,,,,,,,
12th Sep 2024 13:00,,11,,,,,,,,,,,,,,,,,,,,58,,,,,,,,,,
12th Sep 2024 14:00,,16,,,,,,,,,,,,,,,,,,,,51,,,,,,,,,,
12th Sep 2024 15:00,,39,,,,,,,,,,,,,,,,,,,,95,,,,,,,,,,
12th Sep 2024 16:00,,35,,,,,,,,,,,,,,,,,,,,99,,,,,,,,,,
12th Sep 2024 17:00,,30,,,,,,,,,,,,,,,,,,,,125,,,,,,,,,,
12th Sep 2024 18:00,,4,,,,,,,,,,,,,,,,,,,,84,,,,,,,,,,
12th Sep 2024 19:00,,2,,,,,,,,,,,,,,,,,,,,43,,,,,,,,,,
12th Sep 2024 20:00,,4,,,,,,,,,,,,,,,,,,,,16,,,,,,,,,,
12th Sep 2024 21:00,,0,,,,,,,,,,,,,,,,,,,,5,,,,,,,,,,
12th Sep 2024 22:00,,3,,,,,,,,,,,,,,,,,,,,4,,,,,,,,,,
12th Sep 2024 23:00,,2,,,,,,,,,,,,,,,,,,,,3,,,,,,,,,,
13th Sep 2024 00:00,,0,,,,,,,,,,,,,,,,,,,,1,,,,,,,,,,
13th Sep 2024 01:00,,0,,,,,,,,,,,,,,,,,,,,1,,,,,,,,,,
13th Sep 2024 02:00,,0,,,,,,,,,,,,,,,,,,,,1,,,,,,,,,,
13th Sep 2024 03:00,,0,,,,,,,,,,,,,,,,,,,,0,,,,,,,,,,
13th Sep 2024 04:00,,0,,,,,,,,,,,,,,,,,,,,3,,,,,,,,,,
13th Sep 2024 05:00,,4,,,,,,,,,,,,,,,,,,,,57,,,,,,,,,,
13th Sep 2024 06:00,,29,,,,,,,,,,,,,,,,,,,,107,,,,,,,,,,
13th Sep 2024 07:00,,29,,,,,,,,,,,,,,,,,,,,144,,,,,,,,,,
13th Sep 2024 08:00,,97,,,,,,,,,,,,,,,,,,,,153,,,,,,,,,,
13th Sep 2024 09:00,,35,,,,,,,,,,,,,,,,,,,,99,,,,,,,,,,
13th Sep 2024 10:00,,21,,,,,,,,,,,,,,,,,,,,107,,,,,,,,,,
13th Sep 2024 11:00,,,,,,,,,,,,,,,,,,,,,,,,,,,,,,,,
13th Sep 2024 12:00,,,,,,,,,,,,,,,,,,,,,,,,,,,,,,,,
13th Sep 2024 13:00,,,,,,,,,,,,,,,,,,,,,,,,,,,,,,,,
13th Sep 2024 14:00,,,,,,,,,,,,,,,,,,,,,,,,,,,,,,,,
13th Sep 2024 15:00,,,,,,,,,,,,,,,,,,,,,,,,,,,,,,,,
13th Sep 2024 16:00,,,,,,,,,,,,,,,,,,,,,,,,,,,,,,,,
13th Sep 2024 17:00,,,,,,,,,,,,,,,,,,,,,,,,,,,,,,,,
13th Sep 2024 18:00,,,,,,,,,,,,,,,,,,,,,,,,,,,,,,,,
13th Sep 2024 19:00,,,,,,,,,,,,,,,,,,,,,,,,,,,,,,,,
13th Sep 2024 20:00,,,,,,,,,,,,,,,,,,,,,,,,,,,,,,,,
13th Sep 2024 21:00,,,,,,,,,,,,,,,,,,,,,,,,,,,,,,,,
13th Sep 2024 22:00,,,,,,,,,,,,,,,,,,,,,,,,,,,,,,,,
13th Sep 2024 23:00,,,,,,,,,,,,,,,,,,,,,,,,,,,,,,,,
14th Sep 2024 00:00,,,,,,,,,,,,,,,,,,,,,,,,,,,,,,,,
14th Sep 2024 01:00,,,,,,,,,,,,,,,,,,,,,,,,,,,,,,,,
14th Sep 2024 02:00,,,,,,,,,,,,,,,,,,,,,,,,,,,,,,,,
14th Sep 2024 03:00,,,,,,,,,,,,,,,,,,,,,,,,,,,,,,,,
14th Sep 2024 04:00,,,,,,,,,,,,,,,,,,,,,,,,,,,,,,,,
14th Sep 2024 05:00,,,,,,,,,,,,,,,,,,,,,,,,,,,,,,,,
14th Sep 2024 06:00,,,,,,,,,,,,,,,,,,,,,,,,,,,,,,,,
14th Sep 2024 07:00,,,,,,,,,,,,,,,,,,,,,,,,,,,,,,,,
14th Sep 2024 08:00,,,,,,,,,,,,,,,,,,,,,,,,,,,,,,,,
14th Sep 2024 09:00,,,,,,,,,,,,,,,,,,,,,,,,,,,,,,,,
14th Sep 2024 10:00,,,,,,,,,,,,,,,,,,,,,,,,,,,,,,,,
14th Sep 2024 11:00,,,,,,,,,,,,,,,,,,,,,,,,,,,,,,,,
14th Sep 2024 12:00,,,,,,,,,,,,,,,,,,,,,,,,,,,,,,,,
14th Sep 2024 13:00,,,,,,,,,,,,,,,,,,,,,,,,,,,,,,,,
14th Sep 2024 14:00,,,,,,,,,,,,,,,,,,,,,,,,,,,,,,,,
14th Sep 2024 15:00,,,,,,,,,,,,,,,,,,,,,,,,,,,,,,,,
14th Sep 2024 16:00,,,,,,,,,,,,,,,,,,,,,,,,,,,,,,,,
14th Sep 2024 17:00,,,,,,,,,,,,,,,,,,,,,,,,,,,,,,,,
14th Sep 2024 18:00,,,,,,,,,,,,,,,,,,,,,,,,,,,,,,,,
14th Sep 2024 19:00,,,,,,,,,,,,,,,,,,,,,,,,,,,,,,,,
14th Sep 2024 20:00,,,,,,,,,,,,,,,,,,,,,,,,,,,,,,,,
14th Sep 2024 21:00,,,,,,,,,,,,,,,,,,,,,,,,,,,,,,,,
14th Sep 2024 22:00,,,,,,,,,,,,,,,,,,,,,,,,,,,,,,,,
14th Sep 2024 23:00,,,,,,,,,,,,,,,,,,,,,,,,,,,,,,,,
15th Sep 2024 00:00,,,,,,,,,,,,,,,,,,,,,,,,,,,,,,,,
15th Sep 2024 01:00,,,,,,,,,,,,,,,,,,,,,,,,,,,,,,,,
15th Sep 2024 02:00,,,,,,,,,,,,,,,,,,,,,,,,,,,,,,,,
15th Sep 2024 03:00,,,,,,,,,,,,,,,,,,,,,,,,,,,,,,,,
15th Sep 2024 04:00,,,,,,,,,,,,,,,,,,,,,,,,,,,,,,,,
15th Sep 2024 05:00,,,,,,,,,,,,,,,,,,,,,,,,,,,,,,,,
15th Sep 2024 06:00,,,,,,,,,,,,,,,,,,,,,,,,,,,,,,,,
15th Sep 2024 07:00,,,,,,,,,,,,,,,,,,,,,,,,,,,,,,,,
15th Sep 2024 08:00,,,,,,,,,,,,,,,,,,,,,,,,,,,,,,,,
15th Sep 2024 09:00,,,,,,,,,,,,,,,,,,,,,,,,,,,,,,,,
15th Sep 2024 10:00,,,,,,,,,,,,,,,,,,,,,,,,,,,,,,,,
15th Sep 2024 11:00,,,,,,,,,,,,,,,,,,,,,,,,,,,,,,,,
15th Sep 2024 12:00,,,,,,,,,,,,,,,,,,,,,,,,,,,,,,,,
15th Sep 2024 13:00,,,,,,,,,,,,,,,,,,,,,,,,,,,,,,,,
15th Sep 2024 14:00,,,,,,,,,,,,,,,,,,,,,,,,,,,,,,,,
15th Sep 2024 15:00,,,,,,,,,,,,,,,,,,,,,,,,,,,,,,,,
15th Sep 2024 16:00,,,,,,,,,,,,,,,,,,,,,,,,,,,,,,,,
15th Sep 2024 17:00,,,,,,,,,,,,,,,,,,,,,,,,,,,,,,,,
15th Sep 2024 18:00,,,,,,,,,,,,,,,,,,,,,,,,,,,,,,,,
15th Sep 2024 19:00,,,,,,,,,,,,,,,,,,,,,,,,,,,,,,,,
15th Sep 2024 20:00,,,,,,,,,,,,,,,,,,,,,,,,,,,,,,,,
15th Sep 2024 21:00,,,,,,,,,,,,,,,,,,,,,,,,,,,,,,,,
15th Sep 2024 22:00,,,,,,,,,,,,,,,,,,,,,,,,,,,,,,,,
15th Sep 2024 23:00,,,,,,,,,,,,,,,,,,,,,,,,,,,,,,,,
16th Sep 2024 00:00,,,,,,,,,,,,,,,,,,,,,,,,,,,,,,,,
16th Sep 2024 01:00,,,,,,,,,,,,,,,,,,,,,,,,,,,,,,,,
16th Sep 2024 02:00,,,,,,,,,,,,,,,,,,,,,,,,,,,,,,,,
16th Sep 2024 03:00,,,,,,,,,,,,,,,,,,,,,,,,,,,,,,,,
16th Sep 2024 04:00,,,,,,,,,,,,,,,,,,,,,,,,,,,,,,,,
16th Sep 2024 05:00,,,,,,,,,,,,,,,,,,,,,,,,,,,,,,,,
16th Sep 2024 06:00,,,,,,,,,,,,,,,,,,,,,,,,,,,,,,,,
16th Sep 2024 07:00,,,,,,,,,,,,,,,,,,,,,,,,,,,,,,,,
16th Sep 2024 08:00,,,,,,,,,,,,,,,,,,,,,,,,,,,,,,,,
16th Sep 2024 09:00,,,,,,,,,,,,,,,,,,,,,,,,,,,,,,,,
16th Sep 2024 10:00,,,,,,,,,,,,,,,,,,,,,,,,,,,,,,,,
16th Sep 2024 11:00,,,,,,,,,,,,,,,,,,,,,,,,,,,,,,,,
16th Sep 2024 12:00,,,,,,,,,,,,,,,,,,,,,,,,,,,,,,,,
16th Sep 2024 13:00,,,,,,,,,,,,,,,,,,,,,,,,,,,,,,,,
16th Sep 2024 14:00,,,,,,,,,,,,,,,,,,,,,,,,,,,,,,,,
16th Sep 2024 15:00,,,,,,,,,,,,,,,,,,,,,,,,,,,,,,,,
16th Sep 2024 16:00,,,,,,,,,,,,,,,,,,,,,,,,,,,,,,,,
16th Sep 2024 17:00,,,,,,,,,,,,,,,,,,,,,,,,,,,,,,,,
16th Sep 2024 18:00,,,,,,,,,,,,,,,,,,,,,,,,,,,,,,,,
16th Sep 2024 19:00,,,,,,,,,,,,,,,,,,,,,,,,,,,,,,,,
16th Sep 2024 20:00,,,,,,,,,,,,,,,,,,,,,,,,,,,,,,,,
16th Sep 2024 21:00,,,,,,,,,,,,,,,,,,,,,,,,,,,,,,,,
16th Sep 2024 22:00,,,,,,,,,,,,,,,,,,,,,,,,,,,,,,,,
16th Sep 2024 23:00,,,,,,,,,,,,,,,,,,,,,,,,,,,,,,,,
17th Sep 2024 00:00,,,,,,,,,,,,,,,,,,,,,,,,,,,,,,,,
17th Sep 2024 01:00,,,,,,,,,,,,,,,,,,,,,,,,,,,,,,,,
17th Sep 2024 02:00,,,,,,,,,,,,,,,,,,,,,,,,,,,,,,,,
17th Sep 2024 03:00,,,,,,,,,,,,,,,,,,,,,,,,,,,,,,,,
17th Sep 2024 04:00,,,,,,,,,,,,,,,,,,,,,,,,,,,,,,,,
17th Sep 2024 05:00,,,,,,,,,,,,,,,,,,,,,,,,,,,,,,,,
17th Sep 2024 06:00,,,,,,,,,,,,,,,,,,,,,,,,,,,,,,,,
17th Sep 2024 07:00,,,,,,,,,,,,,,,,,,,,,,,,,,,,,,,,
17th Sep 2024 08:00,,,,,,,,,,,,,,,,,,,,,,,,,,,,,,,,
17th Sep 2024 09:00,,,,,,,,,,,,,,,,,,,,,,,,,,,,,,,,
17th Sep 2024 10:00,,,,,,,,,,,,,,,,,,,,,,,,,,,,,,,,
17th Sep 2024 11:00,,,,,,,,,,,,,,,,,,,,,,,,,,,,,,,,
17th Sep 2024 12:00,,,,,,,,,,,,,,,,,,,,,,,,,,,,,,,,
17th Sep 2024 13:00,,,,,,,,,,,,,,,,,,,,,,,,,,,,,,,,
17th Sep 2024 14:00,,,,,,,,,,,,,,,,,,,,,,,,,,,,,,,,
17th Sep 2024 15:00,,,,,,,,,,,,,,,,,,,,,,,,,,,,,,,,
17th Sep 2024 16:00,,,,,,,,,,,,,,,,,,,,,,,,,,,,,,,,
17th Sep 2024 17:00,,,,,,,,,,,,,,,,,,,,,,,,,,,,,,,,
17th Sep 2024 18:00,,,,,,,,,,,,,,,,,,,,,,,,,,,,,,,,
17th Sep 2024 19:00,,,,,,,,,,,,,,,,,,,,,,,,,,,,,,,,
17th Sep 2024 20:00,,,,,,,,,,,,,,,,,,,,,,,,,,,,,,,,
17th Sep 2024 21:00,,,,,,,,,,,,,,,,,,,,,,,,,,,,,,,,
17th Sep 2024 22:00,,,,,,,,,,,,,,,,,,,,,,,,,,,,,,,,
17th Sep 2024 23:00,,,,,,,,,,,,,,,,,,,,,,,,,,,,,,,,
18th Sep 2024 00:00,,,,,,,,,,,,,,,,,,,,,,,,,,,,,,,,
18th Sep 2024 01:00,,,,,,,,,,,,,,,,,,,,,,,,,,,,,,,,
18th Sep 2024 02:00,,,,,,,,,,,,,,,,,,,,,,,,,,,,,,,,
18th Sep 2024 03:00,,,,,,,,,,,,,,,,,,,,,,,,,,,,,,,,
18th Sep 2024 04:00,,,,,,,,,,,,,,,,,,,,,,,,,,,,,,,,
18th Sep 2024 05:00,,,,,,,,,,,,,,,,,,,,,,,,,,,,,,,,
18th Sep 2024 06:00,,,,,,,,,,,,,,,,,,,,,,,,,,,,,,,,
18th Sep 2024 07:00,,,,,,,,,,,,,,,,,,,,,,,,,,,,,,,,
18th Sep 2024 08:00,,,,,,,,,,,,,,,,,,,,,,,,,,,,,,,,
18th Sep 2024 09:00,,,,,,,,,,,,,,,,,,,,,,,,,,,,,,,,
18th Sep 2024 10:00,,,,,,,,,,,,,,,,,,,,,,,,,,,,,,,,
18th Sep 2024 11:00,,,,,,,,,,,,,,,,,,,,,,,,,,,,,,,,
18th Sep 2024 12:00,,,,,,,,,,,,,,,,,,,,,,,,,,,,,,,,
18th Sep 2024 13:00,,,,,,,,,,,,,,,,,,,,,,,,,,,,,244,,90,
18th Sep 2024 14:00,,,,,,,,,,,,,,,,,,,,,,,,,,,,,276,,47,
18th Sep 2024 15:00,,,,,,,,,,,,,,,,,,,,,,,,,,,,,366,,6,
18th Sep 2024 16:00,,,,,,,,,,,,,,,,,,,,,,,,,,,,,219,,6,
18th Sep 2024 17:00,,,,,,,,,,,,,,,,,,,,,,,,,,,,,302,,12,
18th Sep 2024 18:00,,,,,,,,,,,,,,,,,,,,,,,,,,,,,393,,13,
18th Sep 2024 19:00,,,,,,,,,,,,,,,,,,,,,,,,,,,,,283,,15,
18th Sep 2024 20:00,,,,,,,,,,,,,,,,,,,,,,,,,,,,,196,,3,
18th Sep 2024 21:00,,,,,,,,,,,,,,,,,,,,,,,,,,,,,94,,23,
18th Sep 2024 22:00,,,,,,,,,,,,,,,,,,,,,,,,,,,,,106,,34,
18th Sep 2024 23:00,,,,,,,,,,,,,,,,,,,,,,,,,,,,,11,,12,
19th Sep 2024 00:00,,,,,,,,,,,,,,,,,,,,,,,,,,,,,4,,12,
19th Sep 2024 01:00,,,,,,,,,,,,,,,,,,,,,,,,,,,,,1,,2,
19th Sep 2024 02:00,,,,,,,,,,,,,,,,,,,,,,,,,,,,,1,,3,
19th Sep 2024 03:00,,,,,,,,,,,,,,,,,,,,,,,,,,,,,1,,9,
19th Sep 2024 04:00,,,,,,,,,,,,,,,,,,,,,,,,,,,,,5,,13,
19th Sep 2024 05:00,,,,,,,,,,,,,,,,,,,,,,,,,,,,,17,,37,
19th Sep 2024 06:00,,,,,,,,,,,,,,,,,,,,,,,,,,,,,98,,80,
19th Sep 2024 07:00,,,,,,,,,,,,,,,,,,,,,,,,,,,,,138,,9,
19th Sep 2024 08:00,,,,,,,,,,,,,,,,,,,,,,,,,,,,,242,,40,
19th Sep 2024 09:00,,,,,,,,,,,,,,,,,,,,,,,,,,,,,126,,27,
19th Sep 2024 10:00,,,,,,,,,,,,,,,,,,,,,,,,,,,,,176,,34,
19th Sep 2024 11:00,,,,,,,,,,,,,,,,,,,,,,,,,,,,,151,,238,
19th Sep 2024 12:00,,,,,,,,,,,,,,,,,,,,,,,,,,,,,184,,385,
19th Sep 2024 13:00,,,,,,,,,,,,,,,,,,,,,,,,,,,,,188,,342,
19th Sep 2024 14:00,,,,,,,,,,,,,,,,,,,,,,,,,,,,,282,,222,
19th Sep 2024 15:00,,,,,,,,,,,,,,,,,,,,,,,,,,,,,276,,102,
19th Sep 2024 16:00,,,,,,,,,,,,,,,,,,,,,,,,,,,,,275,,148,
19th Sep 2024 17:00,,,,,,,,,,,,,,,,,,,,,,,,,,,,,396,,216,
19th Sep 2024 18:00,,,,,,,,,,,,,,,,,,,,,,,,,,,,,941,,324,
19th Sep 2024 19:00,,,,,,,,,,,,,,,,,,,,,,,,,,,,,796,,262,
19th Sep 2024 20:00,,,,,,,,,,,,,,,,,,,,,,,,,,,,,464,,134,
19th Sep 2024 21:00,,,,,,,,,,,,,,,,,,,,,,,,,,,,,315,,110,
19th Sep 2024 22:00,,,,,,,,,,,,,,,,,,,,,,,,,,,,,114,,19,
19th Sep 2024 23:00,,,,,,,,,,,,,,,,,,,,,,,,,,,,,36,,13,
20th Sep 2024 00:00,,,,,,,,,,,,,,,,,,,,,,,,,,,,,10,,10,
20th Sep 2024 01:00,,,,,,,,,,,,,,,,,,,,,,,,,,,,,1,,7,
20th Sep 2024 02:00,,,,,,,,,,,,,,,,,,,,,,,,,,,,,1,,3,
20th Sep 2024 03:00,,,,,,,,,,,,,,,,,,,,,,,,,,,,,0,,4,
20th Sep 2024 04:00,,,,,,,,,,,,,,,,,,,,,,,,,,,,,10,,6,
20th Sep 2024 05:00,,,,,,,,,,,,,,,,,,,,,,,,,,,,,38,,22,
20th Sep 2024 06:00,,,,,,,,,,,,,,,,,,,,,,,,,,,,,75,,89,
20th Sep 2024 07:00,,,,,,,,,,,,,,,,,,,,,,,,,,,,,138,,148,
20th Sep 2024 08:00,,,,,,,,,,,,,,,,,,,,,,,,,,,,,222,,152,
20th Sep 2024 09:00,,,,,,,,,,,,,,,,,,,,,,,,,,,,,122,,88,
20th Sep 2024 10:00,,,,,,,,,,,,,,,,,,,,,,,,,,,,,129,,85,
20th Sep 2024 11:00,,,,,,,,,,,,,,,,,,,,,,,,,,,,,160,,56,
20th Sep 2024 12:00,,,,,,,,,,,,,,,,,,,,,,,,,,,,,185,,39,
20th Sep 2024 13:00,,,,,,,,,,,,,,,,,,,,,,,,,,,,,227,,26,
20th Sep 2024 14:00,,,,,,,,,,,,,,,,,,,,,,,,,,,,,344,,104,
20th Sep 2024 15:00,,,,,,,,,,,,,,,,,,,,,,,,,,,,,411,,173,
20th Sep 2024 16:00,,,,,,,,,,,,,,,,,,,,,,,,,,,,,260,,175,
20th Sep 2024 17:00,,,,,,,,,,,,,,,,,,,,,,,,,,,,,349,,153,
20th Sep 2024 18:00,,,,,,,,,,,,,,,,,,,,,,,,,,,,,393,,210,
20th Sep 2024 19:00,,,,,,,,,,,,,,,,,,,,,,,,,,,,,475,,172,
20th Sep 2024 20:00,,,,,,,,,,,,,,,,,,,,,,,,,,,,,331,,128,
20th Sep 2024 21:00,,,,,,,,,,,,,,,,,,,,,,,,,,,,,215,,99,
20th Sep 2024 22:00,,,,,,,,,,,,,,,,,,,,,,,,,,,,,166,,78,
20th Sep 2024 23:00,,,,,,,,,,,,,,,,,,,,,,,,,,,,,55,,36,
21st Sep 2024 00:00,,,,,,,,,,,,,,,,,,,,,,,,,,,,,21,,8,
21st Sep 2024 01:00,,,,,,,,,,,,,,,,,,,,,,,,,,,,,4,,1,
21st Sep 2024 02:00,,,,,,,,,,,,,,,,,,,,,,,,,,,,,8,,1,
21st Sep 2024 03:00,,,,,,,,,,,,,,,,,,,,,,,,,,,,,0,,0,
21st Sep 2024 04:00,,,,,,,,,,,,,,,,,,,,,,,,,,,,,5,,0,
21st Sep 2024 05:00,,,,,,,,,,,,,,,,,,,,,,,,,,,,,10,,3,
21st Sep 2024 06:00,,,,,,,,,,,,,,,,,,,,,,,,,,,,,31,,30,
21st Sep 2024 07:00,,,,,,,,,,,,,,,,,,,,,,,,,,,,,71,,38,
21st Sep 2024 08:00,,,,,,,,,,,,,,,,,,,,,,,,,,,,,147,,65,
21st Sep 2024 09:00,,,,,,,,,,,,,,,,,,,,,,,,,,,,,181,,84,
21st Sep 2024 10:00,,,,,,,,,,,,,,,,,,,,,,,,,,,,,186,,105,
21st Sep 2024 11:00,,,,,,,,,,,,,,,,,,,,,,,,,,,,,204,,92,
21st Sep 2024 12:00,,,,,,,,,,,,,,,,,,,,,,,,,,,,,284,,128,
21st Sep 2024 13:00,,,,,,,,,,,,,,,,,,,,,,,,,,,,,305,,153,
21st Sep 2024 14:00,,,,,,,,,,,,,,,,,,,,,,,,,,,,,237,,77,
21st Sep 2024 15:00,,,,,,,,,,,,,,,,,,,,,,,,,,,,,249,,130,
21st Sep 2024 16:00,,,,,,,,,,,,,,,,,,,,,,,,,,,,,262,,97,
21st Sep 2024 17:00,,,,,,,,,,,,,,,,,,,,,,,,,,,,,259,,130,
21st Sep 2024 18:00,,,,,,,,,,,,,,,,,,,,,,,,,,,,,261,,171,
21st Sep 2024 19:00,,,,,,,,,,,,,,,,,,,,,,,,,,,,,419,,106,
21st Sep 2024 20:00,,,,,,,,,,,,,,,,,,,,,,,,,,,,,283,,153,
21st Sep 2024 21:00,,,,,,,,,,,,,,,,,,,,,,,,,,,,,199,,69,
21st Sep 2024 22:00,,,,,,,,,,,,,,,,,,,,,,,,,,,,,116,,77,
21st Sep 2024 23:00,,,,,,,,,,,,,,,,,,,,,,,,,,,,,60,,30,
22nd Sep 2024 00:00,,,,,,,,,,,,,,,,,,,,,,,,,,,,,20,,9,
22nd Sep 2024 01:00,,,,,,,,,,,,,,,,,,,,,,,,,,,,,8,,4,
22nd Sep 2024 02:00,,,,,,,,,,,,,,,,,,,,,,,,,,,,,2,,1,
22nd Sep 2024 03:00,,,,,,,,,,,,,,,,,,,,,,,,,,,,,3,,1,
22nd Sep 2024 04:00,,,,,,,,,,,,,,,,,,,,,,,,,,,,,4,,1,
22nd Sep 2024 05:00,,,,,,,,,,,,,,,,,,,,,,,,,,,,,3,,1,
22nd Sep 2024 06:00,,,,,,,,,,,,,,,,,,,,,,,,,,,,,21,,30,
22nd Sep 2024 07:00,,,,,,,,,,,,,,,,,,,,,,,,,,,,,43,,40,
22nd Sep 2024 08:00,,,,,,,,,,,,,,,,,,,,,,,,,,,,,77,,45,
22nd Sep 2024 09:00,,,,,,,,,,,,,,,,,,,,,,,,,,,,,135,,73,
22nd Sep 2024 10:00,,,,,,,,,,,,,,,,,,,,,,,,,,,,,153,,111,
22nd Sep 2024 11:00,,,,,,,,,,,,,,,,,,,,,,,,,,,,,151,,79,
22nd Sep 2024 12:00,,,,,,,,,,,,,,,,,,,,,,,,,,,,,200,,169,
22nd Sep 2024 13:00,,,,,,,,,,,,,,,,,,,,,,,,,,,,,308,,118,
22nd Sep 2024 14:00,,,,,,,,,,,,,,,,,,,,,,,,,,,,,217,,103,
22nd Sep 2024 15:00,,,,,,,,,,,,,,,,,,,,,,,,,,,,,378,,241,
22nd Sep 2024 16:00,,,,,,,,,,,,,,,,,,,,,,,,,,,,,249,,138,
22nd Sep 2024 17:00,,,,,,,,,,,,,,,,,,,,,,,,,,,,,252,,137,
22nd Sep 2024 18:00,,,,,,,,,,,,,,,,,,,,,,,,,,,,,371,,222,
22nd Sep 2024 19:00,,,,,,,,,,,,,,,,,,,,,,,,,,,,,338,,106,
22nd Sep 2024 20:00,,,,,,,,,,,,,,,,,,,,,,,,,,,,,218,,99,
22nd Sep 2024 21:00,,,,,,,,,,,,,,,,,,,,,,,,,,,,,89,,43,
22nd Sep 2024 22:00,,,,,,,,,,,,,,,,,,,,,,,,,,,,,38,,43,
22nd Sep 2024 23:00,,,,,,,,,,,,,,,,,,,,,,,,,,,,,10,,11,
23rd Sep 2024 00:00,,,,,,,,,,,,,,,,,,,,,,,,,,,,,3,,0,
23rd Sep 2024 01:00,,,,,,,,,,,,,,,,,,,,,,,,,,,,,2,,2,
23rd Sep 2024 02:00,,,,,,,,,,,,,,,,,,,,,,,,,,,,,2,,0,
23rd Sep 2024 03:00,,,,,,,,,,,,,,,,,,,,,,,,,,,,,0,,0,
23rd Sep 2024 04:00,,,,,,,,,,,,,,,,,,,,,,,,,,,,,11,,0,
23rd Sep 2024 05:00,,,,,,,,,,,,,,,,,,,,,,,,,,,,,28,,15,
23rd Sep 2024 06:00,,,,,,,,,,,,,,,,,,,,,,,,,,,,,56,,67,
23rd Sep 2024 07:00,,,,,,,,,,,,,,,,,,,,,,,,,,,,,140,,97,
23rd Sep 2024 08:00,,,,,,,,,,,,,,,,,,,,,,,,,,,,,219,,226,
23rd Sep 2024 09:00,,,,,,,,,,,,,,,,,,,,,,,,,,,,,129,,81,
23rd Sep 2024 10:00,,,,,,,,,,,,,,,,,,,,,,,,,,,,,159,,106,
23rd Sep 2024 11:00,,,,,,,,,,,,,,,,,,,,,,,,,,,,,158,,96,
23rd Sep 2024 12:00,,,,,,,,,,,,,,,,,,,,,,,,,,,,,180,,81,
23rd Sep 2024 13:00,,,,,,,,,,,,,,,,,,,,,,,,,,,,,223,,95,
23rd Sep 2024 14:00,,,,,,,,,,,,,,,,,,,,,,,,,,,,,173,,102,
23rd Sep 2024 15:00,,,,,,,,,,,,,,,,,,,,,,,,,,,,,305,,108,
23rd Sep 2024 16:00,,,,,,,,,,,,,,,,,,,,,,,,,,,,,230,,141,
23rd Sep 2024 17:00,,,,,,,,,,,,,,,,,,,,,,,,,,,,,301,,165,
23rd Sep 2024 18:00,,,,,,,,,,,,,,,,,,,,,,,,,,,,,390,,110,
23rd Sep 2024 19:00,,,,,,,,,,,,,,,,,,,,,,,,,,,,,209,,94,
23rd Sep 2024 20:00,,,,,,,,,,,,,,,,,,,,,,,,,,,,,187,,64,
23rd Sep 2024 21:00,,,,,,,,,,,,,,,,,,,,,,,,,,,,,123,,48,
23rd Sep 2024 22:00,,,,,,,,,,,,,,,,,,,,,,,,,,,,,44,,29,
23rd Sep 2024 23:00,,,,,,,,,,,,,,,,,,,,,,,,,,,,,17,,8,
24th Sep 2024 00:00,,,,,,,,,,,,,,,,,,,,,,,,,,,,,7,,1,
24th Sep 2024 01:00,,,,,,,,,,,,,,,,,,,,,,,,,,,,,2,,1,
24th Sep 2024 02:00,,,,,,,,,,,,,,,,,,,,,,,,,,,,,2,,2,
24th Sep 2024 03:00,,,,,,,,,,,,,,,,,,,,,,,,,,,,,0,,0,
24th Sep 2024 04:00,,,,,,,,,,,,,,,,,,,,,,,,,,,,,4,,1,
24th Sep 2024 05:00,,,,,,,,,,,,,,,,,,,,,,,,,,,,,25,,17,
24th Sep 2024 06:00,,,,,,,,,,,,,,,,,,,,,,,,,,,,,97,,92,
24th Sep 2024 07:00,,,,,,,,,,,,,,,,,,,,,,,,,,,,,163,,136,
24th Sep 2024 08:00,,,,,,,,,,,,,,,,,,,,,,,,,,,,,211,,135,
24th Sep 2024 09:00,,,,,,,,,,,,,,,,,,,,,,,,,,,,,112,,94,
24th Sep 2024 10:00,,,,,,,,,,,,,,,,,,,,,,,,,,,,,150,,92,
24th Sep 2024 11:00,,,,,,,,,,,,,,,,,,,,,,,,,,,,,155,,102,
24th Sep 2024 12:00,,,,,,,,,,,,,,,,,,,,,,,,,,,,,154,,106,
24th Sep 2024 13:00,,,,,,,,,,,,,,,,,,,,,,,,,,,,,191,,110,
24th Sep 2024 14:00,,,,,,,,,,,,,,,,,,,,,,,,,,,,,217,,133,
24th Sep 2024 15:00,,,,,,,,,,,,,,,,,,,,,,,,,,,,,274,,133,
24th Sep 2024 16:00,,,,,,,,,,,,,,,,,,,,,,,,,,,,,229,,144,
24th Sep 2024 17:00,,,,,,,,,,,,,,,,,,,,,,,,,,,,,444,,210,
24th Sep 2024 18:00,,,,,,,,,,,,,,,,,,,,,,,,,,,,,548,,114,
24th Sep 2024 19:00,,,,,,,,,,,,,,,,,,,,,,,,,,,,,298,,25,
24th Sep 2024 20:00,,,,,,,,,,,,,,,,,,,,,,,,,,,,,219,,14,
24th Sep 2024 21:00,,,,,,,,,,,,,,,,,,,,,,,,,,,,,208,,20,
24th Sep 2024 22:00,,,,,,,,,,,,,,,,,,,,,,,,,,,,,35,,10,
24th Sep 2024 23:00,,,,,,,,,,,,,,,,,,,,,,,,,,,,,26,,7,
25th Sep 2024 00:00,,,,,,,,,,,,,,,,,,,,,,,,,,,,,4,,3,
25th Sep 2024 01:00,,,,,,,,,,,,,,,,,,,,,,,,,,,,,1,,1,
25th Sep 2024 02:00,,,,,,,,,,,,,,,,,,,,,,,,,,,,,0,,2,
25th Sep 2024 03:00,,,,,,,,,,,,,,,,,,,,,,,,,,,,,1,,1,
25th Sep 2024 04:00,,,,,,,,,,,,,,,,,,,,,,,,,,,,,5,,2,
25th Sep 2024 05:00,,,,,,,,,,,,,,,,,,,,,,,,,,,,,35,,12,
25th Sep 2024 06:00,,,,,,,,,,,,,,,,,,,,,,,,,,,,,77,,41,
25th Sep 2024 07:00,,,,,,,,,,,,,,,,,,,,,,,,,,,,,151,,75,
25th Sep 2024 08:00,,,,,,,,,,,,,,,,,,,,,,,,,,,,,251,,93,
25th Sep 2024 09:00,,,,,,,,,,,,,,,,,,,,,,,,,,,,,128,,34,
25th Sep 2024 10:00,,,,,,,,,,,,,,,,,,,,,,,,,,,,,139,,32,
25th Sep 2024 11:00,,,,,,,,,,,,,,,,,,,,,,,,,,,,,133,,29,
25th Sep 2024 12:00,,,,,,,,,,,,,,,,,,,,,,,,,,,,,161,,32,
25th Sep 2024 13:00,,,,,,,,,,,,,,,,,,,,,,,,,,,,,333,,67,
25th Sep 2024 14:00,,,,,,,,,,,,,,,,,,,,,,,,,,,,,187,,20,
25th Sep 2024 15:00,,,,,,,,,,,,,,,,,,,,,,,,,,,,,290,,55,
25th Sep 2024 16:00,,,,,,,,,,,,,,,,,,,,,,,,,,,,,238,,42,
25th Sep 2024 17:00,,,,,,,,,,,,,,,,,,,,,,,,,,,,,331,,39,
25th Sep 2024 18:00,,,,,,,,,,,,,,,,,,,,,,,,,,,,,408,,72,
25th Sep 2024 19:00,,,,,,,,,,,,,,,,,,,,,,,,,,,,,345,,90,
25th Sep 2024 20:00,,,,,,,,,,,,,,,,,,,,,,,,,,,,,229,,30,
25th Sep 2024 21:00,,,,,,,,,,,,,,,,,,,,,,,,,,,,,186,,8,
25th Sep 2024 22:00,,,,,,,,,,,,,,,,,,,,,,,,,,,,,82,,5,
25th Sep 2024 23:00,,,,,,,,,,,,,,,,,,,,,,,,,,,,,18,,2,
26th Sep 2024 00:00,,,,,,,,,,,,,,,,,,,,,,,,,,,,,5,,2,
26th Sep 2024 01:00,,,,,,,,,,,,,,,,,,,,,,,,,,,,,1,,1,
26th Sep 2024 02:00,,,,,,,,,,,,,,,,,,,,,,,,,,,,,0,,2,
26th Sep 2024 03:00,,,,,,,,,,,,,,,,,,,,,,,,,,,,,2,,1,
26th Sep 2024 04:00,,,,,,,,,,,,,,,,,,,,,,,,,,,,,3,,2,
26th Sep 2024 05:00,,,,,,,,,,,,,,,,,,,,,,,,,,,,,21,,14,
26th Sep 2024 06:00,,,,,,,,,,,,,,,,,,,,,,,,,,,,,41,,66,
26th Sep 2024 07:00,,,,,,,,,,,,,,,,,,,,,,,,,,,,,122,,100,
26th Sep 2024 08:00,,,,,,,,,,,,,,,,,,,,,,,,,,,,,178,,110,
26th Sep 2024 09:00,,,,,,,,,,,,,,,,,,,,,,,,,,,,,70,,53,
26th Sep 2024 10:00,,,,,,,,,,,,,,,,,,,,,,,,,,,,,83,,74,
26th Sep 2024 11:00,,,,,,,,,,,,,,,,,,,,,,,,,,,,,194,,70,
26th Sep 2024 12:00,,,,,,,,,,,,,,,,,,,,,,,,,,,,,108,,86,
26th Sep 2024 13:00,,,,,,,,,,,,,,,,,,,,,,,,,,,,,150,,90,
26th Sep 2024 14:00,,,,,,,,,,,,,,,,,,,,,,,,,,,,,178,,86,
26th Sep 2024 15:00,,,,,,,,,,,,,,,,,,,,,,,,,,,,,171,,98,
26th Sep 2024 16:00,,,,,,,,,,,,,,,,,,,,,,,,,,,,,175,,109,
26th Sep 2024 17:00,,,,,,,,,,,,,,,,,,,,,,,,,,,,,258,,137,
26th Sep 2024 18:00,,,,,,,,,,,,,,,,,,,,,,,,,,,,,341,,313,
26th Sep 2024 19:00,,,,,,,,,,,,,,,,,,,,,,,,,,,,,212,,155,
26th Sep 2024 20:00,,,,,,,,,,,,,,,,,,,,,,,,,,,,,186,,125,
26th Sep 2024 21:00,,,,,,,,,,,,,,,,,,,,,,,,,,,,,137,,55,
26th Sep 2024 22:00,,,,,,,,,,,,,,,,,,,,,,,,,,,,,76,,17,
26th Sep 2024 23:00,,,,,,,,,,,,,,,,,,,,,,,,,,,,,12,,1,
27th Sep 2024 00:00,,,,,,,,,,,,,,,,,,,,,,,,,,,,,2,,0,
27th Sep 2024 01:00,,,,,,,,,,,,,,,,,,,,,,,,,,,,,2,,0,
27th Sep 2024 02:00,,,,,,,,,,,,,,,,,,,,,,,,,,,,,1,,0,
27th Sep 2024 03:00,,,,,,,,,,,,,,,,,,,,,,,,,,,,,0,,0,
27th Sep 2024 04:00,,,,,,,,,,,,,,,,,,,,,,,,,,,,,5,,10,
27th Sep 2024 05:00,,,,,,,,,,,,,,,,,,,,,,,,,,,,,40,,25,
27th Sep 2024 06:00,,,,,,,,,,,,,,,,,,,,,,,,,,,,,66,,26,
27th Sep 2024 07:00,,,,,,,,,,,,,,,,,,,,,,,,,,,,,132,,81,
27th Sep 2024 08:00,,,,,,,,,,,,,,,,,,,,,,,,,,,,,208,,112,
27th Sep 2024 09:00,,,,,,,,,,,,,,,,,,,,,,,,,,,,,114,,23,
27th Sep 2024 10:00,,,,,,,,,,,,,,,,,,,,,,,,,,,,,143,,18,
27th Sep 2024 11:00,,,,,,,,,,,,,,,,,,,,,,,,,,,,,140,,31,
27th Sep 2024 12:00,,,,,,,,,,,,,,,,,,,,,,,,,,,,,199,,17,
27th Sep 2024 13:00,,,,,,,,,,,,,,,,,,,,,,,,,,,,,267,,28,
27th Sep 2024 14:00,,,,,,,,,,,,,,,,,,,,,,,,,,,,,213,,33,
27th Sep 2024 15:00,,,,,,,,,,,,,,,,,,,,,,,,,,,,,281,,75,
27th Sep 2024 16:00,,,,,,,,,,,,,,,,,,,,,,,,,,,,,251,,24,
27th Sep 2024 17:00,,,,,,,,,,,,,,,,,,,,,,,,,,,,,328,,61,
27th Sep 2024 18:00,,,,,,,,,,,,,,,,,,,,,,,,,,,,,459,,72,
27th Sep 2024 19:00,,,,,,,,,,,,,,,,,,,,,,,,,,,,,490,,58,
27th Sep 2024 20:00,,,,,,,,,,,,,,,,,,,,,,,,,,,,,368,,45,
27th Sep 2024 21:00,,,,,,,,,,,,,,,,,,,,,,,,,,,,,244,,49,
27th Sep 2024 22:00,,,,,,,,,,,,,,,,,,,,,,,,,,,,,157,,18,
27th Sep 2024 23:00,,,,,,,,,,,,,,,,,,,,,,,,,,,,,96,,4,
28th Sep 2024 00:00,,,,,,,,,,,,,,,,,,,,,,,,,,,,,16,,3,
28th Sep 2024 01:00,,,,,,,,,,,,,,,,,,,,,,,,,,,,,31,,6,
28th Sep 2024 02:00,,,,,,,,,,,,,,,,,,,,,,,,,,,,,8,,4,
28th Sep 2024 03:00,,,,,,,,,,,,,,,,,,,,,,,,,,,,,38,,3,
28th Sep 2024 04:00,,,,,,,,,,,,,,,,,,,,,,,,,,,,,14,,2,
28th Sep 2024 05:00,,,,,,,,,,,,,,,,,,,,,,,,,,,,,8,,2,
28th Sep 2024 06:00,,,,,,,,,,,,,,,,,,,,,,,,,,,,,38,,5,
28th Sep 2024 07:00,,,,,,,,,,,,,,,,,,,,,,,,,,,,,68,,13,
28th Sep 2024 08:00,,,,,,,,,,,,,,,,,,,,,,,,,,,,,179,,16,
28th Sep 2024 09:00,,,,,,,,,,,,,,,,,,,,,,,,,,,,,166,,10,
28th Sep 2024 10:00,,,,,,,,,,,,,,,,,,,,,,,,,,,,,180,,20,
28th Sep 2024 11:00,,,,,,,,,,,,,,,,,,,,,,,,,,,,,231,,12,
28th Sep 2024 12:00,,,,,,,,,,,,,,,,,,,,,,,,,,,,,282,,32,
28th Sep 2024 13:00,,,,,,,,,,,,,,,,,,,,,,,,,,,,,239,,27,
28th Sep 2024 14:00,,,,,,,,,,,,,,,,,,,,,,,,,,,,,280,,35,
28th Sep 2024 15:00,,,,,,,,,,,,,,,,,,,,,,,,,,,,,143,,11,
28th Sep 2024 16:00,,,,,,,,,,,,,,,,,,,,,,,,,,,,,178,,17,
28th Sep 2024 17:00,,,,,,,,,,,,,,,,,,,,,,,,,,,,,301,,49,
28th Sep 2024 18:00,,,,,,,,,,,,,,,,,,,,,,,,,,,,,420,,83,
28th Sep 2024 19:00,,,,,,,,,,,,,,,,,,,,,,,,,,,,,306,,76,
28th Sep 2024 20:00,,,,,,,,,,,,,,,,,,,,,,,,,,,,,372,,134,
28th Sep 2024 21:00,,,,,,,,,,,,,,,,,,,,,,,,,,,,,207,,108,
28th Sep 2024 22:00,,,,,,,,,,,,,,,,,,,,,,,,,,,,,114,,121,
28th Sep 2024 23:00,,,,,,,,,,,,,,,,,,,,,,,,,,,,,67,,70,
29th Sep 2024 00:00,,,,,,,,,,,,,,,,,,,,,,,,,,,,,12,,34,
29th Sep 2024 01:00,,,,,,,,,,,,,,,,,,,,,,,,,,,,,10,,36,
29th Sep 2024 02:00,,,,,,,,,,,,,,,,,,,,,,,,,,,,,7,,19,
29th Sep 2024 03:00,,,,,,,,,,,,,,,,,,,,,,,,,,,,,3,,14,
29th Sep 2024 04:00,,,,,,,,,,,,,,,,,,,,,,,,,,,,,10,,13,
29th Sep 2024 05:00,,,,,,,,,,,,,,,,,,,,,,,,,,,,,5,,20,
29th Sep 2024 06:00,,,,,,,,,,,,,,,,,,,,,,,,,,,,,24,,26,
29th Sep 2024 07:00,,,,,,,,,,,,,,,,,,,,,,,,,,,,,35,,35,
29th Sep 2024 08:00,,,,,,,,,,,,,,,,,,,,,,,,,,,,,76,,62,
29th Sep 2024 09:00,,,,,,,,,,,,,,,,,,,,,,,,,,,,,111,,79,
29th Sep 2024 10:00,,,,,,,,,,,,,,,,,,,,,,,,,,,,,105,,94,
29th Sep 2024 11:00,,,,,,,,,,,,,,,,,,,,,,,,,,,,,139,,174,
29th Sep 2024 12:00,,,,,,,,,,,,,,,,,,,,,,,,,,,,,234,,205,
29th Sep 2024 13:00,,,,,,,,,,,,,,,,,,,,,,,,,,,,,262,,219,
29th Sep 2024 14:00,,,,,,,,,,,,,,,,,,,,,,,,,,,,,267,,182,
29th Sep 2024 15:00,,,,,,,,,,,,,,,,,,,,,,,,,,,,,370,,262,
29th Sep 2024 16:00,,,,,,,,,,,,,,,,,,,,,,,,,,,,,227,,137,
29th Sep 2024 17:00,,,,,,,,,,,,,,,,,,,,,,,,,,,,,351,,156,
29th Sep 2024 18:00,,,,,,,,,,,,,,,,,,,,,,,,,,,,,439,,204,
29th Sep 2024 19:00,,,,,,,,,,,,,,,,,,,,,,,,,,,,,275,,116,
29th Sep 2024 20:00,,,,,,,,,,,,,,,,,,,,,,,,,,,,,274,,88,
29th Sep 2024 21:00,,,,,,,,,,,,,,,,,,,,,,,,,,,,,145,,68,
29th Sep 2024 22:00,,,,,,,,,,,,,,,,,,,,,,,,,,,,,40,,24,
29th Sep 2024 23:00,,,,,,,,,,,,,,,,,,,,,,,,,,,,,9,,0,
30th Sep 2024 00:00,,,,,,,,,,,,,,,,,,,,,,,,,,,,,3,,0,
30th Sep 2024 01:00,,,,,,,,,,,,,,,,,,,,,,,,,,,,,0,,0,
30th Sep 2024 02:00,,,,,,,,,,,,,,,,,,,,,,,,,,,,,3,,0,
30th Sep 2024 03:00,,,,,,,,,,,,,,,,,,,,,,,,,,,,,0,,0,
30th Sep 2024 04:00,,,,,,,,,,,,,,,,,,,,,,,,,,,,,19,,0,
30th Sep 2024 05:00,,,,,,,,,,,,,,,,,,,,,,,,,,,,,23,,0,
30th Sep 2024 06:00,,,,,,,,,,,,,,,,,,,,,,,,,,,,,85,,0,
30th Sep 2024 07:00,,,,,,,,,,,,,,,,,,,,,,,,,,,,,143,,88,
30th Sep 2024 08:00,,,,,,,,,,,,,,,,,,,,,,,,,,,,,119,,106,
30th Sep 2024 09:00,,,,,,,,,,,,,,,,,,,,,,,,,,,,,103,,84,
30th Sep 2024 10:00,,,,,,,,,,,,,,,,,,,,,,,,,,,,,153,,123,
30th Sep 2024 11:00,,,,,,,,,,,,,,,,,,,,,,,,,,,,,176,,86,
30th Sep 2024 12:00,,,,,,,,,,,,,,,,,,,,,,,,,,,,,234,,29,
30th Sep 2024 13:00,,,,,,,,,,,,,,,,,,,,,,,,,,,,,208,,57,
30th Sep 2024 14:00,,,,,,,,,,,,,,,,,,,,,,,,,,,,,180,,70,
30th Sep 2024 15:00,,,,,,,,,,,,,,,,,,,,,,,,,,,,,174,,59,
30th Sep 2024 16:00,,,,,,,,,,,,,,,,,,,,,,,,,,,,,197,,62,
30th Sep 2024 17:00,,,,,,,,,,,,,,,,,,,,,,,,,,,,,364,,110,
30th Sep 2024 18:00,,,,,,,,,,,,,,,,,,,,,,,,,,,,,365,,100,
30th Sep 2024 19:00,,,,,,,,,,,,,,,,,,,,,,,,,,,,,244,,82,
30th Sep 2024 20:00,,,,,,,,,,,,,,,,,,,,,,,,,,,,,166,,46,
30th Sep 2024 21:00,,,,,,,,,,,,,,,,,,,,,,,,,,,,,83,,32,
30th Sep 2024 22:00,,,,,,,,,,,,,,,,,,,,,,,,,,,,,64,,22,
30th Sep 2024 23:00,,,,,,,,,,,,,,,,,,,,,,,,,,,,,18,,16,
1st Oct 2024 00:00,,,,,,,,,,,,,,,,,,,,,,,,,,,,,2,,9,
1st Oct 2024 01:00,,,,,,,,,,,,,,,,,,,,,,,,,,,,,4,,4,
1st Oct 2024 02:00,,,,,,,,,,,,,,,,,,,,,,,,,,,,,0,,3,
1st Oct 2024 03:00,,,,,,,,,,,,,,,,,,,,,,,,,,,,,0,,5,
1st Oct 2024 04:00,,,,,,,,,,,,,,,,,,,,,,,,,,,,,4,,11,
1st Oct 2024 05:00,,,,,,,,,,,,,,,,,,,,,,,,,,,,,30,,22,
1st Oct 2024 06:00,,,,,,,,,,,,,,,,,,,,,,,,,,,,,76,,86,
1st Oct 2024 07:00,,,,,,,,,,,,,,,,,,,,,,,,,,,,,163,,157,
1st Oct 2024 08:00,,,,,,,,,,,,,,,,,,,,,,,,,,,,,145,,142,
1st Oct 2024 09:00,,,,,,,,,,,,,,,,,,,,,,,,,,,,,154,,178,
1st Oct 2024 10:00,,,,,,,,,,,,,,,,,,,,,,,,,,,,,135,,173,
1st Oct 2024 11:00,,,,,,,,,,,,,,,,,,,,,,,,,,,,,191,,191,
1st Oct 2024 12:00,,,,,,,,,,,,,,,,,,,,,,,,,,,,,264,,322,
1st Oct 2024 13:00,,,,,,,,,,,,,,,,,,,,,,,,,,,,,278,,244,
1st Oct 2024 14:00,,,,,,,,,,,,,,,,,,,,,,,,,,,,,160,,253,
1st Oct 2024 15:00,,,,,,,,,,,,,,,,,,,,,,,,,,,,,202,,210,
1st Oct 2024 16:00,,,,,,,,,,,,,,,,,,,,,,,,,,,,,221,,250,
1st Oct 2024 17:00,,,,,,,,,,,,,,,,,,,,,,,,,,,,,298,,238,
1st Oct 2024 18:00,,,,,,,,,,,,,,,,,,,,,,,,,,,,,527,,273,
1st Oct 2024 19:00,,,,,,,,,,,,,,,,,,,,,,,,,,,,,320,,214,
1st Oct 2024 20:00,,,,,,,,,,,,,,,,,,,,,,,,,,,,,295,,125,
1st Oct 2024 21:00,,,,,,,,,,,,,,,,,,,,,,,,,,,,,132,,74,
1st Oct 2024 22:00,,,,,,,,,,,,,,,,,,,,,,,,,,,,,56,,39,
1st Oct 2024 23:00,,,,,,,,,,,,,,,,,,,,,,,,,,,,,32,,20,
2nd Oct 2024 00:00,,,,,,,,,,,,,,,,,,,,,,,,,,,,,6,,12,
2nd Oct 2024 01:00,,,,,,,,,,,,,,,,,,,,,,,,,,,,,1,,3,
2nd Oct 2024 02:00,,,,,,,,,,,,,,,,,,,,,,,,,,,,,1,,4,
2nd Oct 2024 03:00,,,,,,,,,,,,,,,,,,,,,,,,,,,,,0,,5,
2nd Oct 2024 04:00,,,,,,,,,,,,,,,,,,,,,,,,,,,,,5,,11,
2nd Oct 2024 05:00,,,,,,,,,,,,,,,,,,,,,,,,,,,,,38,,35,
2nd Oct 2024 06:00,,,,,,,,,,,,,,,,,,,,,,,,,,,,,82,,103,
2nd Oct 2024 07:00,,,,,,,,,,,,,,,,,,,,,,,,,,,,,140,,126,
2nd Oct 2024 08:00,,,,,,,,,,,,,,,,,,,,,,,,,,,,,151,,114,
2nd Oct 2024 09:00,,,,,,,,,,,,,,,,,,,,,,,,,,,,,115,,133,
2nd Oct 2024 10:00,,,,,,,,,,,,,,,,,,,,,,,,,,,,,129,,151,
2nd Oct 2024 11:00,,,,,,,,,,,,,,,,,,,,,,,,,,,,,142,,188,
2nd Oct 2024 12:00,,,,,,,,,,,,,,,,,,,,,,,,,,,,,223,,211,
2nd Oct 2024 13:00,,,,,,,,,,,,,,,,,,,,,,,,,,,,,219,,211,
2nd Oct 2024 14:00,,,,,,,,,,,,,,,,,,,,,,,,,,,,,186,,151,
2nd Oct 2024 15:00,,,,,,,,,,,,,,,,,,,,,,,,,,,,,164,,147,
2nd Oct 2024 16:00,,,,,,,,,,,,,,,,,,,,,,,,,,,,,191,,100,
2nd Oct 2024 17:00,,,,,,,,,,,,,,,,,,,,,,,,,,,,,291,,90,
2nd Oct 2024 18:00,,,,,,,,,,,,,,,,,,,,,,,,,,,,,427,,202,
2nd Oct 2024 19:00,,,,,,,,,,,,,,,,,,,,,,,,,,,,,259,,170,
2nd Oct 2024 20:00,,,,,,,,,,,,,,,,,,,,,,,,,,,,,301,,119,
2nd Oct 2024 21:00,,,,,,,,,,,,,,,,,,,,,,,,,,,,,119,,119,
2nd Oct 2024 22:00,,,,,,,,,,,,,,,,,,,,,,,,,,,,,78,,32,
2nd Oct 2024 23:00,,,,,,,,,,,,,,,,,,,,,,,,,,,,,36,,15,
3rd Oct 2024 00:00,,,,,,,,,,,,,,,,,,,,,,,,,,,,,6,,15,
3rd Oct 2024 01:00,,,,,,,,,,,,,,,,,,,,,,,,,,,,,1,,7,
3rd Oct 2024 02:00,,,,,,,,,,,,,,,,,,,,,,,,,,,,,0,,5,
3rd Oct 2024 03:00,,,,,,,,,,,,,,,,,,,,,,,,,,,,,0,,11,
3rd Oct 2024 04:00,,,,,,,,,,,,,,,,,,,,,,,,,,,,,12,,13,
3rd Oct 2024 05:00,,,,,,,,,,,,,,,,,,,,,,,,,,,,,32,,56,
3rd Oct 2024 06:00,,,,,,,,,,,,,,,,,,,,,,,,,,,,,76,,169,
3rd Oct 2024 07:00,,,,,,,,,,,,,,,,,,,,,,,,,,,,,131,,252,
3rd Oct 2024 08:00,,,,,,,,,,,,,,,,,,,,,,,,,,,,,126,,255,
3rd Oct 2024 09:00,,,,,,,,,,,,,,,,,,,,,,,,,,,,,128,,288,
3rd Oct 2024 10:00,,,,,,,,,,,,,,,,,,,,,,,,,,,,,123,,261,
3rd Oct 2024 11:00,,,,,,,,,,,,,,,,,,,,,,,,,,,,,151,,247,
3rd Oct 2024 12:00,,,,,,,,,,,,,,,,,,,,,,,,,,,,,212,,259,
3rd Oct 2024 13:00,,,,,,,,,,,,,,,,,,,,,,,,,,,,,199,,230,
3rd Oct 2024 14:00,,,,,,,,,,,,,,,,,,,,,,,,,,,,,219,,299,
3rd Oct 2024 15:00,,,,,,,,,,,,,,,,,,,,,,,,,,,,,249,,325,
3rd Oct 2024 16:00,,,,,,,,,,,,,,,,,,,,,,,,,,,,,241,,160,
3rd Oct 2024 17:00,,,,,,,,,,,,,,,,,,,,,,,,,,,,,108,,123,
3rd Oct 2024 18:00,,,,,,,,,,,,,,,,,,,,,,,,,,,,,230,,129,
3rd Oct 2024 19:00,,,,,,,,,,,,,,,,,,,,,,,,,,,,,217,,84,
3rd Oct 2024 20:00,,,,,,,,,,,,,,,,,,,,,,,,,,,,,154,,54,
3rd Oct 2024 21:00,,,,,,,,,,,,,,,,,,,,,,,,,,,,,142,,71,
3rd Oct 2024 22:00,,,,,,,,,,,,,,,,,,,,,,,,,,,,,170,,102,
3rd Oct 2024 23:00,,,,,,,,,,,,,,,,,,,,,,,,,,,,,34,,30,
4th Oct 2024 00:00,,,,,,,,,,,,,,,,,,,,,,,,,,,,,19,,21,
4th Oct 2024 01:00,,,,,,,,,,,,,,,,,,,,,,,,,,,,,3,,6,
4th Oct 2024 02:00,,,,,,,,,,,,,,,,,,,,,,,,,,,,,4,,17,
4th Oct 2024 03:00,,,,,,,,,,,,,,,,,,,,,,,,,,,,,0,,6,
4th Oct 2024 04:00,,,,,,,,,,,,,,,,,,,,,,,,,,,,,2,,24,
4th Oct 2024 05:00,,,,,,,,,,,,,,,,,,,,,,,,,,,,,33,,49,
4th Oct 2024 06:00,,,,,,,,,,,,,,,,,,,,,,,,,,,,,77,,150,
4th Oct 2024 07:00,,,,,,,,,,,,,,,,,,,,,,,,,,,,,108,,193,
4th Oct 2024 08:00,,,,,,,,,,,,,,,,,,,,,,,,,,,,,157,,227,
4th Oct 2024 09:00,,,,,,,,,,,,,,,,,,,,,,,,,,,,,125,,254,
4th Oct 2024 10:00,,,,,,,,,,,,,,,,,,,,,,,,,,,,,165,,265,
4th Oct 2024 11:00,,,,,,,,,,,,,,,,,,,,,,,,,,,,,214,,297,
4th Oct 2024 12:00,,,,,,,,,,,,,,,,,,,,,,,,,,,,,238,,308,
4th Oct 2024 13:00,,,,,,,,,,,,,,,,,,,,,,,,,,,,,339,,307,
4th Oct 2024 14:00,,,,,,,,,,,,,,,,,,,,,,,,,,,,,192,,248,
4th Oct 2024 15:00,,,,,,,,,,,,,,,,,,,,,,,,,,,,,190,,272,
4th Oct 2024 16:00,,,,,,,,,,,,,,,,,,,,,,,,,,,,,276,,280,
4th Oct 2024 17:00,,,,,,,,,,,,,,,,,,,,,,,,,,,,,366,,284,
4th Oct 2024 18:00,,,,,,,,,,,,,,,,,,,,,,,,,,,,,434,,221,
4th Oct 2024 19:00,,,,,,,,,,,,,,,,,,,,,,,,,,,,,372,,231,
4th Oct 2024 20:00,,,,,,,,,,,,,,,,,,,,,,,,,,,,,266,,112,
4th Oct 2024 21:00,,,,,,,,,,,,,,,,,,,,,,,,,,,,,170,,46,
4th Oct 2024 22:00,,,,,,,,,,,,,,,,,,,,,,,,,,,,,185,,63,
4th Oct 2024 23:00,,,,,,,,,,,,,,,,,,,,,,,,,,,,,55,,26,
5th Oct 2024 00:00,,,,,,,,,,,,,,,,,,,,,,,,,,,,,14,,13,
5th Oct 2024 01:00,,,,,,,,,,,,,,,,,,,,,,,,,,,,,4,,9,
5th Oct 2024 02:00,,,,,,,,,,,,,,,,,,,,,,,,,,,,,3,,6,
5th Oct 2024 03:00,,,,,,,,,,,,,,,,,,,,,,,,,,,,,2,,13,
5th Oct 2024 04:00,,,,,,,,,,,,,,,,,,,,,,,,,,,,,23,,15,
5th Oct 2024 05:00,,,,,,,,,,,,,,,,,,,,,,,,,,,,,6,,23,
5th Oct 2024 06:00,,,,,,,,,,,,,,,,,,,,,,,,,,,,,36,,36,
5th Oct 2024 07:00,,,,,,,,,,,,,,,,,,,,,,,,,,,,,82,,93,
5th Oct 2024 08:00,,,,,,,,,,,,,,,,,,,,,,,,,,,,,101,,157,
5th Oct 2024 09:00,,,,,,,,,,,,,,,,,,,,,,,,,,,,,132,,222,
5th Oct 2024 10:00,,,,,,,,,,,,,,,,,,,,,,,,,,,,,149,,300,
5th Oct 2024 11:00,,,,,,,,,,,,,,,,,,,,,,,,,,,,,176,,303,
5th Oct 2024 12:00,,,,,,,,,,,,,,,,,,,,,,,,,,,,,178,,302,
5th Oct 2024 13:00,,,,,,,,,,,,,,,,,,,,,,,,,,,,,228,,271,
5th Oct 2024 14:00,,,,,,,,,,,,,,,,,,,,,,,,,,,,,230,,251,
5th Oct 2024 15:00,,,,,,,,,,,,,,,,,,,,,,,,,,,,,146,,245,
5th Oct 2024 16:00,,,,,,,,,,,,,,,,,,,,,,,,,,,,,192,,268,
5th Oct 2024 17:00,,,,,,,,,,,,,,,,,,,,,,,,,,,,,230,,315,
5th Oct 2024 18:00,,,,,,,,,,,,,,,,,,,,,,,,,,,,,422,,406,
5th Oct 2024 19:00,,,,,,,,,,,,,,,,,,,,,,,,,,,,,324,,312,
5th Oct 2024 20:00,,,,,,,,,,,,,,,,,,,,,,,,,,,,,286,,260,
5th Oct 2024 21:00,,,,,,,,,,,,,,,,,,,,,,,,,,,,,254,,202,
5th Oct 2024 22:00,,,,,,,,,,,,,,,,,,,,,,,,,,,,,125,,155,
5th Oct 2024 23:00,,,,,,,,,,,,,,,,,,,,,,,,,,,,,53,,65,
6th Oct 2024 00:00,,,,,,,,,,,,,,,,,,,,,,,,,,,,,6,,47,
6th Oct 2024 01:00,,,,,,,,,,,,,,,,,,,,,,,,,,,,,7,,28,
6th Oct 2024 03:00,,,,,,,,,,,,,,,,,,,,,,,,,,,,,,,,
6th Oct 2024 03:00,,,,,,,,,,,,,,,,,,,,,,,,,,,,,5,,36,
6th Oct 2024 04:00,,,,,,,,,,,,,,,,,,,,,,,,,,,,,6,,35,
6th Oct 2024 05:00,,,,,,,,,,,,,,,,,,,,,,,,,,,,,11,,45,
6th Oct 2024 06:00,,,,,,,,,,,,,,,,,,,,,,,,,,,,,24,,56,
6th Oct 2024 07:00,,,,,,,,,,,,,,,,,,,,,,,,,,,,,29,,71,
6th Oct 2024 08:00,,,,,,,,,,,,,,,,,,,,,,,,,,,,,63,,123,
6th Oct 2024 09:00,,,,,,,,,,,,,,,,,,,,,,,,,,,,,90,,195,
6th Oct 2024 10:00,,,,,,,,,,,,,,,,,,,,,,,,,,,,,97,,211,
6th Oct 2024 11:00,,,,,,,,,,,,,,,,,,,,,,,,,,,,,164,,252,
6th Oct 2024 12:00,,,,,,,,,,,,,,,,,,,,,,,,,,,,,206,,306,
6th Oct 2024 13:00,,,,,,,,,,,,,,,,,,,,,,,,,,,,,229,,282,
6th Oct 2024 14:00,,,,,,,,,,,,,,,,,,,,,,,,,,,,,229,,359,
6th Oct 2024 15:00,,,,,,,,,,,,,,,,,,,,,,,,,,,,,227,,325,
6th Oct 2024 16:00,,,,,,,,,,,,,,,,,,,,,,,,,,,,,217,,289,
6th Oct 2024 17:00,,,,,,,,,,,,,,,,,,,,,,,,,,,,,295,,264,
6th Oct 2024 18:00,,,,,,,,,,,,,,,,,,,,,,,,,,,,,153,,195,
6th Oct 2024 19:00,,,,,,,,,,,,,,,,,,,,,,,,,,,,,216,,174,
6th Oct 2024 20:00,,,,,,,,,,,,,,,,,,,,,,,,,,,,,275,,132,
6th Oct 2024 21:00,,,,,,,,,,,,,,,,,,,,,,,,,,,,,153,,9,
6th Oct 2024 22:00,,,,,,,,,,,,,,,,,,,,,,,,,,,,,69,,0,
6th Oct 2024 23:00,,,,,,,,,,,,,,,,,,,,,,,,,,,,,35,,0,
7th Oct 2024 00:00,,,,,,,,,,,,,,,,,,,,,,,,,,,,,12,,0,
7th Oct 2024 01:00,,,,,,,,,,,,,,,,,,,,,,,,,,,,,6,,0,
7th Oct 2024 02:00,,,,,,,,,,,,,,,,,,,,,,,,,,,,,6,,0,
7th Oct 2024 03:00,,,,,,,,,,,,,,,,,,,,,,,,,,,,,3,,0,
7th Oct 2024 04:00,,,,,,,,,,,,,,,,,,,,,,,,,,,,,2,,0,
7th Oct 2024 05:00,,,,,,,,,,,,,,,,,,,,,,,,,,,,,4,,0,
7th Oct 2024 06:00,,,,,,,,,,,,,,,,,,,,,,,,,,,,,20,,0,
7th Oct 2024 07:00,,,,,,,,,,,,,,,,,,,,,,,,,,,,,43,,0,
7th Oct 2024 08:00,,,,,,,,,,,,,,,,,,,,,,,,,,,,,76,,94,
7th Oct 2024 09:00,,,,,,,,,,,,,,,,,,,,,,,,,,,,,105,,154,
7th Oct 2024 10:00,,,,,,,,,,,,,,,,,,,,,,,,,,,,,148,,182,
7th Oct 2024 11:00,,,,,,,,,,,,,,,,,,,,,,,,,,,,,205,,231,
7th Oct 2024 12:00,,,,,,,,,,,,,,,,,,,,,,,,,,,,,147,,216,
7th Oct 2024 13:00,,,,,,,,,,,,,,,,,,,,,,,,,,,,,214,,204,
7th Oct 2024 14:00,,,,,,,,,,,,,,,,,,,,,,,,,,,,,207,,194,
7th Oct 2024 15:00,,,,,,,,,,,,,,,,,,,,,,,,,,,,,205,,149,
7th Oct 2024 16:00,,,,,,,,,,,,,,,,,,,,,,,,,,,,,188,,106,
7th Oct 2024 17:00,,,,,,,,,,,,,,,,,,,,,,,,,,,,,216,,62,
7th Oct 2024 18:00,,,,,,,,,,,,,,,,,,,,,,,,,,,,,296,,38,
7th Oct 2024 19:00,,,,,,,,,,,,,,,,,,,,,,,,,,,,,271,,47,
7th Oct 2024 20:00,,,,,,,,,,,,,,,,,,,,,,,,,,,,,217,,15,
7th Oct 2024 21:00,,,,,,,,,,,,,,,,,,,,,,,,,,,,,90,,16,
7th Oct 2024 22:00,,,,,,,,,,,,,,,,,,,,,,,,,,,,,62,,4,
7th Oct 2024 23:00,,,,,,,,,,,,,,,,,,,,,,,,,,,,,22,,1,
8th Oct 2024 00:00,,,,,,,,,,,,,,,,,,,,,,,,,,,,,5,,7,
8th Oct 2024 01:00,,,,,,,,,,,,,,,,,,,,,,,,,,,,,1,,4,
8th Oct 2024 02:00,,,,,,,,,,,,,,,,,,,,,,,,,,,,,0,,6,
8th Oct 2024 03:00,,,,,,,,,,,,,,,,,,,,,,,,,,,,,0,,3,
8th Oct 2024 04:00,,,,,,,,,,,,,,,,,,,,,,,,,,,,,3,,13,
8th Oct 2024 05:00,,,,,,,,,,,,,,,,,,,,,,,,,,,,,18,,32,
8th Oct 2024 06:00,,,,,,,,,,,,,,,,,,,,,,,,,,,,,43,,105,
8th Oct 2024 07:00,,,,,,,,,,,,,,,,,,,,,,,,,,,,,97,,148,
8th Oct 2024 08:00,,,,,,,,,,,,,,,,,,,,,,,,,,,,,119,,136,
8th Oct 2024 09:00,,,,,,,,,,,,,,,,,,,,,,,,,,,,,91,,186,
8th Oct 2024 10:00,,,,,,,,,,,,,,,,,,,,,,,,,,,,,117,,161,
8th Oct 2024 11:00,,,,,,,,,,,,,,,,,,,,,,,,,,,,,159,,132,
8th Oct 2024 12:00,,,,,,,,,,,,,,,,,,,,,,,,,,,,,225,,152,
8th Oct 2024 13:00,,,,,,,,,,,,,,,,,,,,,,,,,,,,,140,,160,
8th Oct 2024 14:00,,,,,,,,,,,,,,,,,,,,,,,,,,,,,93,,175,
8th Oct 2024 15:00,,,,,,,,,,,,,,,,,,,,,,,,,,,,,97,,119,
8th Oct 2024 16:00,,,,,,,,,,,,,,,,,,,,,,,,,,,,,148,,168,
8th Oct 2024 17:00,,,,,,,,,,,,,,,,,,,,,,,,,,,,,190,,365,
8th Oct 2024 18:00,,,,,,,,,,,,,,,,,,,,,,,,,,,,,274,,505,
8th Oct 2024 19:00,,,,,,,,,,,,,,,,,,,,,,,,,,,,,216,,406,
8th Oct 2024 20:00,,,,,,,,,,,,,,,,,,,,,,,,,,,,,127,,171,
8th Oct 2024 21:00,,,,,,,,,,,,,,,,,,,,,,,,,,,,,86,,112,
8th Oct 2024 22:00,,,,,,,,,,,,,,,,,,,,,,,,,,,,,120,,72,
8th Oct 2024 23:00,,,,,,,,,,,,,,,,,,,,,,,,,,,,,16,,30,
9th Oct 2024 00:00,,,,,,,,,,,,,,,,,,,,,,,,,,,,,1,,15,
9th Oct 2024 01:00,,,,,,,,,,,,,,,,,,,,,,,,,,,,,0,,8,
9th Oct 2024 02:00,,,,,,,,,,,,,,,,,,,,,,,,,,,,,0,,6,
9th Oct 2024 03:00,,,,,,,,,,,,,,,,,,,,,,,,,,,,,0,,5,
9th Oct 2024 04:00,,,,,,,,,,,,,,,,,,,,,,,,,,,,,0,,21,
9th Oct 2024 05:00,,,,,,,,,,,,,,,,,,,,,,,,,,,,,6,,34,
9th Oct 2024 06:00,,,,,,,,,,,,,,,,,,,,,,,,,,,,,15,,121,
9th Oct 2024 07:00,,,,,,,,,,,,,,,,,,,,,,,,,,,,,25,,130,
9th Oct 2024 08:00,,,,,,,,,,,,,,,,,,,,,,,,,,,,,38,,156,
9th Oct 2024 09:00,,,,,,,,,,,,,,,,,,,,,,,,,,,,,30,,199,
9th Oct 2024 10:00,,,,,,,,,,,,,,,,,,,,,,,,,,,,,33,,201,
9th Oct 2024 11:00,,,,,,,,,,,,,,,,,,,,,,,,,,,,,68,,165,
9th Oct 2024 12:00,,,,,,,,,,,,,,,,,,,,,,,,,,,,,50,,105,
9th Oct 2024 13:00,,,,,,,,,,,,,,,,,,,,,,,,,,,,,91,,142,
9th Oct 2024 14:00,,,,,,,,,,,,,,,,,,,,,,,,,,,,,107,,224,
9th Oct 2024 15:00,,,,,,,,,,,,,,,,,,,,,,,,,,,,,122,,221,
9th Oct 2024 16:00,,,,,,,,,,,,,,,,,,,,,,,,,,,,,130,,199,
9th Oct 2024 17:00,,,,,,,,,,,,,,,,,,,,,,,,,,,,,209,,224,
9th Oct 2024 18:00,,,,,,,,,,,,,,,,,,,,,,,,,,,,,340,,340,
9th Oct 2024 19:00,,,,,,,,,,,,,,,,,,,,,,,,,,,,,189,,185,
9th Oct 2024 20:00,,,,,,,,,,,,,,,,,,,,,,,,,,,,,281,,225,
9th Oct 2024 21:00,,,,,,,,,,,,,,,,,,,,,,,,,,,,,153,,160,
9th Oct 2024 22:00,,,,,,,,,,,,,,,,,,,,,,,,,,,,,71,,99,
9th Oct 2024 23:00,,,,,,,,,,,,,,,,,,,,,,,,,,,,,26,,42,
10th Oct 2024 00:00,,,,,,,,,,,,,,,,,,,,,,,,,,,,,1,,21,
10th Oct 2024 01:00,,,,,,,,,,,,,,,,,,,,,,,,,,,,,1,,14,
10th Oct 2024 02:00,,,,,,,,,,,,,,,,,,,,,,,,,,,,,1,,9,
10th Oct 2024 03:00,,,,,,,,,,,,,,,,,,,,,,,,,,,,,3,,15,
10th Oct 2024 04:00,,,,,,,,,,,,,,,,,,,,,,,,,,,,,2,,19,
10th Oct 2024 05:00,,,,,,,,,,,,,,,,,,,,,,,,,,,,,3,,59,
10th Oct 2024 06:00,,,,,,,,,,,,,,,,,,,,,,,,,,,,,11,,204,
10th Oct 2024 07:00,,,,,,,,,,,,,,,,,,,,,,,,,,,,,36,,189,
10th Oct 2024 08:00,,,,,,,,,,,,,,,,,,,,,,,,,,,,,45,,239,
10th Oct 2024 09:00,,,,,,,,,,,,,,,,,,,,,,,,,,,,,47,,270,
10th Oct 2024 10:00,,,,,,,,,,,,,,,,,,,,,,,,,,,,,32,,317,
10th Oct 2024 11:00,,,,,,,,,,,,,,,,,,,,,,,,,,,,,79,,304,
10th Oct 2024 12:00,,,,,,,,,,,,,,,,,,,,,,,,,,,,,131,,354,
10th Oct 2024 13:00,,,,,,,,,,,,,,,,,,,,,,,,,,,,,160,,345,
10th Oct 2024 14:00,,,,,,,,,,,,,,,,,,,,,,,,,,,,,134,,316,
10th Oct 2024 15:00,,,,,,,,,,,,,,,,,,,,,,,,,,,,,211,,311,
10th Oct 2024 16:00,,,,,,,,,,,,,,,,,,,,,,,,,,,,,187,,0,
10th Oct 2024 17:00,,,,,,,,,,,,,,,,,,,,,,,,,,,,,192,,48,
10th Oct 2024 18:00,,,,,,,,,,,,,,,,,,,,,,,,,,,,,353,,102,
10th Oct 2024 19:00,,,,,,,,,,,,,,,,,,,,,,,,,,,,,158,,71,
10th Oct 2024 20:00,,,,,,,,,,,,,,,,,,,,,,,,,,,,,93,,53,
10th Oct 2024 21:00,,,,,,,,,,,,,,,,,,,,,,,,,,,,,302,,36,
10th Oct 2024 22:00,,,,,,,,,,,,,,,,,,,,,,,,,,,,,134,,28,
10th Oct 2024 23:00,,,,,,,,,,,,,,,,,,,,,,,,,,,,,38,,4,
11th Oct 2024 00:00,,,,,,,,,,,,,,,,,,,,,,,,,,,,,4,,5,
11th Oct 2024 01:00,,,,,,,,,,,,,,,,,,,,,,,,,,,,,0,,10,
11th Oct 2024 02:00,,,,,,,,,,,,,,,,,,,,,,,,,,,,,0,,1,
11th Oct 2024 03:00,,,,,,,,,,,,,,,,,,,,,,,,,,,,,0,,2,
11th Oct 2024 04:00,,,,,,,,,,,,,,,,,,,,,,,,,,,,,1,,3,
11th Oct 2024 05:00,,,,,,,,,,,,,,,,,,,,,,,,,,,,,28,,5,
11th Oct 2024 06:00,,,,,,,,,,,,,,,,,,,,,,,,,,,,,26,,27,
11th Oct 2024 07:00,,,,,,,,,,,,,,,,,,,,,,,,,,,,,40,,45,
11th Oct 2024 08:00,,,,,,,,,,,,,,,,,,,,,,,,,,,,,95,,21,
11th Oct 2024 09:00,,,,,,,,,,,,,,,,,,,,,,,,,,,,,71,,24,
11th Oct 2024 10:00,,,,,,,,,,,,,,,,,,,,,,,,,,,,,104,,,
11th Oct 2024 11:00,86,,,,,,,,,,,,,,,,,,,,,,,,,,,,139,,,
11th Oct 2024 12:00,68,,,,,,,,,,,,,,,,,,,,,,,,,,,,252,,,
11th Oct 2024 13:00,89,,,,,,,,,,,,,,,,,,,,,,,,,,,,188,,,
11th Oct 2024 14:00,99,,,,,,,,,,,,,,,,,,,,,,,,,,,,198,,,
11th Oct 2024 15:00,60,,,,,,,,,,,,,,,,,,,,,,,,,,,,185,,,
11th Oct 2024 16:00,99,,,,,,,,,,,,,,,,,,,,,,,,,,,,253,,,
11th Oct 2024 17:00,96,,,,,,,,,,,,,,,,,,,,,,,,,,,,350,,,
11th Oct 2024 18:00,167,,,,,,,,,,,,,,,,,,,,,,,,,,,,444,,,
11th Oct 2024 19:00,131,,,,,,,,,,,,,,,,,,,,,,,,,,,,421,,,
11th Oct 2024 20:00,106,,,,,,,,,,,,,,,,,,,,,,,,,,,,357,,,
11th Oct 2024 21:00,56,,,,,,,,,,,,,,,,,,,,,,,,,,,,285,,,
11th Oct 2024 22:00,47,,,,,,,,,,,,,,,,,,,,,,,,,,,,144,,,
11th Oct 2024 23:00,18,,,,,,,,,,,,,,,,,,,,,,,,,,,,60,,,
12th Oct 2024 00:00,8,,,,,,,,,,,,,,,,,,,,,,,,,,,,22,,,
12th Oct 2024 01:00,4,,,,,,,,,,,,,,,,,,,,,,,,,,,,6,,,
12th Oct 2024 02:00,1,,,,,,,,,,,,,,,,,,,,,,,,,,,,3,,,
12th Oct 2024 03:00,2,,,,,,,,,,,,,,,,,,,,,,,,,,,,4,,,
12th Oct 2024 04:00,4,,,,,,,,,,,,,,,,,,,,,,,,,,,,3,,,
12th Oct 2024 05:00,2,,,,,,,,,,,,,,,,,,,,,,,,,,,,7,,,
12th Oct 2024 06:00,20,,,,,,,,,,,,,,,,,,,,,,,,,,,,31,,,
12th Oct 2024 07:00,28,,,,,,,,,,,,,,,,,,,,,,,,,,,,63,,,
12th Oct 2024 08:00,49,,,,,,,,,,,,,,,,,,,,,,,,,,,,90,,,
12th Oct 2024 09:00,84,,,,,,,,,,,,,,,,,,,,,,,,,,,,124,,,
12th Oct 2024 10:00,67,,,,,,,,,,,,,,,,,,,,,,,,,,,,213,,,
12th Oct 2024 11:00,92,,,,,,,,,,,,,,,,,,,,,,,,,,,,168,,,
12th Oct 2024 12:00,82,,,,,,,,,,,,,,,,,,,,,,,,,,,,304,,,
12th Oct 2024 13:00,78,,,,,,,,,,,,,,,,,,,,,,,,,,,,284,,,
12th Oct 2024 14:00,72,,,,,,,,,,,,,,,,,,,,,,,,,,,,288,,,
12th Oct 2024 15:00,79,,,,,,,,,,,,,,,,,,,,,,,,,,,,244,,,
12th Oct 2024 16:00,101,,,,,,,,,,,,,,,,,,,,,,,,,,,,388,,,
12th Oct 2024 17:00,80,,,,,,,,,,,,,,,,,,,,,,,,,,,,300,,,
12th Oct 2024 18:00,130,,,,,,,,,,,,,,,,,,,,,,,,,,,,423,,,
12th Oct 2024 19:00,130,,,,,,,,,,,,,,,,,,,,,,,,,,,,262,,,
12th Oct 2024 20:00,86,,,,,,,,,,,,,,,,,,,,,,,,,,,,195,,,
12th Oct 2024 21:00,64,,,,,,,,,,,,,,,,,,,,,,,,,,,,222,,,
12th Oct 2024 22:00,44,,,,,,,,,,,,,,,,,,,,,,,,,,,,119,,,
12th Oct 2024 23:00,16,,,,,,,,,,,,,,,,,,,,,,,,,,,,44,,,
13th Oct 2024 00:00,4,,,,,,,,,,,,,,,,,,,,,,,,,,,,11,,,
13th Oct 2024 01:00,5,,,,,,,,,,,,,,,,,,,,,,,,,,,,10,,,
13th Oct 2024 02:00,3,,,,,,,,,,,,,,,,,,,,,,,,,,,,2,,,
13th Oct 2024 03:00,0,,,,,,,,,,,,,,,,,,,,,,,,,,,,0,,,
13th Oct 2024 04:00,1,,,,,,,,,,,,,,,,,,,,,,,,,,,,7,,,
13th Oct 2024 05:00,4,,,,,,,,,,,,,,,,,,,,,,,,,,,,10,,,
13th Oct 2024 06:00,9,,,,,,,,,,,,,,,,,,,,,,,,,,,,19,,,
13th Oct 2024 07:00,13,,,,,,,,,,,,,,,,,,,,,,,,,,,,37,,,
13th Oct 2024 08:00,50,,,,,,,,,,,,,,,,,,,,,,,,,,,,74,,,
13th Oct 2024 09:00,52,,,,,,,,,,,,,,,,,,,,,,,,,,,,105,,,
13th Oct 2024 10:00,63,,,,,,,,,,,,,,,,,,,,,,,,,,,,146,,,
13th Oct 2024 11:00,80,,,,,,,,,,,,,,,,,,,,,,,,,,,,188,,,
13th Oct 2024 12:00,75,,,,,,,,,,,,,,,,,,,,,,,,,,,,220,,,
13th Oct 2024 13:00,93,,,,,,,,,,,,,,,,,,,,,,,,,,,,254,,,
13th Oct 2024 14:00,71,,,,,,,,,,,,,,,,,,,,,,,,,,,,281,,,
13th Oct 2024 15:00,78,,,,,,,,,,,,,,,,,,,,,,,,,,,,297,,,
13th Oct 2024 16:00,93,,,,,,,,,,,,,,,,,,,,,,,,,,,,260,,,
13th Oct 2024 17:00,124,,,,,,,,,,,,,,,,,,,,,,,,,,,,406,,,
13th Oct 2024 18:00,106,,,,,,,,,,,,,,,,,,,,,,,,,,,,328,,,
13th Oct 2024 19:00,84,,,,,,,,,,,,,,,,,,,,,,,,,,,,274,,,
13th Oct 2024 20:00,39,,,,,,,,,,,,,,,,,,,,,,,,,,,,225,,,
13th Oct 2024 21:00,30,,,,,,,,,,,,,,,,,,,,,,,,,,,,128,,,
13th Oct 2024 22:00,23,,,,,,,,,,,,,,,,,,,,,,,,,,,,60,,,
13th Oct 2024 23:00,9,,,,,,,,,,,,,,,,,,,,,,,,,,,,18,,,
14th Oct 2024 00:00,7,,,,,,,,,,,,,,,,,,,,,,,,,,,,2,,,
14th Oct 2024 01:00,2,,,,,,,,,,,,,,,,,,,,,,,,,,,,3,,,
14th Oct 2024 02:00,0,,,,,,,,,,,,,,,,,,,,,,,,,,,,0,,,
14th Oct 2024 03:00,2,,,,,,,,,,,,,,,,,,,,,,,,,,,,0,,,
14th Oct 2024 04:00,7,,,,,,,,,,,,,,,,,,,,,,,,,,,,9,,,
14th Oct 2024 05:00,10,,,,,,,,,,,,,,,,,,,,,,,,,,,,29,,,
14th Oct 2024 06:00,27,,,,,,,,,,,,,,,,,,,,,,,,,,,,60,,,
14th Oct 2024 07:00,78,,,,,,,,,,,,,,,,,,,,,,,,,,,,141,,,
14th Oct 2024 08:00,75,,,,,,,,,,,,,,,,,,,,,,,,,,,,178,,,
14th Oct 2024 09:00,76,,,,,,,,,,,,,,,,,,,,,,,,,,,,117,,,
14th Oct 2024 10:00,57,,,,,,,,,,,,,,,,,,,,,,,,,,,,116,,,
14th Oct 2024 11:00,47,,,,,,,,,,,,,,,,,,,,,,,,,,,,124,,,
14th Oct 2024 12:00,48,,,,,,,,,,,,,,,,,,,,,,,,,,,,162,,,
14th Oct 2024 13:00,67,,,,,,,,,,,,,,,,,,,,,,,,,,,,161,,,
14th Oct 2024 14:00,43,,,,,,,,,,,,,,,,,,,,,,,,,,,,119,,,
14th Oct 2024 15:00,42,,,,,,,,,,,,,,,,,,,,,,,,,,,,94,,,
14th Oct 2024 16:00,68,,,,,,,,,,,,,,,,,,,,,,,,,,,,192,,,
14th Oct 2024 17:00,84,,,,,,,,,,,,,,,,,,,,,,,,,,,,308,,,
14th Oct 2024 18:00,88,,,,,,,,,,,,,,,,,,,,,,,,,,,,358,,,
14th Oct 2024 19:00,68,,,,,,,,,,,,,,,,,,,,,,,,,,,,217,,,
14th Oct 2024 20:00,22,,,,,,,,,,,,,,,,,,,,,,,,,,,,152,,,
14th Oct 2024 21:00,15,,,,,,,,,,,,,,,,,,,,,,,,,,,,100,,,
14th Oct 2024 22:00,7,,,,,,,,,,,,,,,,,,,,,,,,,,,,67,,,
14th Oct 2024 23:00,0,,,,,,,,,,,,,,,,,,,,,,,,,,,,18,,,
15th Oct 2024 00:00,2,,,,,,,,,,,,,,,,,,,,,,,,,,,,3,,,
15th Oct 2024 01:00,1,,,,,,,,,,,,,,,,,,,,,,,,,,,,3,,,
15th Oct 2024 02:00,0,,,,,,,,,,,,,,,,,,,,,,,,,,,,0,,,
15th Oct 2024 03:00,0,,,,,,,,,,,,,,,,,,,,,,,,,,,,0,,,
15th Oct 2024 04:00,2,,,,,,,,,,,,,,,,,,,,,,,,,,,,14,,,
15th Oct 2024 05:00,13,,,,,,,,,,,,,,,,,,,,,,,,,,,,25,,,
15th Oct 2024 06:00,14,,,,,,,,,,,,,,,,,,,,,,,,,,,,58,,,
15th Oct 2024 07:00,50,,,,,,,,,,,,,,,,,,,,,,,,,,,,89,,,
15th Oct 2024 08:00,75,,,,,,,,,,,,,,,,,,,,,,,,,,,,166,,,
15th Oct 2024 09:00,38,,,,,,,,,,,,,,,,,,,,,,,,,,,,78,,,
15th Oct 2024 10:00,56,,,,,,,,,,,,,,,,,,,,,,,,,,,,126,,,
15th Oct 2024 11:00,55,,,,,,,,,,,,,,,,,,,,,,,,,,,,142,,,
15th Oct 2024 12:00,69,,,,,,,,,,,,,,,,,,,,,,,,,,,,182,,,
15th Oct 2024 13:00,80,,,,,,,,,,,,,,,,,,,,,,,,,,,,177,,,
15th Oct 2024 14:00,57,,,,,,,,,,,,,,,,,,,,,,,,,,,,218,,,
15th Oct 2024 15:00,115,,,,,,,,,,,,,,,,,,,,,,,,,,,,335,,,
15th Oct 2024 16:00,113,,,,,,,,,,,,,,,,,,,,,,,,,,,,243,,,
15th Oct 2024 17:00,122,,,,,,,,,,,,,,,,,,,,,,,,,,,,437,,,
15th Oct 2024 18:00,138,,,,,,,,,,,,,,,,,,,,,,,,,,,,504,,,
15th Oct 2024 19:00,121,,,,,,,,,,,,,,,,,,,,,,,,,,,,440,,,
15th Oct 2024 20:00,49,,,,,,,,,,,,,,,,,,,,,,,,,,,,271,,,
15th Oct 2024 21:00,40,,,,,,,,,,,,,,,,,,,,,,,,,,,,168,,,
15th Oct 2024 22:00,20,,,,,,,,,,,,,,,,,,,,,,,,,,,,82,,,
15th Oct 2024 23:00,8,,,,,,,,,,,,,,,,,,,,,,,,,,,,42,,,
16th Oct 2024 00:00,2,,,,,,,,,,,,,,,,,,,,,,,,,,,,10,,,
16th Oct 2024 01:00,1,,,,,,,,,,,,,,,,,,,,,,,,,,,,2,,,
16th Oct 2024 02:00,0,,,,,,,,,,,,,,,,,,,,,,,,,,,,0,,,
16th Oct 2024 03:00,0,,,,,,,,,,,,,,,,,,,,,,,,,,,,0,,,
16th Oct 2024 04:00,6,,,,,,,,,,,,,,,,,,,,,,,,,,,,14,,,
16th Oct 2024 05:00,13,,,,,,,,,,,,,,,,,,,,,,,,,,,,26,,,
16th Oct 2024 06:00,31,,,,,,,,,,,,,,,,,,,,,,,,,,,,78,,,
16th Oct 2024 07:00,92,,,,,,,,,,,,,,,,,,,,,,,,,,,,161,,,
16th Oct 2024 08:00,119,,,,,,,,,,,,,,,,,,,,,,,,,,,,253,,,
16th Oct 2024 09:00,68,,,,,,,,,,,,,,,,,,,,,,,,,,,,116,,,
16th Oct 2024 10:00,54,,,,,,,,,,,,,,,,,,,,,,,,,,,,104,,,
16th Oct 2024 11:00,54,,,,,,,,,,,,,,,,,,,,,,,,,,,,162,,,
16th Oct 2024 12:00,69,,,,,,,,,,,,,,,,,,,,,,,,,,,,185,,,
16th Oct 2024 13:00,65,,,,,,,,,,,,,,,,,,,,,,,,,,,,218,,,
16th Oct 2024 14:00,50,,,,,,,,,,,,,,,,,,,,,,,,,,,,164,,,
16th Oct 2024 15:00,113,,,,,,,,,,,,,,,,,,,,,,,,,,,,323,,,
16th Oct 2024 16:00,92,,,,,,,,,,,,,,,,,,,,,,,,,,,,271,,,
16th Oct 2024 17:00,150,,,,,,,,,,,,,,,,,,,,,,,,,,,,351,,,
16th Oct 2024 18:00,124,,,,,,,,,,,,,,,,,,,,,,,,,,,,376,,,
16th Oct 2024 19:00,90,,,,,,,,,,,,,,,,,,,,,,,,,,,,281,,,
16th Oct 2024 20:00,65,,,,,,,,,,,,,,,,,,,,,,,,,,,,235,,,
16th Oct 2024 21:00,47,,,,,,,,,,,,,,,,,,,,,,,,,,,,168,,,
16th Oct 2024 22:00,24,,,,,,,,,,,,,,,,,,,,,,,,,,,,72,,,
16th Oct 2024 23:00,19,,,,,,,,,,,,,,,,,,,,,,,,,,,,26,,,
17th Oct 2024 00:00,2,,,,,,,,,,,,,,,,,,,,,,,,,,,,8,,,
17th Oct 2024 01:00,8,,,,,,,,,,,,,,,,,,,,,,,,,,,,8,,,
17th Oct 2024 02:00,0,,,,,,,,,,,,,,,,,,,,,,,,,,,,1,,,
17th Oct 2024 03:00,0,,,,,,,,,,,,,,,,,,,,,,,,,,,,0,,,
17th Oct 2024 04:00,2,,,,,,,,,,,,,,,,,,,,,,,,,,,,4,,,
17th Oct 2024 05:00,22,,,,,,,,,,,,,,,,,,,,,,,,,,,,29,,,
17th Oct 2024 06:00,36,,,,,,,,,,,,,,,,,,,,,,,,,,,,65,,,
17th Oct 2024 07:00,87,,,,,,,,,,,,,,,,,,,,,,,,,,,,138,,,
17th Oct 2024 08:00,105,,,,,,,,,,,,,,,,,,,,,,,,,,,,233,,,
17th Oct 2024 09:00,53,,,,,,,,,,,,,,,,,,,,,,,,,,,,146,,,
17th Oct 2024 10:00,72,,,,,,,,,,,,,,,,,,,,,,,,,,,,138,,,
17th Oct 2024 11:00,74,,,,,,,,,,,,,,,,,,,,,,,,,,,,164,,,
17th Oct 2024 12:00,58,,,,,,,,,,,,,,,,,,,,,,,,,,,,210,,,
17th Oct 2024 13:00,63,,,,,,,,,,,,,,,,,,,,,,,,,,,,187,,,
17th Oct 2024 14:00,58,,,,,,,,,,,,,,,,,,,,,,,,,,,,216,,,
17th Oct 2024 15:00,102,,,,,,,,,,,,,,,,,,,,,,,,,,,,325,,,
17th Oct 2024 16:00,87,,,,,,,,,,,,,,,,,,,,,,,,,,,,209,,,
17th Oct 2024 17:00,161,,,,,,,,,,,,,,,,,,,,,,,,,,,,115,,,
17th Oct 2024 18:00,255,,,,,,,,,,,,,,,,,,,,,,,,,,,,79,,,
17th Oct 2024 19:00,217,,,,,,,,,,,,,,,,,,,,,,,,,,,,164,,,
17th Oct 2024 20:00,201,,,,,,,,,,,,,,,,,,,,,,,,,,,,123,,,
17th Oct 2024 21:00,112,,,,,,,,,,,,,,,,,,,,,,,,,,,,98,,,
17th Oct 2024 22:00,50,,,,,,,,,,,,,,,,,,,,,,,,,,,,150,,,
17th Oct 2024 23:00,13,,,,,,,,,,,,,,,,,,,,,,,,,,,,69,,,
18th Oct 2024 00:00,5,,,,,,,,,,,,,,,,,,,,,,,,,,,,6,,,
18th Oct 2024 01:00,1,,,,,,,,,,,,,,,,,,,,,,,,,,,,2,,,
18th Oct 2024 02:00,1,,,,,,,,,,,,,,,,,,,,,,,,,,,,1,,,
18th Oct 2024 03:00,0,,,,,,,,,,,,,,,,,,,,,,,,,,,,0,,,
18th Oct 2024 04:00,5,,,,,,,,,,,,,,,,,,,,,,,,,,,,7,,,
18th Oct 2024 05:00,7,,,,,,,,,,,,,,,,,,,,,,,,,,,,17,,,
18th Oct 2024 06:00,34,,,,,,,,,,,,,,,,,,,,,,,,,,,,75,,,
18th Oct 2024 07:00,64,,,,,,,,,,,,,,,,,,,,,,,,,,,,112,,,
18th Oct 2024 08:00,95,,,,,,,,,,,,,,,,,,,,,,,,,,,,182,,,
18th Oct 2024 09:00,54,,,,,,,,,,,,,,,,,,,,,,,,,,,,85,,,
18th Oct 2024 10:00,49,,,,,,,,,,,,,,,,,,,,,,,,,,,,116,,,
18th Oct 2024 11:00,52,,,,,,,,,,,,,,,,,,,,,,,,,,,,153,,,
18th Oct 2024 12:00,77,,,,,,,,,,,,,,,,,,,,,,,,,,,,194,,,
18th Oct 2024 13:00,67,,,,,,,,,,,,,,,,,,,,,,,,,,,,203,,,
18th Oct 2024 14:00,55,,,,,,,,,,,,,,,,,,,,,,,,,,,,171,,,
18th Oct 2024 15:00,125,,,,,,,,,,,,,,,,,,,,,,,,,,,,385,,,
18th Oct 2024 16:00,102,,,,,,,,,,,,,,,,,,,,,,,,,,,,280,,,
18th Oct 2024 17:00,106,,,,,,,,,,,,,,,,,,,,,,,,,,,,405,,,
18th Oct 2024 18:00,149,,,,,,,,,,,,,,,,,,,,,,,,,,,,516,,,
18th Oct 2024 19:00,105,,,,,,,,,,,,,,,,,,,,,,,,,,,,490,,,
18th Oct 2024 20:00,68,,,,,,,,,,,,,,,,,,,,,,,,,,,,369,,,
18th Oct 2024 21:00,51,,,,,,,,,,,,,,,,,,,,,,,,,,,,212,,,
18th Oct 2024 22:00,39,,,,,,,,,,,,,,,,,,,,,,,,,,,,190,,,
18th Oct 2024 23:00,33,,,,,,,,,,,,,,,,,,,,,,,,,,,,,,,
19th Oct 2024 00:00,18,,,,,,,,,,,,,,,,,,,,,,,,,,,,,,,
19th Oct 2024 01:00,2,,,,,,,,,,,,,,,,,,,,,,,,,,,,,,,
19th Oct 2024 02:00,0,,,,,,,,,,,,,,,,,,,,,,,,,,,,,,,
19th Oct 2024 03:00,0,,,,,,,,,,,,,,,,,,,,,,,,,,,,,,,
19th Oct 2024 04:00,2,,,,,,,,,,,,,,,,,,,,,,,,,,,,,,,
19th Oct 2024 05:00,5,,,,,,,,,,,,,,,,,,,,,,,,,,,,,,,
19th Oct 2024 06:00,15,,,,,,,,,,,,,,,,,,,,,,,,,,,,,,,
19th Oct 2024 07:00,31,,,,,,,,,,,,,,,,,,,,,,,,,,,,,,,
19th Oct 2024 08:00,70,,,,,,,,,,,,,,,,,,,,,,,,,,,,,,,
19th Oct 2024 09:00,84,,,,,,,,,,,,,,,,,,,,,,,,,,,,,,,
19th Oct 2024 10:00,87,,,,,,,,,,,,,,,,,,,,,,,,,,,,,,,
19th Oct 2024 11:00,69,,,,,,,,,,,,,,,,,,,,,,,,,,,,,,,
19th Oct 2024 12:00,62,,,,,,,,,,,,,,,,,,,,,,,,,,,,,,,
19th Oct 2024 13:00,75,,,,,,,,,,,,,,,,,,,,,,,,,,,,,,,
19th Oct 2024 14:00,68,,,,,,,,,,,,,,,,,,,,,,,,,,,,,,,
19th Oct 2024 15:00,58,,,,,,,,,,,,,,,,,,,,,,,,,,,,,,,
19th Oct 2024 16:00,62,,,,,,,,,,,,,,,,,,,,,,,,,,,,,,,
19th Oct 2024 17:00,98,,,,,,,,,,,,,,,,,,,,,,,,,,,,,,,
19th Oct 2024 18:00,151,,,,,,,,,,,,,,,,,,,,,,,,,,,,,,,
19th Oct 2024 19:00,100,,,,,,,,,,,,,,,,,,,,,,,,,,,,,,,
19th Oct 2024 20:00,114,,,,,,,,,,,,,,,,,,,,,,,,,,,,,,,
19th Oct 2024 21:00,74,,,,,,,,,,,,,,,,,,,,,,,,,,,,,,,
19th Oct 2024 22:00,34,,,,,,,,,,,,,,,,,,,,,,,,,,,,,,,
19th Oct 2024 23:00,34,,,,,,,,,,,,,,,,,,,,,,,,,,,,,,,
20th Oct 2024 00:00,10,,,,,,,,,,,,,,,,,,,,,,,,,,,,,,,
20th Oct 2024 01:00,5,,,,,,,,,,,,,,,,,,,,,,,,,,,,,,,
20th Oct 2024 02:00,3,,,,,,,,,,,,,,,,,,,,,,,,,,,,,,,
20th Oct 2024 03:00,0,,,,,,,,,,,,,,,,,,,,,,,,,,,,,,,
20th Oct 2024 04:00,1,,,,,,,,,,,,,,,,,,,,,,,,,,,,,,,
20th Oct 2024 05:00,7,,,,,,,,,,,,,,,,,,,,,,,,,,,,,,,
20th Oct 2024 06:00,4,,,,,,,,,,,,,,,,,,,,,,,,,,,,,,,
20th Oct 2024 07:00,28,,,,,,,,,,,,,,,,,,,,,,,,,,,,,,,
20th Oct 2024 08:00,45,,,,,,,,,,,,,,,,,,,,,,,,,,,,,,,
20th Oct 2024 09:00,54,,,,,,,,,,,,,,,,,,,,,,,,,,,,,,,
20th Oct 2024 10:00,55,,,,,,,,,,,,,,,,,,,,,,,,,,,,,,,
20th Oct 2024 11:00,72,,,,,,,,,,,,,,,,,,,,,,,,,,,,,,,
20th Oct 2024 12:00,57,,,,,,,,,,,,,,,,,,,,,,,,,,,,,,,
20th Oct 2024 13:00,61,,,,,,,,,,,,,,,,,,,,,,,,,,,,,,,
20th Oct 2024 14:00,86,,,,,,,,,,,,,,,,,,,,,,,,,,,,,,,
20th Oct 2024 15:00,57,,,,,,,,,,,,,,,,,,,,,,,,,,,,,,,
20th Oct 2024 16:00,84,,,,,,,,,,,,,,,,,,,,,,,,,,,,,,,
20th Oct 2024 17:00,123,,,,,,,,,,,,,,,,,,,,,,,,,,,,,,,
20th Oct 2024 18:00,99,,,,,,,,,,,,,,,,,,,,,,,,,,,,,,,
20th Oct 2024 19:00,82,,,,,,,,,,,,,,,,,,,,,,,,,,,,,,,
20th Oct 2024 20:00,97,,,,,,,,,,,,,,,,,,,,,,,,,,,,,,,
20th Oct 2024 21:00,34,,,,,,,,,,,,,,,,,,,,,,,,,,,,,,,
20th Oct 2024 22:00,24,,,,,,,,,,,,,,,,,,,,,,,,,,,,,,,
20th Oct 2024 23:00,12,,,,,,,,,,,,,,,,,,,,,,,,,,,,,,,
21st Oct 2024 00:00,3,,,,,,,,,,,,,,,,,,,,,,,,,,,,,,,
21st Oct 2024 01:00,1,,,,,,,,,,,,,,,,,,,,,,,,,,,,,,,
21st Oct 2024 02:00,0,,,,,,,,,,,,,,,,,,,,,,,,,,,,,,,
21st Oct 2024 03:00,0,,,,,,,,,,,,,,,,,,,,,,,,,,,,,,,
21st Oct 2024 04:00,0,,,,,,,,,,,,,,,,,,,,,,,,,,,,,,,
21st Oct 2024 05:00,10,,,,,,,,,,,,,,,,,,,,,,,,,,,,,,,
21st Oct 2024 06:00,31,,,,,,,,,,,,,,,,,,,,,,,,,,,,,,,
21st Oct 2024 07:00,76,,,,,,,,,,,,,,,,,,,,,,,,,,,,,,,
21st Oct 2024 08:00,82,,,,,,,,,,,,,,,,,,,,,,,,,,,,,,,
21st Oct 2024 09:00,59,,,,,,,,,,,,,,,,,,,,,,,,,,,,,,,
21st Oct 2024 10:00,62,,,,,,,,,,,,,,,,,,,,,,,,,,,,,,,
21st Oct 2024 11:00,35,,,,,,,,,,,,,,,,,,,,,,,,,,,,,,,
21st Oct 2024 12:00,58,,,,,,,,,,,,,,,,,,,,,,,,,,,,,,,
21st Oct 2024 13:00,62,,,,,,,,,,,,,,,,,,,,,,,,,,,,,,,
21st Oct 2024 14:00,46,,,,,,,,,,,,,,,,,,,,,,,,,,,,,,,
21st Oct 2024 15:00,114,,,,,,,,,,,,,,,,,,,,,,,,,,,,,,,
21st Oct 2024 16:00,91,,,,,,,,,,,,,,,,,,,,,,,,,,,,,,,
21st Oct 2024 17:00,88,,,,,,,,,,,,,,,,,,,,,,,,,,,,,,,
21st Oct 2024 18:00,91,,,,,,,,,,,,,,,,,,,,,,,,,,,,,,,
21st Oct 2024 19:00,64,,,,,,,,,,,,,,,,,,,,,,,,,,,,,,,
21st Oct 2024 20:00,50,,,,,,,,,,,,,,,,,,,,,,,,,,,,,,,
21st Oct 2024 21:00,27,,,,,,,,,,,,,,,,,,,,,,,,,,,,,,,
21st Oct 2024 22:00,15,,,,,,,,,,,,,,,,,,,,,,,,,,,,,,,
21st Oct 2024 23:00,5,,,,,,,,,,,,,,,,,,,,,,,,,,,,,,,
22nd Oct 2024 00:00,3,,,,,,,,,,,,,,,,,,,,,,,,,,,,,,,
22nd Oct 2024 01:00,0,,,,,,,,,,,,,,,,,,,,,,,,,,,,,,,
22nd Oct 2024 02:00,0,,,,,,,,,,,,,,,,,,,,,,,,,,,,,,,
22nd Oct 2024 03:00,0,,,,,,,,,,,,,,,,,,,,,,,,,,,,,,,
22nd Oct 2024 04:00,0,,,,,,,,,,,,,,,,,,,,,,,,,,,,,,,
22nd Oct 2024 05:00,12,,,,,,,,,,,,,,,,,,,,,,,,,,,,,,,
22nd Oct 2024 06:00,42,,,,,,,,,,,,,,,,,,,,,,,,,,,,,,,
22nd Oct 2024 07:00,99,,,,,,,,,,,,,,,,,,,,,,,,,,,,,,,
22nd Oct 2024 08:00,113,,,,,,,,,,,,,,,,,,,,,,,,,,,,,,,
22nd Oct 2024 09:00,74,,,,,,,,,,,,,,,,,,,,,,,,,,,,,,,
22nd Oct 2024 10:00,37,,,,,,,,,,,,,,,,,,,,,,,,,,,,,,,
22nd Oct 2024 11:00,61,,,,,,,,,,,,,,,,,,,,,,,,,,,,,,,
22nd Oct 2024 12:00,72,,,,,,,,,,,,,,,,,,,,,,,,,,,,,,,
22nd Oct 2024 13:00,104,,,,,,,,,,,,,,,,,,,,,,,,,,,,,,,
22nd Oct 2024 14:00,71,,,,,,,,,,,,,,,,,,,,,,,,,,,,,,,
22nd Oct 2024 15:00,100,,,,,,,,,,,,,,,,,,,,,,,,,,,,,,,
22nd Oct 2024 16:00,98,,,,,,,,,,,,,,,,,,,,,,,,,,,,,,,
22nd Oct 2024 17:00,133,,,,,,,,,,,,,,,,,,,,,,,,,,,,,,,
22nd Oct 2024 18:00,122,,,,,,,,,,,,,,,,,,,,,,,,,,,,,,,
22nd Oct 2024 19:00,122,,,,,,,,,,,,,,,,,,,,,,,,,,,,,,,
22nd Oct 2024 20:00,86,,,,,,,,,,,,,,,,,,,,,,,,,,,,,,,
22nd Oct 2024 21:00,57,,,,,,,,,,,,,,,,,,,,,,,,,,,,,,,
22nd Oct 2024 22:00,16,,,,,,,,,,,,,,,,,,,,,,,,,,,,,,,
22nd Oct 2024 23:00,7,,,,,,,,,,,,,,,,,,,,,,,,,,,,,,,
23rd Oct 2024 00:00,3,,,,,,,,,,,,,,,,,,,,,,,,,,,,,,,
23rd Oct 2024 01:00,0,,,,,,,,,,,,,,,,,,,,,,,,,,,,,,,
23rd Oct 2024 02:00,0,,,,,,,,,,,,,,,,,,,,,,,,,,,,,,,
23rd Oct 2024 03:00,0,,,,,,,,,,,,,,,,,,,,,,,,,,,,,,,
23rd Oct 2024 04:00,0,,,,,,,,,,,,,,,,,,,,,,,,,,,,,,,
23rd Oct 2024 05:00,14,,,,,,,,,,,,,,,,,,,,,,,,,,,,,,,
23rd Oct 2024 06:00,49,,,,,,,,,,,,,,,,,,,,,,,,,,,,,,,
23rd Oct 2024 07:00,99,,,,,,,,,,,,,,,,,,,,,,,,,,,,,,,
23rd Oct 2024 08:00,101,,,,,,,,,,,,,,,,,,,,,,,,,,,,,,,
23rd Oct 2024 09:00,73,,,,,,,,,,,,,,,,,,,,,,,,,,,,,,,
23rd Oct 2024 10:00,61,,,,,,,,,,,,,,,,,,,,,,,,,,,,,,,
23rd Oct 2024 11:00,56,,,,,,,,,,,,,,,,,,,,,,,,,,,,,,,
23rd Oct 2024 12:00,61,,,,,,,,,,,,,,,,,,,,,,,,,,,,,,,
23rd Oct 2024 13:00,56,,,,,,,,,,,,,,,,,,,,,,,,,,,,,,,
23rd Oct 2024 14:00,67,,,,,,,,,,,,,,,,,,,,,,,,,,,,,,,
23rd Oct 2024 15:00,109,,,,,,,,,,,,,,,,,,,,,,,,,,,,,,,
23rd Oct 2024 16:00,85,,,,,,,,,,,,,,,,,,,,,,,,,,,,,,,
23rd Oct 2024 17:00,145,,,,,,,,,,,,,,,,,,,,,,,,,,,,,,,
23rd Oct 2024 18:00,148,,,,,,,,,,,,,,,,,,,,,,,,,,,,,,,
23rd Oct 2024 19:00,94,,,,,,,,,,,,,,,,,,,,,,,,,,,,,,,
23rd Oct 2024 20:00,103,,,,,,,,,,,,,,,,,,,,,,,,,,,,,,,
23rd Oct 2024 21:00,63,,,,,,,,,,,,,,,,,,,,,,,,,,,,,,,
23rd Oct 2024 22:00,24,,,,,,,,,,,,,,,,,,,,,,,,,,,,,,,
23rd Oct 2024 23:00,7,,,,,,,,,,,,,,,,,,,,,,,,,,,,,,,
24th Oct 2024 00:00,4,,,,,,,,,,,,,,,,,,,,,,,,,,,,,,,
24th Oct 2024 01:00,0,,,,,,,,,,,,,,,,,,,,,,,,,,,,,,,
24th Oct 2024 02:00,1,,,,,,,,,,,,,,,,,,,,,,,,,,,,,,,
24th Oct 2024 03:00,1,,,,,,,,,,,,,,,,,,,,,,,,,,,,,,,
24th Oct 2024 04:00,0,,,,,,,,,,,,,,,,,,,,,,,,,,,,,,,
24th Oct 2024 05:00,11,,,,,,,,,,,,,,,,,,,,,,,,,,,,,,,
24th Oct 2024 06:00,35,,,,,,,,,,,,,,,,,,,,,,,,,,,,,,,
24th Oct 2024 07:00,84,,,,,,,,,,,,,,,,,,,,,,,,,,,,,,,
24th Oct 2024 08:00,105,,,,,,,,,,,,,,,,,,,,,,,,,,,,,,,
24th Oct 2024 09:00,66,,,,,,,,,,,,,,,,,,,,,,,,,,,,,,,
24th Oct 2024 10:00,47,,,,,,,,,,,,,,,,,,,,,,,,,,,,,,,
24th Oct 2024 11:00,70,,,,,,,,,,,,,,,,,,,,,,,,,,,,,,,
24th Oct 2024 12:00,68,,,,,,,,,,,,,,,,,,,,,,,,,,,,,,,
24th Oct 2024 13:00,80,,,,,,,,,,,,,,,,,,,,,,,,,,,,,,,
24th Oct 2024 14:00,65,,,,,,,,,,,,,,,,,,,,,,,,,,,,,,,
24th Oct 2024 15:00,95,,,,,,,,,,,,,,,,,,,,,,,,,,,,,,,
24th Oct 2024 16:00,120,,,,,,,,,,,,,,,,,,,,,,,,,,,,,,,
24th Oct 2024 17:00,170,,,,,,,,,,,,,,,,,,,,,,,,,,,,,,,
24th Oct 2024 18:00,235,,,,,,,,,,,,,,,,,,,,,,,,,,,,,,,
24th Oct 2024 19:00,216,,,,,,,,,,,,,,,,,,,,,,,,,,,,,,,
24th Oct 2024 20:00,146,,,,,,,,,,,,,,,,,,,,,,,,,,,,,,,
24th Oct 2024 21:00,89,,,,,,,,,,,,,,,,,,,,,,,,,,,,,,,
24th Oct 2024 22:00,50,,,,,,,,,,,,,,,,,,,,,,,,,,,,,,,
24th Oct 2024 23:00,18,,,,,,,,,,,,,,,,,,,,,,,,,,,,,,,
25th Oct 2024 00:00,3,,,,,,,,,,,,,,,,,,,,,,,,,,,,,,,
25th Oct 2024 01:00,0,,,,,,,,,,,,,,,,,,,,,,,,,,,,,,,
25th Oct 2024 02:00,1,,,,,,,,,,,,,,,,,,,,,,,,,,,,,,,
25th Oct 2024 03:00,0,,,,,,,,,,,,,,,,,,,,,,,,,,,,,,,
25th Oct 2024 04:00,1,,,,,,,,,,,,,,,,,,,,,,,,,,,,,,,
25th Oct 2024 05:00,13,,,,,,,,,,,,,,,,,,,,,,,,,,,,,,,
25th Oct 2024 06:00,35,,,,,,,,,,,,,,,,,,,,,,,,,,,,,,,
25th Oct 2024 07:00,73,,,,,,,,,,,,,,,,,,,,,,,,,,,,,,,
25th Oct 2024 08:00,129,,,,,,,,,,,,,,,,,,,,,,,,,,,,,,,
25th Oct 2024 09:00,68,,,,,,,,,,,,,,,,,,,,,,,,,,,,,,,
25th Oct 2024 10:00,54,,,,,,,,,,,,,,,,,,,,,,,,,,,,,,,
25th Oct 2024 11:00,57,,,,,,,,,,,,,,,,,,,,,,,,,,,,,,,
25th Oct 2024 12:00,99,,,,,,,,,,,,,,,,,,,,,,,,,,,,,,,
25th Oct 2024 13:00,74,,,,,,,,,,,,,,,,,,,,,,,,,,,,,,,
25th Oct 2024 14:00,67,,,,,,,,,,,,,,,,,,,,,,,,,,,,,,,
25th Oct 2024 15:00,150,,,,,,,,,,,,,,,,,,,,,,,,,,,,,,,
25th Oct 2024 16:00,124,,,,,,,,,,,,,,,,,,,,,,,,,,,,,,,
25th Oct 2024 17:00,101,,,,,,,,,,,,,,,,,,,,,,,,,,,,,,,
25th Oct 2024 18:00,145,,,,,,,,,,,,,,,,,,,,,,,,,,,,,,,
25th Oct 2024 19:00,171,,,,,,,,,,,,,,,,,,,,,,,,,,,,,,,
25th Oct 2024 20:00,92,,,,,,,,,,,,,,,,,,,,,,,,,,,,,,,
25th Oct 2024 21:00,61,,,,,,,,,,,,,,,,,,,,,,,,,,,,,,,
25th Oct 2024 22:00,38,,,,,,,,,,,,,,,,,,,,,,,,,,,,,,,
25th Oct 2024 23:00,19,,,,,,,,,,,,,,,,,,,,,,,,,,,,,,,
26th Oct 2024 00:00,5,,,,,,,,,,,,,,,,,,,,,,,,,,,,,,,
26th Oct 2024 01:00,3,,,,,,,,,,,,,,,,,,,,,,,,,,,,,,,
26th Oct 2024 02:00,2,,,,,,,,,,,,,,,,,,,,,,,,,,,,,,,
26th Oct 2024 03:00,0,,,,,,,,,,,,,,,,,,,,,,,,,,,,,,,
26th Oct 2024 04:00,0,,,,,,,,,,,,,,,,,,,,,,,,,,,,,,,
26th Oct 2024 05:00,1,,,,,,,,,,,,,,,,,,,,,,,,,,,,,,,
26th Oct 2024 06:00,21,,,,,,,,,,,,,,,,,,,,,,,,,,,,,,,
26th Oct 2024 07:00,31,,,,,,,,,,,,,,,,,,,,,,,,,,,,,,,
26th Oct 2024 08:00,51,,,,,,,,,,,,,,,,,,,,,,,,,,,,,,,
26th Oct 2024 09:00,71,,,,,,,,,,,,,,,,,,,,,,,,,,,,,,,
26th Oct 2024 10:00,82,,,,,,,,,,,,,,,,,,,,,,,,,,,,,,,
26th Oct 2024 11:00,64,,,,,,,,,,,,,,,,,,,,,,,,,,,,,,,
26th Oct 2024 12:00,63,,,,,,,,,,,,,,,,,,,,,,,,,,,,,,,
26th Oct 2024 13:00,88,,,,,,,,,,,,,,,,,,,,,,,,,,,,,,,
26th Oct 2024 14:00,63,,,,,,,,,,,,,,,,,,,,,,,,,,,,,,,
26th Oct 2024 15:00,109,,,,,,,,,,,,,,,,,,,,,,,,,,,,,,,
26th Oct 2024 16:00,80,,,,,,,,,,,,,,,,,,,,,,,,,,,,,,,
26th Oct 2024 17:00,130,,,,,,,,,,,,,,,,,,,,,,,,,,,,,,,
26th Oct 2024 18:00,133,,,,,,,,,,,,,,,,,,,,,,,,,,,,,,,
26th Oct 2024 19:00,142,,,,,,,,,,,,,,,,,,,,,,,,,,,,,,,
26th Oct 2024 20:00,105,,,,,,,,,,,,,,,,,,,,,,,,,,,,,,,
26th Oct 2024 21:00,59,,,,,,,,,,,,,,,,,,,,,,,,,,,,,,,
26th Oct 2024 22:00,45,,,,,,,,,,,,,,,,,,,,,,,,,,,,,,,
26th Oct 2024 23:00,20,,,,,,,,,,,,,,,,,,,,,,,,,,,,,,,
27th Oct 2024 00:00,3,,,,,,,,,,,,,,,,,,,,,,,,,,,,,,,
27th Oct 2024 01:00,1,,,,,,,,,,,,,,,,,,,,,,,,,,,,,,,
27th Oct 2024 02:00,6,,,,,,,,,,,,,,,,,,,,,,,,,,,,,,,
27th Oct 2024 03:00,4,,,,,,,,,,,,,,,,,,,,,,,,,,,,,,,
27th Oct 2024 04:00,2,,,,,,,,,,,,,,,,,,,,,,,,,,,,,,,
27th Oct 2024 05:00,4,,,,,,,,,,,,,,,,,,,,,,,,,,,,,,,
27th Oct 2024 06:00,11,,,,,,,,,,,,,,,,,,,,,,,,,,,,,,,
27th Oct 2024 07:00,25,,,,,,,,,,,,,,,,,,,,,,,,,,,,,,,
27th Oct 2024 08:00,40,,,,,,,,,,,,,,,,,,,,,,,,,,,,,,,
27th Oct 2024 09:00,63,,,,,,,,,,,,,,,,,,,,,,,,,,,,,,,
27th Oct 2024 10:00,58,,,,,,,,,,,,,,,,,,,,,,,,,,,,,,,
27th Oct 2024 11:00,86,,,,,,,,,,,,,,,,,,,,,,,,,,,,,,,
27th Oct 2024 12:00,80,,,,,,,,,,,,,,,,,,,,,,,,,,,,,,,
27th Oct 2024 13:00,92,,,,,,,,,,,,,,,,,,,,,,,,,,,,,,,
27th Oct 2024 14:00,48,,,,,,,,,,,,,,,,,,,,,,,,,,,,,,,
27th Oct 2024 15:00,78,,,,,,,,,,,,,,,,,,,,,,,,,,,,,,,
27th Oct 2024 16:00,70,,,,,,,,,,,,,,,,,,,,,,,,,,,,,,,
27th Oct 2024 17:00,92,,,,,,,,,,,,,,,,,,,,,,,,,,,,,,,
27th Oct 2024 18:00,121,,,,,,,,,,,,,,,,,,,,,,,,,,,,,,,
27th Oct 2024 19:00,80,,,,,,,,,,,,,,,,,,,,,,,,,,,,,,,
27th Oct 2024 20:00,71,,,,,,,,,,,,,,,,,,,,,,,,,,,,,,,
27th Oct 2024 21:00,48,,,,,,,,,,,,,,,,,,,,,,,,,,,,,,,
27th Oct 2024 22:00,19,,,,,,,,,,,,,,,,,,,,,,,,,,,,,,,
27th Oct 2024 23:00,7,,,,,,,,,,,,,,,,,,,,,,,,,,,,,,,
28th Oct 2024 00:00,3,,,,,,,,,,,,,,,,,,,,,,,,,,,,,,,
28th Oct 2024 01:00,0,,,,,,,,,,,,,,,,,,,,,,,,,,,,,,,
28th Oct 2024 02:00,0,,,,,,,,,,,,,,,,,,,,,,,,,,,,,,,
28th Oct 2024 03:00,1,,,,,,,,,,,,,,,,,,,,,,,,,,,,,,,
28th Oct 2024 04:00,1,,,,,,,,,,,,,,,,,,,,,,,,,,,,,,,
28th Oct 2024 05:00,14,,,,,,,,,,,,,,,,,,,,,,,,,,,,,,,
28th Oct 2024 06:00,46,,,,,,,,,,,,,,,,,,,,,,,,,,,,,,,
28th Oct 2024 07:00,77,,,,,,,,,,,,,,,,,,,,,,,,,,,,,,,
28th Oct 2024 08:00,99,,,,,,,,,,,,,,,,,,,,,,,,,,,,,,,
28th Oct 2024 09:00,63,,,,,,,,,,,,,,,,,,,,,,,,,,,,,,,
28th Oct 2024 10:00,46,,,,,,,,,,,,,,,,,,,,,,,,,,,,,,,
28th Oct 2024 11:00,72,,,,,,,,,,,,,,,,,,,,,,,,,,,,,,,
28th Oct 2024 12:00,63,,,,,,,,,,,,,,,,,,,,,,,,,,,,,,,
28th Oct 2024 13:00,53,,,,,,,,,,,,,,,,,,,,,,,,,,,,,,,
28th Oct 2024 14:00,44,,,,,,,,,,,,,,,,,,,,,,,,,,,,,,,
28th Oct 2024 15:00,110,,,,,,,,,,,,,,,,,,,,,,,,,,,,,,,
28th Oct 2024 16:00,97,,,,,,,,,,,,,,,,,,,,,,,,,,,,,,,
28th Oct 2024 17:00,128,,,,,,,,,,,,,,,,,,,,,,,,,,,,,,,
28th Oct 2024 18:00,114,,,,,,,,,,,,,,,,,,,,,,,,,,,,,,,
28th Oct 2024 19:00,65,,,,,,,,,,,,,,,,,,,,,,,,,,,,,,,
28th Oct 2024 20:00,59,,,,,,,,,,,,,,,,,,,,,,,,,,,,,,,
28th Oct 2024 21:00,38,,,,,,,,,,,,,,,,,,,,,,,,,,,,,,,
28th Oct 2024 22:00,10,,,,,,,,,,,,,,,,,,,,,,,,,,,,,,,
28th Oct 2024 23:00,7,,,,,,,,,,,,,,,,,,,,,,,,,,,,,,,
29th Oct 2024 00:00,1,,,,,,,,,,,,,,,,,,,,,,,,,,,,,,,
29th Oct 2024 01:00,1,,,,,,,,,,,,,,,,,,,,,,,,,,,,,,,
29th Oct 2024 02:00,0,,,,,,,,,,,,,,,,,,,,,,,,,,,,,,,
29th Oct 2024 03:00,0,,,,,,,,,,,,,,,,,,,,,,,,,,,,,,,
29th Oct 2024 04:00,0,,,,,,,,,,,,,,,,,,,,,,,,,,,,,,,
29th Oct 2024 05:00,14,,,,,,,,,,,,,,,,,,,,,,,,,,,,,,,
29th Oct 2024 06:00,46,,,,,,,,,,,,,,,,,,,,,,,,,,,,,,,
29th Oct 2024 07:00,86,,,,,,,,,,,,,,,,,,,,,,,,,,,,,,,
29th Oct 2024 08:00,99,,,,,,,,,,,,,,,,,,,,,,,,,,,,,,,
29th Oct 2024 09:00,52,,,,,,,,,,,,,,,,,,,,,,,,,,,,,,,
29th Oct 2024 10:00,66,,,,,,,,,,,,,,,,,,,,,,,,,,,,,,,
29th Oct 2024 11:00,69,,,,,,,,,,,,,,,,,,,,,,,,,,,,,,,
29th Oct 2024 12:00,57,,,,,,,,,,,,,,,,,,,,,,,,,,,,,,,
29th Oct 2024 13:00,75,,,,,,,,,,,,,,,,,,,,,,,,,,,,,,,
29th Oct 2024 14:00,46,,,,,,,,,,,,,,,,,,,,,,,,,,,,,,,
29th Oct 2024 15:00,130,,,,,,,,,,,,,,,,,,,,,,,,,,,,,,,
29th Oct 2024 16:00,100,,,,,,,,,,,,,,,,,,,,,,,,,,,,,,,
29th Oct 2024 17:00,114,,,,,,,,,,,,,,,,,,,,,,,,,,,,,,,
29th Oct 2024 18:00,112,,,,,,,,,,,,,,,,,,,,,,,,,,,,,,,
29th Oct 2024 19:00,88,,,,,,,,,,,,,,,,,,,,,,,,,,,,,,,
29th Oct 2024 20:00,70,,,,,,,,,,,,,,,,,,,,,,,,,,,,,,,
29th Oct 2024 21:00,45,,,,,,,,,,,,,,,,,,,,,,,,,,,,,,,
29th Oct 2024 22:00,20,,,,,,,,,,,,,,,,,,,,,,,,,,,,,,,
29th Oct 2024 23:00,9,,,,,,,,,,,,,,,,,,,,,,,,,,,,,,,
30th Oct 2024 00:00,1,,,,,,,,,,,,,,,,,,,,,,,,,,,,,,,
30th Oct 2024 01:00,0,,,,,,,,,,,,,,,,,,,,,,,,,,,,,,,
30th Oct 2024 02:00,0,,,,,,,,,,,,,,,,,,,,,,,,,,,,,,,
30th Oct 2024 03:00,0,,,,,,,,,,,,,,,,,,,,,,,,,,,,,,,
30th Oct 2024 04:00,2,,,,,,,,,,,,,,,,,,,,,,,,,,,,,,,
30th Oct 2024 05:00,16,,,,,,,,,,,,,,,,,,,,,,,,,,,,,,,
30th Oct 2024 06:00,31,,,,,,,,,,,,,,,,,,,,,,,,,,,,,,,
30th Oct 2024 07:00,89,,,,,,,,,,,,,,,,,,,,,,,,,,,,,,,
30th Oct 2024 08:00,117,,,,,,,,,,,,,,,,,,,,,,,,,,,,,,,
30th Oct 2024 09:00,76,,,,,,,,,,,,,,,,,,,,,,,,,,,,,,,
30th Oct 2024 10:00,64,,,,,,,,,,,,,,,,,,,,,,,,,,,,,,,
30th Oct 2024 11:00,64,,,,,,,,,,,,,,,,,,,,,,,,,,,,,,,
30th Oct 2024 12:00,85,,,,,,,,,,,,,,,,,,,,,,,,,,,,,,,
30th Oct 2024 13:00,83,,,,,,,,,,,,,,,,,,,,,,,,,,,,,,,
30th Oct 2024 14:00,63,,,,,,,,,,,,,,,,,,,,,,,,,,,,,,,
30th Oct 2024 15:00,114,,,,,,,,,,,,,,,,,,,,,,,,,,,,,,,
30th Oct 2024 16:00,106,,,,,,,,,,,,,,,,,,,,,,,,,,,,,,,
30th Oct 2024 17:00,102,,,,,,,,,,,,,,,,,,,,,,,,,,,,,,,
30th Oct 2024 18:00,152,,,,,,,,,,,,,,,,,,,,,,,,,,,,,,,
30th Oct 2024 19:00,128,,,,,,,,,,,,,,,,,,,,,,,,,,,,,,,
30th Oct 2024 20:00,92,,,,,,,,,,,,,,,,,,,,,,,,,,,,,,,
30th Oct 2024 21:00,32,,,,,,,,,,,,,,,,,,,,,,,,,,,,,,,
30th Oct 2024 22:00,53,,,,,,,,,,,,,,,,,,,,,,,,,,,,,,,
30th Oct 2024 23:00,10,,,,,,,,,,,,,,,,,,,,,,,,,,,,,,,
31st Oct 2024 00:00,0,,,,,,,,,,,,,,,,,,,,,,,,,,,,,,,
31st Oct 2024 01:00,1,,,,,,,,,,,,,,,,,,,,,,,,,,,,,,,
31st Oct 2024 02:00,0,,,,,,,,,,,,,,,,,,,,,,,,,,,,,,,
31st Oct 2024 03:00,0,,,,,,,,,,,,,,,,,,,,,,,,,,,,,,,
31st Oct 2024 04:00,3,,,,,,,,,,,,,,,,,,,,,,,,,,,,,,,
31st Oct 2024 05:00,24,,,,,,,,,,,,,,,,,,,,,,,,,,,,,,,
31st Oct 2024 06:00,37,,,,,,,,,,,,,,,,,,,,,,,,,,,,,,,
31st Oct 2024 07:00,83,,,,,,,,,,,,,,,,,,,,,,,,,,,,,,,
31st Oct 2024 08:00,110,,,,,,,,,,,,,,,,,,,,,,,,,,,,,,,
31st Oct 2024 09:00,77,,,,,,,,,,,,,,,,,,,,,,,,,,,,,,,
31st Oct 2024 10:00,57,,,,,,,,,,,,,,,,,,,,,,,,,,,,,,,
31st Oct 2024 11:00,63,,,,,,,,,,,,,,,,,,,,,,,,,,,,,,,
31st Oct 2024 12:00,61,,,,,,,,,,,,,,,,,,,,,,,,,,,,,,,
31st Oct 2024 13:00,68,,,,,,,,,,,,,,,,,,,,,,,,,,,,,,,
31st Oct 2024 14:00,53,,,,,,,,,,,,,,,,,,,,,,,,,,,,,,,
31st Oct 2024 15:00,87,,,,,,,,,,,,,,,,,,,,,,,,,,,,,,,
31st Oct 2024 16:00,136,,,,,,,,,,,,,,,,,,,,,,,,,,,,,,,
31st Oct 2024 17:00,287,,,,,,,,,,,,,,,,,,,,,,,,,,,,,,,
31st Oct 2024 18:00,318,,,,,,,,,,,,,,,,,,,,,,,,,,,,,,,
31st Oct 2024 19:00,224,,,,,,,,,,,,,,,,,,,,,,,,,,,,,,,
31st Oct 2024 20:00,163,,,,,,,,,,,,,,,,,,,,,,,,,,,,,,,
31st Oct 2024 21:00,81,,,,,,,,,,,,,,,,,,,,,,,,,,,,,,,
31st Oct 2024 22:00,54,,,,,,,,,,,,,,,,,,,,,,,,,,,,,,,
31st Oct 2024 23:00,27,,,,,,,,,,,,,,,,,,,,,,,,,,,,,,,
1st Nov 2024 00:00,3,,,,,,,,,,,,,,,,,,,,,,,,,,,,,,,
1st Nov 2024 01:00,0,,,,,,,,,,,,,,,,,,,,,,,,,,,,,,,
1st Nov 2024 02:00,1,,,,,,,,,,,,,,,,,,,,,,,,,,,,,,,
1st Nov 2024 03:00,0,,,,,,,,,,,,,,,,,,,,,,,,,,,,,,,
1st Nov 2024 04:00,1,,,,,,,,,,,,,,,,,,,,,,,,,,,,,,,
1st Nov 2024 05:00,17,,,,,,,,,,,,,,,,,,,,,,,,,,,,,,,
1st Nov 2024 06:00,37,,,,,,,,,,,,,,,,,,,,,,,,,,,,,,,
1st Nov 2024 07:00,90,,,,,,,,,,,,,,,,,,,,,,,,,,,,,,,
1st Nov 2024 08:00,107,,,,,,,,,,,,,,,,,,,,,,,,,,,,,,,
1st Nov 2024 09:00,72,,,,,,,,,,,,,,,,,,,,,,,,,,,,,,,
1st Nov 2024 10:00,69,,,,,,,,,,,,,,,,,,,,,,,,,,,,,,,
1st Nov 2024 11:00,66,,,,,,,,,,,,,,,,,,,,,,,,,,,,,,,
1st Nov 2024 12:00,71,,,,,,,,,,,,,,,,,,,,,,,,,,,,,,,
1st Nov 2024 13:00,62,,,,,,,,,,,,,,,,,,,,,,,,,,,,,,,
1st Nov 2024 14:00,62,,,,,,,,,,,,,,,,,,,,,,,,,,,,,,,
1st Nov 2024 15:00,127,,,,,,,,,,,,,,,,,,,,,,,,,,,,,,,
1st Nov 2024 16:00,107,,,,,,,,,,,,,,,,,,,,,,,,,,,,,,,
1st Nov 2024 17:00,130,,,,,,,,,,,,,,,,,,,,,,,,,,,,,,,
1st Nov 2024 18:00,145,,,,,,,,,,,,,,,,,,,,,,,,,,,,,,,
1st Nov 2024 19:00,135,,,,,,,,,,,,,,,,,,,,,,,,,,,,,,,
1st Nov 2024 20:00,109,,,,,,,,,,,,,,,,,,,,,,,,,,,,,,,
1st Nov 2024 21:00,55,,,,,,,,,,,,,,,,,,,,,,,,,,,,,,,
1st Nov 2024 22:00,37,,,,,,,,,,,,,,,,,,,,,,,,,,,,,,,
1st Nov 2024 23:00,18,,,,,,,,,,,,,,,,,,,,,,,,,,,,,,,
2nd Nov 2024 00:00,4,,,,,,,,,,,,,,,,,,,,,,,,,,,,,,,
2nd Nov 2024 01:00,4,,,,,,,,,,,,,,,,,,,,,,,,,,,,,,,
2nd Nov 2024 02:00,1,,,,,,,,,,,,,,,,,,,,,,,,,,,,,,,
2nd Nov 2024 03:00,1,,,,,,,,,,,,,,,,,,,,,,,,,,,,,,,
2nd Nov 2024 04:00,2,,,,,,,,,,,,,,,,,,,,,,,,,,,,,,,
2nd Nov 2024 05:00,4,,,,,,,,,,,,,,,,,,,,,,,,,,,,,,,
2nd Nov 2024 06:00,18,,,,,,,,,,,,,,,,,,,,,,,,,,,,,,,
2nd Nov 2024 07:00,29,,,,,,,,,,,,,,,,,,,,,,,,,,,,,,,
2nd Nov 2024 08:00,68,,,,,,,,,,,,,,,,,,,,,,,,,,,,,,,
2nd Nov 2024 09:00,87,,,,,,,,,,,,,,,,,,,,,,,,,,,,,,,
2nd Nov 2024 10:00,63,,,,,,,,,,,,,,,,,,,,,,,,,,,,,,,
2nd Nov 2024 11:00,80,,,,,,,,,,,,,,,,,,,,,,,,,,,,,,,
2nd Nov 2024 12:00,64,,,,,,,,,,,,,,,,,,,,,,,,,,,,,,,
2nd Nov 2024 13:00,65,,,,,,,,,,,,,,,,,,,,,,,,,,,,,,,
2nd Nov 2024 14:00,68,,,,,,,,,,,,,,,,,,,,,,,,,,,,,,,
2nd Nov 2024 15:00,88,,,,,,,,,,,,,,,,,,,,,,,,,,,,,,,
2nd Nov 2024 16:00,65,,,,,,,,,,,,,,,,,,,,,,,,,,,,,,,
2nd Nov 2024 17:00,129,,,,,,,,,,,,,,,,,,,,,,,,,,,,,,,
2nd Nov 2024 18:00,125,,,,,,,,,,,,,,,,,,,,,,,,,,,,,,,
2nd Nov 2024 19:00,119,,,,,,,,,,,,,,,,,,,,,,,,,,,,,,,
2nd Nov 2024 20:00,140,,,,,,,,,,,,,,,,,,,,,,,,,,,,,,,
2nd Nov 2024 21:00,56,,,,,,,,,,,,,,,,,,,,,,,,,,,,,,,
2nd Nov 2024 22:00,60,,,,,,,,,,,,,,,,,,,,,,,,,,,,,,,
2nd Nov 2024 23:00,10,,,,,,,,,,,,,,,,,,,,,,,,,,,,,,,
3rd Nov 2024 00:00,3,,,,,,,,,,,,,,,,,,,,,,,,,,,,,,,
3rd Nov 2024 01:00,3,,,,,,,,,,,,,,,,,,,,,,,,,,,,,,,
3rd Nov 2024 02:00,2,,,,,,,,,,,,,,,,,,,,,,,,,,,,,,,
3rd Nov 2024 03:00,2,,,,,,,,,,,,,,,,,,,,,,,,,,,,,,,
3rd Nov 2024 04:00,0,,,,,,,,,,,,,,,,,,,,,,,,,,,,,,,
3rd Nov 2024 05:00,1,,,,,,,,,,,,,,,,,,,,,,,,,,,,,,,
3rd Nov 2024 06:00,17,,,,,,,,,,,,,,,,,,,,,,,,,,,,,,,
3rd Nov 2024 07:00,32,,,,,,,,,,,,,,,,,,,,,,,,,,,,,,,
3rd Nov 2024 08:00,38,,,,,,,,,,,,,,,,,,,,,,,,,,,,,,,
3rd Nov 2024 09:00,84,,,,,,,,,,,,,,,,,,,,,,,,,,,,,,,
3rd Nov 2024 10:00,84,,,,,,,,,,,,,,,,,,,,,,,,,,,,,,,
3rd Nov 2024 11:00,86,,,,,,,,,,,,,,,,,,,,,,,,,,,,,,,
3rd Nov 2024 12:00,85,,,,,,,,,,,,,,,,,,,,,,,,,,,,,,,
3rd Nov 2024 13:00,62,,,,,,,,,,,,,,,,,,,,,,,,,,,,,,,
3rd Nov 2024 14:00,60,,,,,,,,,,,,,,,,,,,,,,,,,,,,,,,
3rd Nov 2024 15:00,86,,,,,,,,,,,,,,,,,,,,,,,,,,,,,,,
3rd Nov 2024 16:00,86,,,,,,,,,,,,,,,,,,,,,,,,,,,,,,,
3rd Nov 2024 17:00,102,,,,,,,,,,,,,,,,,,,,,,,,,,,,,,,
3rd Nov 2024 18:00,132,,,,,,,,,,,,,,,,,,,,,,,,,,,,,,,
3rd Nov 2024 19:00,129,,,,,,,,,,,,,,,,,,,,,,,,,,,,,,,
3rd Nov 2024 20:00,70,,,,,,,,,,,,,,,,,,,,,,,,,,,,,,,
3rd Nov 2024 21:00,39,,,,,,,,,,,,,,,,,,,,,,,,,,,,,,,
3rd Nov 2024 22:00,36,,,,,,,,,,,,,,,,,,,,,,,,,,,,,,,
3rd Nov 2024 23:00,6,,,,,,,,,,,,,,,,,,,,,,,,,,,,,,,
4th Nov 2024 00:00,2,,,,,,,,,,,,,,,,,,,,,,,,,,,,,,,
4th Nov 2024 01:00,0,,,,,,,,,,,,,,,,,,,,,,,,,,,,,,,
4th Nov 2024 02:00,3,,,,,,,,,,,,,,,,,,,,,,,,,,,,,,,
4th Nov 2024 03:00,0,,,,,,,,,,,,,,,,,,,,,,,,,,,,,,,
4th Nov 2024 04:00,1,,,,,,,,,,,,,,,,,,,,,,,,,,,,,,,
4th Nov 2024 05:00,14,,,,,,,,,,,,,,,,,,,,,,,,,,,,,,,
4th Nov 2024 06:00,25,,,,,,,,,,,,,,,,,,,,,,,,,,,,,,,
4th Nov 2024 07:00,79,,,,,,,,,,,,,,,,,,,,,,,,,,,,,,,
4th Nov 2024 08:00,93,,,,,,,,,,,,,,,,,,,,,,,,,,,,,,,
4th Nov 2024 09:00,62,,,,,,,,,,,,,,,,,,,,,,,,,,,,,,,
4th Nov 2024 10:00,59,,,,,,,,,,,,,,,,,,,,,,,,,,,,,,,
4th Nov 2024 11:00,70,,,,,,,,,,,,,,,,,,,,,,,,,,,,,,,
4th Nov 2024 12:00,60,,,,,,,,,,,,,,,,,,,,,,,,,,,,,,,
4th Nov 2024 13:00,51,,,,,,,,,,,,,,,,,,,,,,,,,,,,,,,
4th Nov 2024 14:00,61,,,,,,,,,,,,,,,,,,,,,,,,,,,,,,,
4th Nov 2024 15:00,114,,,,,,,,,,,,,,,,,,,,,,,,,,,,,,,
4th Nov 2024 16:00,85,,,,,,,,,,,,,,,,,,,,,,,,,,,,,,,
4th Nov 2024 17:00,108,,,,,,,,,,,,,,,,,,,,,,,,,,,,,,,
4th Nov 2024 18:00,102,,,,,,,,,,,,,,,,,,,,,,,,,,,,,,,
4th Nov 2024 19:00,62,,,,,,,,,,,,,,,,,,,,,,,,,,,,,,,
4th Nov 2024 20:00,54,,,,,,,,,,,,,,,,,,,,,,,,,,,,,,,
4th Nov 2024 21:00,26,,,,,,,,,,,,,,,,,,,,,,,,,,,,,,,
4th Nov 2024 22:00,10,,,,,,,,,,,,,,,,,,,,,,,,,,,,,,,
4th Nov 2024 23:00,9,,,,,,,,,,,,,,,,,,,,,,,,,,,,,,,
5th Nov 2024 00:00,4,,,,,,,,,,,,,,,,,,,,,,,,,,,,,,,
5th Nov 2024 01:00,3,,,,,,,,,,,,,,,,,,,,,,,,,,,,,,,
5th Nov 2024 02:00,0,,,,,,,,,,,,,,,,,,,,,,,,,,,,,,,
5th Nov 2024 03:00,0,,,,,,,,,,,,,,,,,,,,,,,,,,,,,,,
5th Nov 2024 04:00,0,,,,,,,,,,,,,,,,,,,,,,,,,,,,,,,
5th Nov 2024 05:00,11,,,,,,,,,,,,,,,,,,,,,,,,,,,,,,,
5th Nov 2024 06:00,33,,,,,,,,,,,,,,,,,,,,,,,,,,,,,,,
5th Nov 2024 07:00,86,,,,,,,,,,,,,,,,,,,,,,,,,,,,,,,
5th Nov 2024 08:00,97,,,,,,,,,,,,,,,,,,,,,,,,,,,,,,,
5th Nov 2024 09:00,86,,,,,,,,,,,,,,,,,,,,,,,,,,,,,,,
5th Nov 2024 10:00,82,,,,,,,,,,,,,,,,,,,,,,,,,,,,,,,
5th Nov 2024 11:00,64,,,,,,,,,,,,,,,,,,,,,,,,,,,,,,,
5th Nov 2024 12:00,62,,,,,,,,,,,,,,,,,,,,,,,,,,,,,,,
5th Nov 2024 13:00,66,,,,,,,,,,,,,,,,,,,,,,,,,,,,,,,
5th Nov 2024 14:00,56,,,,,,,,,,,,,,,,,,,,,,,,,,,,,,,
5th Nov 2024 15:00,114,,,,,,,,,,,,,,,,,,,,,,,,,,,,,,,
5th Nov 2024 16:00,79,,,,,,,,,,,,,,,,,,,,,,,,,,,,,,,
5th Nov 2024 17:00,115,,,,,,,,,,,,,,,,,,,,,,,,,,,,,,,
5th Nov 2024 18:00,114,,,,,,,,,,,,,,,,,,,,,,,,,,,,,,,
5th Nov 2024 19:00,70,,,,,,,,,,,,,,,,,,,,,,,,,,,,,,,
5th Nov 2024 20:00,72,,,,,,,,,,,,,,,,,,,,,,,,,,,,,,,
5th Nov 2024 21:00,37,,,,,,,,,,,,,,,,,,,,,,,,,,,,,,,
5th Nov 2024 22:00,18,,,,,,,,,,,,,,,,,,,,,,,,,,,,,,,
5th Nov 2024 23:00,12,,,,,,,,,,,,,,,,,,,,,,,,,,,,,,,
6th Nov 2024 00:00,4,,,,,,,,,,,,,,,,,,,,,,,,,,,,,,,
6th Nov 2024 01:00,0,,,,,,,,,,,,,,,,,,,,,,,,,,,,,,,
6th Nov 2024 02:00,3,,,,,,,,,,,,,,,,,,,,,,,,,,,,,,,
6th Nov 2024 03:00,0,,,,,,,,,,,,,,,,,,,,,,,,,,,,,,,
6th Nov 2024 04:00,2,,,,,,,,,,,,,,,,,,,,,,,,,,,,,,,
6th Nov 2024 05:00,17,,,,,,,,,,,,,,,,,,,,,,,,,,,,,,,
6th Nov 2024 06:00,29,,,,,,,,,,,,,,,,,,,,,,,,,,,,,,,
6th Nov 2024 07:00,88,,,,,,,,,,,,,,,,,,,,,,,,,,,,,,,
6th Nov 2024 08:00,109,,,,,,,,,,,,,,,,,,,,,,,,,,,,,,,
6th Nov 2024 09:00,75,,,,,,,,,,,,,,,,,,,,,,,,,,,,,,,
6th Nov 2024 10:00,73,,,,,,,,,,,,,,,,,,,,,,,,,,,,,,,
6th Nov 2024 11:00,71,,,,,,,,,,,,,,,,,,,,,,,,,,,,,,,
6th Nov 2024 12:00,66,,,,,,,,,,,,,,,,,,,,,,,,,,,,,,,
6th Nov 2024 13:00,51,,,,,,,,,,,,,,,,,,,,,,,,,,,,,,,
6th Nov 2024 14:00,43,,,,,,,,,,,,,,,,,,,,,,,,,,,,,,,
6th Nov 2024 15:00,103,,,,,,,,,,,,,,,,,,,,,,,,,,,,,,,
6th Nov 2024 16:00,69,,,,,,,,,,,,,,,,,,,,,,,,,,,,,,,
6th Nov 2024 17:00,89,,,,,,,,,,,,,,,,,,,,,,,,,,,,,,,
6th Nov 2024 18:00,159,,,,,,,,,,,,,,,,,,,,,,,,,,,,,,,
6th Nov 2024 19:00,125,,,,,,,,,,,,,,,,,,,,,,,,,,,,,,,
6th Nov 2024 20:00,94,,,,,,,,,,,,,,,,,,,,,,,,,,,,,,,
6th Nov 2024 21:00,28,,,,,,,,,,,,,,,,,,,,,,,,,,,,,,,
6th Nov 2024 22:00,33,,,,,,,,,,,,,,,,,,,,,,,,,,,,,,,
6th Nov 2024 23:00,5,,,,,,,,,,,,,,,,,,,,,,,,,,,,,,,
7th Nov 2024 00:00,5,,,,,,,,,,,,,,,,,,,,,,,,,,,,,,,
7th Nov 2024 01:00,0,,,,,,,,,,,,,,,,,,,,,,,,,,,,,,,
7th Nov 2024 02:00,2,,,,,,,,,,,,,,,,,,,,,,,,,,,,,,,
7th Nov 2024 03:00,1,,,,,,,,,,,,,,,,,,,,,,,,,,,,,,,
7th Nov 2024 04:00,2,,,,,,,,,,,,,,,,,,,,,,,,,,,,,,,
7th Nov 2024 05:00,12,,,,,,,,,,,,,,,,,,,,,,,,,,,,,,,
7th Nov 2024 06:00,42,,,,,,,,,,,,,,,,,,,,,,,,,,,,,,,
7th Nov 2024 07:00,69,,,,,,,,,,,,,,,,,,,,,,,,,,,,,,,
7th Nov 2024 08:00,122,,,,,,,,,,,,,,,,,,,,,,,,,,,,,,,
7th Nov 2024 09:00,71,,,,,,,,,,,,,,,,,,,,,,,,,,,,,,,
7th Nov 2024 10:00,67,,,,,,,,,,,,,,,,,,,,,,,,,,,,,,,
7th Nov 2024 11:00,64,,,,,,,,,,,,,,,,,,,,,,,,,,,,,,,
7th Nov 2024 12:00,47,,,,,,,,,,,,,,,,,,,,,,,,,,,,,,,
7th Nov 2024 13:00,67,,,,,,,,,,,,,,,,,,,,,,,,,,,,,,,
7th Nov 2024 14:00,49,,,,,,,,,,,,,,,,,,,,,,,,,,,,,,,
7th Nov 2024 15:00,98,,,,,,,,,,,,,,,,,,,,,,,,,,,,,,,
7th Nov 2024 16:00,92,,,,,,,,,,,,,,,,,,,,,,,,,,,,,,,
7th Nov 2024 17:00,109,,,,,,,,,,,,,,,,,,,,,,,,,,,,,,,
7th Nov 2024 18:00,97,,,,,,,,,,,,,,,,,,,,,,,,,,,,,,,
7th Nov 2024 19:00,105,,,,,,,,,,,,,,,,,,,,,,,,,,,,,,,
7th Nov 2024 20:00,63,,,,,,,,,,,,,,,,,,,,,,,,,,,,,,,
7th Nov 2024 21:00,46,,,,,,,,,,,,,,,,,,,,,,,,,,,,,,,
7th Nov 2024 22:00,22,,,,,,,,,,,,,,,,,,,,,,,,,,,,,,,
7th Nov 2024 23:00,5,,,,,,,,,,,,,,,,,,,,,,,,,,,,,,,
8th Nov 2024 00:00,2,,,,,,,,,,,,,,,,,,,,,,,,,,,,,,,
8th Nov 2024 01:00,1,,,,,,,,,,,,,,,,,,,,,,,,,,,,,,,
8th Nov 2024 02:00,2,,,,,,,,,,,,,,,,,,,,,,,,,,,,,,,
8th Nov 2024 03:00,2,,,,,,,,,,,,,,,,,,,,,,,,,,,,,,,
8th Nov 2024 04:00,1,,,,,,,,,,,,,,,,,,,,,,,,,,,,,,,
8th Nov 2024 05:00,13,,,,,,,,,,,,,,,,,,,,,,,,,,,,,,,
8th Nov 2024 06:00,39,,,,,,,,,,,,,,,,,,,,,,,,,,,,,,,
8th Nov 2024 07:00,86,,,,,,,,,,,,,,,,,,,,,,,,,,,,,,,
8th Nov 2024 08:00,105,,,,,,,,,,,,,,,,,,,,,,,,,,,,,,,
8th Nov 2024 09:00,93,,,,,,,,,,,,,,,,,,,,,,,,,,,,,,,
8th Nov 2024 10:00,91,,,,,,,,,,,,,,,,,,,,,,,,,,,,,,,
8th Nov 2024 11:00,79,,,,,,,,,,,,,,,,,,,,,,,,,,,,,,,
8th Nov 2024 12:00,82,,,,,,,,,,,,,,,,,,,,,,,,,,,,,,,
8th Nov 2024 13:00,67,,,,,,,,,,,,,,,,,,,,,,,,,,,,,,,
8th Nov 2024 14:00,47,,,,,,,,,,,,,,,,,,,,,,,,,,,,,,,
8th Nov 2024 15:00,102,,,,,,,,,,,,,,,,,,,,,,,,,,,,,,,
8th Nov 2024 16:00,97,,,,,,,,,,,,,,,,,,,,,,,,,,,,,,,
8th Nov 2024 17:00,122,,,,,,,,,,,,,,,,,,,,,,,,,,,,,,,
8th Nov 2024 18:00,132,,,,,,,,,,,,,,,,,,,,,,,,,,,,,,,
8th Nov 2024 19:00,160,,,,,,,,,,,,,,,,,,,,,,,,,,,,,,,
8th Nov 2024 20:00,140,,,,,,,,,,,,,,,,,,,,,,,,,,,,,,,
8th Nov 2024 21:00,71,,,,,,,,,,,,,,,,,,,,,,,,,,,,,,,
8th Nov 2024 22:00,30,,,,,,,,,,,,,,,,,,,,,,,,,,,,,,,
8th Nov 2024 23:00,18,,,,,,,,,,,,,,,,,,,,,,,,,,,,,,,
9th Nov 2024 00:00,7,,,,,,,,,,,,,,,,,,,,,,,,,,,,,,,
9th Nov 2024 01:00,2,,,,,,,,,,,,,,,,,,,,,,,,,,,,,,,
9th Nov 2024 02:00,0,,,,,,,,,,,,,,,,,,,,,,,,,,,,,,,
9th Nov 2024 03:00,1,,,,,,,,,,,,,,,,,,,,,,,,,,,,,,,
9th Nov 2024 04:00,2,,,,,,,,,,,,,,,,,,,,,,,,,,,,,,,
9th Nov 2024 05:00,10,,,,,,,,,,,,,,,,,,,,,,,,,,,,,,,
9th Nov 2024 06:00,19,,,,,,,,,,,,,,,,,,,,,,,,,,,,,,,
9th Nov 2024 07:00,39,,,,,,,,,,,,,,,,,,,,,,,,,,,,,,,
9th Nov 2024 08:00,72,,,,,,,,,,,,,,,,,,,,,,,,,,,,,,,
9th Nov 2024 09:00,86,,,,,,,,,,,,,,,,,,,,,,,,,,,,,,,
9th Nov 2024 10:00,85,,,,,,,,,,,,,,,,,,,,,,,,,,,,,,,
9th Nov 2024 11:00,72,,,,,,,,,,,,,,,,,,,,,,,,,,,,,,,
9th Nov 2024 12:00,84,,,,,,,,,,,,,,,,,,,,,,,,,,,,,,,
9th Nov 2024 13:00,73,,,,,,,,,,,,,,,,,,,,,,,,,,,,,,,
9th Nov 2024 14:00,74,,,,,,,,,,,,,,,,,,,,,,,,,,,,,,,
9th Nov 2024 15:00,68,,,,,,,,,,,,,,,,,,,,,,,,,,,,,,,
9th Nov 2024 16:00,74,,,,,,,,,,,,,,,,,,,,,,,,,,,,,,,
9th Nov 2024 17:00,108,,,,,,,,,,,,,,,,,,,,,,,,,,,,,,,
9th Nov 2024 18:00,135,,,,,,,,,,,,,,,,,,,,,,,,,,,,,,,
9th Nov 2024 19:00,132,,,,,,,,,,,,,,,,,,,,,,,,,,,,,,,
9th Nov 2024 20:00,154,,,,,,,,,,,,,,,,,,,,,,,,,,,,,,,
9th Nov 2024 21:00,91,,,,,,,,,,,,,,,,,,,,,,,,,,,,,,,
9th Nov 2024 22:00,49,,,,,,,,,,,,,,,,,,,,,,,,,,,,,,,
9th Nov 2024 23:00,21,,,,,,,,,,,,,,,,,,,,,,,,,,,,,,,
10th Nov 2024 00:00,6,,,,,,,,,,,,,,,,,,,,,,,,,,,,,,,
10th Nov 2024 01:00,3,,,,,,,,,,,,,,,,,,,,,,,,,,,,,,,
10th Nov 2024 02:00,4,,,,,,,,,,,,,,,,,,,,,,,,,,,,,,,
10th Nov 2024 03:00,5,,,,,,,,,,,,,,,,,,,,,,,,,,,,,,,
10th Nov 2024 04:00,3,,,,,,,,,,,,,,,,,,,,,,,,,,,,,,,
10th Nov 2024 05:00,3,,,,,,,,,,,,,,,,,,,,,,,,,,,,,,,
10th Nov 2024 06:00,10,,,,,,,,,,,,,,,,,,,,,,,,,,,,,,,
10th Nov 2024 07:00,27,,,,,,,,,,,,,,,,,,,,,,,,,,,,,,,
10th Nov 2024 08:00,52,,,,,,,,,,,,,,,,,,,,,,,,,,,,,,,
10th Nov 2024 09:00,69,,,,,,,,,,,,,,,,,,,,,,,,,,,,,,,
10th Nov 2024 10:00,88,,,,,,,,,,,,,,,,,,,,,,,,,,,,,,,
10th Nov 2024 11:00,55,,,,,,,,,,,,,,,,,,,,,,,,,,,,,,,
10th Nov 2024 12:00,72,,,,,,,,,,,,,,,,,,,,,,,,,,,,,,,
10th Nov 2024 13:00,72,,,,,,,,,,,,,,,,,,,,,,,,,,,,,,,
10th Nov 2024 14:00,74,,,,,,,,,,,,,,,,,,,,,,,,,,,,,,,
10th Nov 2024 15:00,80,,,,,,,,,,,,,,,,,,,,,,,,,,,,,,,
10th Nov 2024 16:00,63,,,,,,,,,,,,,,,,,,,,,,,,,,,,,,,
10th Nov 2024 17:00,96,,,,,,,,,,,,,,,,,,,,,,,,,,,,,,,
10th Nov 2024 18:00,109,,,,,,,,,,,,,,,,,,,,,,,,,,,,,,,
10th Nov 2024 19:00,98,,,,,,,,,,,,,,,,,,,,,,,,,,,,,,,
10th Nov 2024 20:00,62,,,,,,,,,,,,,,,,,,,,,,,,,,,,,,,
10th Nov 2024 21:00,34,,,,,,,,,,,,,,,,,,,,,,,,,,,,,,,
10th Nov 2024 22:00,21,,,,,,,,,,,,,,,,,,,,,,,,,,,,,,,
10th Nov 2024 23:00,8,,,,,,,,,,,,,,,,,,,,,,,,,,,,,,,
11th Nov 2024 00:00,5,,,,,,,,,,,,,,,,,,,,,,,,,,,,,,,
11th Nov 2024 01:00,0,,,,,,,,,,,,,,,,,,,,,,,,,,,,,,,
11th Nov 2024 02:00,0,,,,,,,,,,,,,,,,,,,,,,,,,,,,,,,
11th Nov 2024 03:00,1,,,,,,,,,,,,,,,,,,,,,,,,,,,,,,,
11th Nov 2024 04:00,1,,,,,,,,,,,,,,,,,,,,,,,,,,,,,,,
11th Nov 2024 05:00,10,,,,,,,,,,,,,,,,,,,,,,,,,,,,,,,
11th Nov 2024 06:00,37,,,,,,,,,,,,,,,,,,,,,,,,,,,,,,,
11th Nov 2024 07:00,102,,,,,,,,,,,,,,,,,,,,,,,,,,,,,,,
11th Nov 2024 08:00,121,,,,,,,,,,,,,,,,,,,,,,,,,,,,,,,
11th Nov 2024 09:00,59,,,,,,,,,,,,,,,,,,,,,,,,,,,,,,,
11th Nov 2024 10:00,66,,,,,,,,,,,,,,,,,,,,,,,,,,,,,,,
11th Nov 2024 11:00,80,,,,,,,,,,,,,,,,,,,,,,,,,,,,,,,
11th Nov 2024 12:00,54,,,,,,,,,,,,,,,,,,,,,,,,,,,,,,,
11th Nov 2024 13:00,70,,,,,,,,,,,,,,,,,,,,,,,,,,,,,,,
11th Nov 2024 14:00,33,,,,,,,,,,,,,,,,,,,,,,,,,,,,,,,
11th Nov 2024 15:00,111,,,,,,,,,,,,,,,,,,,,,,,,,,,,,,,
11th Nov 2024 16:00,78,,,,,,,,,,,,,,,,,,,,,,,,,,,,,,,
11th Nov 2024 17:00,118,,,,,,,,,,,,,,,,,,,,,,,,,,,,,,,
11th Nov 2024 18:00,128,,,,,,,,,,,,,,,,,,,,,,,,,,,,,,,
11th Nov 2024 19:00,65,,,,,,,,,,,,,,,,,,,,,,,,,,,,,,,
11th Nov 2024 20:00,44,,,,,,,,,,,,,,,,,,,,,,,,,,,,,,,
11th Nov 2024 21:00,25,,,,,,,,,,,,,,,,,,,,,,,,,,,,,,,
11th Nov 2024 22:00,27,,,,,,,,,,,,,,,,,,,,,,,,,,,,,,,
11th Nov 2024 23:00,12,,,,,,,,,,,,,,,,,,,,,,,,,,,,,,,
12th Nov 2024 00:00,4,,,,,,,,,,,,,,,,,,,,,,,,,,,,,,,
12th Nov 2024 01:00,0,,,,,,,,,,,,,,,,,,,,,,,,,,,,,,,
12th Nov 2024 02:00,0,,,,,,,,,,,,,,,,,,,,,,,,,,,,,,,
12th Nov 2024 03:00,0,,,,,,,,,,,,,,,,,,,,,,,,,,,,,,,
12th Nov 2024 04:00,1,,,,,,,,,,,,,,,,,,,,,,,,,,,,,,,
12th Nov 2024 05:00,11,,,,,,,,,,,,,,,,,,,,,,,,,,,,,,,
12th Nov 2024 06:00,42,,,,,,,,,,,,,,,,,,,,,,,,,,,,,,,
12th Nov 2024 07:00,95,,,,,,,,,,,,,,,,,,,,,,,,,,,,,,,
12th Nov 2024 08:00,128,,,,,,,,,,,,,,,,,,,,,,,,,,,,,,,
12th Nov 2024 09:00,67,,,,,,,,,,,,,,,,,,,,,,,,,,,,,,,
12th Nov 2024 10:00,66,,,,,,,,,,,,,,,,,,,,,,,,,,,,,,,
12th Nov 2024 11:00,90,,,,,,,,,,,,,,,,,,,,,,,,,,,,,,,
12th Nov 2024 12:00,54,,,,,,,,,,,,,,,,,,,,,,,,,,,,,,,
12th Nov 2024 13:00,89,,,,,,,,,,,,,,,,,,,,,,,,,,,,,,,
12th Nov 2024 14:00,48,,,,,,,,,,,,,,,,,,,,,,,,,,,,,,,
12th Nov 2024 15:00,89,,,,,,,,,,,,,,,,,,,,,,,,,,,,,,,
12th Nov 2024 16:00,98,,,,,,,,,,,,,,,,,,,,,,,,,,,,,,,
12th Nov 2024 17:00,76,,,,,,,,,,,,,,,,,,,,,,,,,,,,,,,
12th Nov 2024 18:00,142,,,,,,,,,,,,,,,,,,,,,,,,,,,,,,,
12th Nov 2024 19:00,99,,,,,,,,,,,,,,,,,,,,,,,,,,,,,,,
12th Nov 2024 20:00,66,,,,,,,,,,,,,,,,,,,,,,,,,,,,,,,
12th Nov 2024 21:00,28,,,,,,,,,,,,,,,,,,,,,,,,,,,,,,,
12th Nov 2024 22:00,16,,,,,,,,,,,,,,,,,,,,,,,,,,,,,,,
12th Nov 2024 23:00,8,,,,,,,,,,,,,,,,,,,,,,,,,,,,,,,
13th Nov 2024 00:00,8,,,,,,,,,,,,,,,,,,,,,,,,,,,,,,,
13th Nov 2024 01:00,2,,,,,,,,,,,,,,,,,,,,,,,,,,,,,,,
13th Nov 2024 02:00,0,,,,,,,,,,,,,,,,,,,,,,,,,,,,,,,
13th Nov 2024 03:00,0,,,,,,,,,,,,,,,,,,,,,,,,,,,,,,,
13th Nov 2024 04:00,2,,,,,,,,,,,,,,,,,,,,,,,,,,,,,,,
13th Nov 2024 05:00,13,,,,,,,,,,,,,,,,,,,,,,,,,,,,,,,
13th Nov 2024 06:00,37,,,,,,,,,,,,,,,,,,,,,,,,,,,,,,,
13th Nov 2024 07:00,110,,,,,,,,,,,,,,,,,,,,,,,,,,,,,,,
13th Nov 2024 08:00,116,,,,,,,,,,,,,,,,,,,,,,,,,,,,,,,
13th Nov 2024 09:00,53,,,,,,,,,,,,,,,,,,,,,,,,,,,,,,,
13th Nov 2024 10:00,0,,,,,,,,,,,,,,,,,,,,,,,,,,,,,,,
13th Nov 2024 11:00,0,,,,,,,,,,,,,,,,,,,,,,,,,,,,,,,
13th Nov 2024 12:00,0,,,,,,,,,,,,,,,,,,,,,,,,,,,,,,,
13th Nov 2024 13:00,0,,,,,,,,,,,,,,,,,,,,,,,,,,,,,,,
13th Nov 2024 14:00,0,,,,,,,,,,,,,,,,,,,,,,,,,,,,,,,
13th Nov 2024 15:00,0,,,,,,,,,,,,,,,,,,,,,,,,,,,,,,,
13th Nov 2024 16:00,0,,,,,,,,,,,,,,,,,,,,,,,,,,,,,,,
13th Nov 2024 17:00,0,,,,,,,,,,,,,,,,,,,,,,,,,,,,,,,
13th Nov 2024 18:00,0,,,,,,,,,,,,,,,,,,,,,,,,,,,,,,,
13th Nov 2024 19:00,0,,,,,,,,,,,,,,,,,,,,,,,,,,,,,,,
13th Nov 2024 20:00,0,,,,,,,,,,,,,,,,,,,,,,,,,,,,,,,
13th Nov 2024 21:00,0,,,,,,,,,,,,,,,,,,,,,,,,,,,,,,,
13th Nov 2024 22:00,0,,,,,,,,,,,,,,,,,,,,,,,,,,,,,,,
13th Nov 2024 23:00,0,,,,,,,,,,,,,,,,,,,,,,,,,,,,,,,
14th Nov 2024 00:00,0,,,,,,,,,,,,,,,,,,,,,,,,,,,,,,,
14th Nov 2024 01:00,0,,,,,,,,,,,,,,,,,,,,,,,,,,,,,,,
14th Nov 2024 02:00,0,,,,,,,,,,,,,,,,,,,,,,,,,,,,,,,
14th Nov 2024 03:00,0,,,,,,,,,,,,,,,,,,,,,,,,,,,,,,,
14th Nov 2024 04:00,0,,,,,,,,,,,,,,,,,,,,,,,,,,,,,,,
14th Nov 2024 05:00,0,,,,,,,,,,,,,,,,,,,,,,,,,,,,,,,
14th Nov 2024 06:00,0,,,,,,,,,,,,,,,,,,,,,,,,,,,,,,,
14th Nov 2024 07:00,0,,,,,,,,,,,,,,,,,,,,,,,,,,,,,,,
14th Nov 2024 08:00,0,,,,,,,,,,,,,,,,,,,,,,,,,,,,,,,
14th Nov 2024 09:00,,,,,,,,,,,,,,,,,,,,,,,,,,,,,,,,
14th Nov 2024 10:00,,,,,,,,,,,,,,,,,,,,,,,,,,,,,,,,
14th Nov 2024 11:00,,,,,,,,,,,,,,,,,,,,,,,,,,,,,,,,
14th Nov 2024 12:00,,,,,,,,,,,,,,,,,,,,,,,,,,,,,,,,
14th Nov 2024 13:00,,,,,,,,,,,,,,,,,,,,,,,,,,,,,,,,
14th Nov 2024 14:00,,,,,,,,,,,,,,,,,,,,,,,,,,,,,,,,
14th Nov 2024 15:00,,,,,,,,,,,,,,,,,,,,,,,,,,,,,,,,
14th Nov 2024 16:00,,,,,,,,,,,,,,,,,,,,,,,,,,,,,,,,
14th Nov 2024 17:00,,,,,,,,,,,,,,,,,,,,,,,,,,,,,,,,
14th Nov 2024 18:00,,,,,,,,,,,,,,,,,,,,,,,,,,,,,,,,
14th Nov 2024 19:00,,,,,,,,,,,,,,,,,,,,,,,,,,,,,,,,
14th Nov 2024 20:00,,,,,,,,,,,,,,,,,,,,,,,,,,,,,,,,
14th Nov 2024 21:00,,,,,,,,,,,,,,,,,,,,,,,,,,,,,,,,
14th Nov 2024 22:00,,,,,,,,,,,,,,,,,,,,,,,,,,,,,,,,
14th Nov 2024 23:00,,,,,,,,,,,,,,,,,,,,,,,,,,,,,,,,
15th Nov 2024 00:00,,,,,,,,,,,,,,,,,,,,,,,,,,,,,,,,
15th Nov 2024 01:00,,,,,,,,,,,,,,,,,,,,,,,,,,,,,,,,
15th Nov 2024 02:00,,,,,,,,,,,,,,,,,,,,,,,,,,,,,,,,
15th Nov 2024 03:00,,,,,,,,,,,,,,,,,,,,,,,,,,,,,,,,
15th Nov 2024 04:00,,,,,,,,,,,,,,,,,,,,,,,,,,,,,,,,
15th Nov 2024 05:00,,,,,,,,,,,,,,,,,,,,,,,,,,,,,,,,
15th Nov 2024 06:00,,,,,,,,,,,,,,,,,,,,,,,,,,,,,,,,
15th Nov 2024 07:00,,,,,,,,,,,,,,,,,,,,,,,,,,,,,,,,
15th Nov 2024 08:00,,,,,,,,,,,,,,,,,,,,,,,,,,,,,,,,
15th Nov 2024 09:00,,,,,,,,,,,,,,,,,,,,,,,,,,,,,,,,
15th Nov 2024 10:00,,,,,,,,,,,,,,,,,,,,,,,,,,,,,,,,
15th Nov 2024 11:00,,,,,,,,,,,,,,,,,,,,,,,,,,,,,,,,
15th Nov 2024 12:00,,,,,,,,,,,,,,,,,,,,,,,,,,,,,,,,
15th Nov 2024 13:00,,,,,,,,,,,,,,,,,,,,,,,,,,,,,,,,
15th Nov 2024 14:00,,,,,,,,,,,,,,,,,,,,,,,,,,,,,,,,
15th Nov 2024 15:00,,,,,,,,,,,,,,,,,,,,,,,,,,,,,,,,
15th Nov 2024 16:00,,,,,,,,,,,,,,,,,,,,,,,,,,,,,,,,
15th Nov 2024 17:00,,,,,,,,,,,,,,,,,,,,,,,,,,,,,,,,
15th Nov 2024 18:00,,,,,,,,,,,,,,,,,,,,,,,,,,,,,,,,
15th Nov 2024 19:00,,,,,,,,,,,,,,,,,,,,,,,,,,,,,,,,
15th Nov 2024 20:00,,,,,,,,,,,,,,,,,,,,,,,,,,,,,,,,
15th Nov 2024 21:00,,,,,,,,,,,,,,,,,,,,,,,,,,,,,,,,
15th Nov 2024 22:00,,,,,,,,,,,,,,,,,,,,,,,,,,,,,,,,
15th Nov 2024 23:00,,,,,,,,,,,,,,,,,,,,,,,,,,,,,,,,
16th Nov 2024 00:00,,,,,,,,,,,,,,,,,,,,,,,,,,,,,,,,
16th Nov 2024 01:00,,,,,,,,,,,,,,,,,,,,,,,,,,,,,,,,
16th Nov 2024 02:00,,,,,,,,,,,,,,,,,,,,,,,,,,,,,,,,
16th Nov 2024 03:00,,,,,,,,,,,,,,,,,,,,,,,,,,,,,,,,
16th Nov 2024 04:00,,,,,,,,,,,,,,,,,,,,,,,,,,,,,,,,
16th Nov 2024 05:00,,,,,,,,,,,,,,,,,,,,,,,,,,,,,,,,
16th Nov 2024 06:00,,,,,,,,,,,,,,,,,,,,,,,,,,,,,,,,
16th Nov 2024 07:00,,,,,,,,,,,,,,,,,,,,,,,,,,,,,,,,
16th Nov 2024 08:00,,,,,,,,,,,,,,,,,,,,,,,,,,,,,,,,
16th Nov 2024 09:00,,,,,,,,,,,,,,,,,,,,,,,,,,,,,,,,
16th Nov 2024 10:00,,,,,,,,,,,,,,,,,,,,,,,,,,,,,,,,
16th Nov 2024 11:00,,,,,,,,,,,,,,,,,,,,,,,,,,,,,,,,
16th Nov 2024 12:00,,,,,,,,,,,,,,,,,,,,,,,,,,,,,,,,
16th Nov 2024 13:00,,,,,,,,,,,,,,,,,,,,,,,,,,,,,,,,
16th Nov 2024 14:00,,,,,,,,,,,,,,,,,,,,,,,,,,,,,,,,
16th Nov 2024 15:00,,,,,,,,,,,,,,,,,,,,,,,,,,,,,,,,
16th Nov 2024 16:00,,,,,,,,,,,,,,,,,,,,,,,,,,,,,,,,
16th Nov 2024 17:00,,,,,,,,,,,,,,,,,,,,,,,,,,,,,,,,
16th Nov 2024 18:00,,,,,,,,,,,,,,,,,,,,,,,,,,,,,,,,
16th Nov 2024 19:00,,,,,,,,,,,,,,,,,,,,,,,,,,,,,,,,
16th Nov 2024 20:00,,,,,,,,,,,,,,,,,,,,,,,,,,,,,,,,
16th Nov 2024 21:00,,,,,,,,,,,,,,,,,,,,,,,,,,,,,,,,
16th Nov 2024 22:00,,,,,,,,,,,,,,,,,,,,,,,,,,,,,,,,
16th Nov 2024 23:00,,,,,,,,,,,,,,,,,,,,,,,,,,,,,,,,
17th Nov 2024 00:00,,,,,,,,,,,,,,,,,,,,,,,,,,,,,,,,
17th Nov 2024 01:00,,,,,,,,,,,,,,,,,,,,,,,,,,,,,,,,
17th Nov 2024 02:00,,,,,,,,,,,,,,,,,,,,,,,,,,,,,,,,
17th Nov 2024 03:00,,,,,,,,,,,,,,,,,,,,,,,,,,,,,,,,
17th Nov 2024 04:00,,,,,,,,,,,,,,,,,,,,,,,,,,,,,,,,
17th Nov 2024 05:00,,,,,,,,,,,,,,,,,,,,,,,,,,,,,,,,
17th Nov 2024 06:00,,,,,,,,,,,,,,,,,,,,,,,,,,,,,,,,
17th Nov 2024 07:00,,,,,,,,,,,,,,,,,,,,,,,,,,,,,,,,
17th Nov 2024 08:00,,,,,,,,,,,,,,,,,,,,,,,,,,,,,,,,
17th Nov 2024 09:00,,,,,,,,,,,,,,,,,,,,,,,,,,,,,,,,
17th Nov 2024 10:00,,,,,,,,,,,,,,,,,,,,,,,,,,,,,,,,
17th Nov 2024 11:00,,,,,,,,,,,,,,,,,,,,,,,,,,,,,,,,
17th Nov 2024 12:00,,,,,,,,,,,,,,,,,,,,,,,,,,,,,,,,
17th Nov 2024 13:00,,,,,,,,,,,,,,,,,,,,,,,,,,,,,,,,
17th Nov 2024 14:00,,,,,,,,,,,,,,,,,,,,,,,,,,,,,,,,
17th Nov 2024 15:00,,,,,,,,,,,,,,,,,,,,,,,,,,,,,,,,
17th Nov 2024 16:00,,,,,,,,,,,,,,,,,,,,,,,,,,,,,,,,
17th Nov 2024 17:00,,,,,,,,,,,,,,,,,,,,,,,,,,,,,,,,
17th Nov 2024 18:00,,,,,,,,,,,,,,,,,,,,,,,,,,,,,,,,
17th Nov 2024 19:00,,,,,,,,,,,,,,,,,,,,,,,,,,,,,,,,
17th Nov 2024 20:00,,,,,,,,,,,,,,,,,,,,,,,,,,,,,,,,
17th Nov 2024 21:00,,,,,,,,,,,,,,,,,,,,,,,,,,,,,,,,
17th Nov 2024 22:00,,,,,,,,,,,,,,,,,,,,,,,,,,,,,,,,
17th Nov 2024 23:00,,,,,,,,,,,,,,,,,,,,,,,,,,,,,,,,
18th Nov 2024 00:00,,,,,,,,,,,,,,,,,,,,,,,,,,,,,,,,
18th Nov 2024 01:00,,,,,,,,,,,,,,,,,,,,,,,,,,,,,,,,
18th Nov 2024 02:00,,,,,,,,,,,,,,,,,,,,,,,,,,,,,,,,
18th Nov 2024 03:00,,,,,,,,,,,,,,,,,,,,,,,,,,,,,,,,
18th Nov 2024 04:00,,,,,,,,,,,,,,,,,,,,,,,,,,,,,,,,
18th Nov 2024 05:00,,,,,,,,,,,,,,,,,,,,,,,,,,,,,,,,
18th Nov 2024 06:00,,,,,,,,,,,,,,,,,,,,,,,,,,,,,,,,
18th Nov 2024 07:00,,,,,,,,,,,,,,,,,,,,,,,,,,,,,,,,
18th Nov 2024 08:00,,,,,,,,,,,,,,,,,,,,,,,,,,,,,,,,
18th Nov 2024 09:00,,,,,,,,,,,,,,,,,,,,,,,,,,,,,,,,
18th Nov 2024 10:00,,,,,,,,,,,,,,,,,,,,,,,,,,,,,,,,
18th Nov 2024 11:00,,,,,,,,,,,,,,,,,,,,,,,,,,,,,,,,
18th Nov 2024 12:00,,,,,,,,,,,,,,,,,,,,,,,,,,,,,,,,
18th Nov 2024 13:00,,,,,,,,,,,,,,,,,,,,,,,,,,,,,,,,
18th Nov 2024 14:00,,,,,,,,,,,,,,,,,,,,,,,,,,,,,,,,
18th Nov 2024 15:00,,,,,,,,,,,,,,,,,,,,,,,,,,,,,,,,
18th Nov 2024 16:00,,,,,,,,,,,,,,,,,,,,,,,,,,,,,,,,
18th Nov 2024 17:00,,,,,,,,,,,,,,,,,,,,,,,,,,,,,,,,
18th Nov 2024 18:00,,,,,,,,,,,,,,,,,,,,,,,,,,,,,,,,
18th Nov 2024 19:00,,,,,,,,,,,,,,,,,,,,,,,,,,,,,,,,
18th Nov 2024 20:00,,,,,,,,,,,,,,,,,,,,,,,,,,,,,,,,
18th Nov 2024 21:00,,,,,,,,,,,,,,,,,,,,,,,,,,,,,,,,
18th Nov 2024 22:00,,,,,,,,,,,,,,,,,,,,,,,,,,,,,,,,
18th Nov 2024 23:00,,,,,,,,,,,,,,,,,,,,,,,,,,,,,,,,
19th Nov 2024 00:00,,,,,,,,,,,,,,,,,,,,,,,,,,,,,,,,
19th Nov 2024 01:00,,,,,,,,,,,,,,,,,,,,,,,,,,,,,,,,
19th Nov 2024 02:00,,,,,,,,,,,,,,,,,,,,,,,,,,,,,,,,
19th Nov 2024 03:00,,,,,,,,,,,,,,,,,,,,,,,,,,,,,,,,
19th Nov 2024 04:00,,,,,,,,,,,,,,,,,,,,,,,,,,,,,,,,
19th Nov 2024 05:00,,,,,,,,,,,,,,,,,,,,,,,,,,,,,,,,
19th Nov 2024 06:00,,,,,,,,,,,,,,,,,,,,,,,,,,,,,,,,
19th Nov 2024 07:00,,,,,,,,,,,,,,,,,,,,,,,,,,,,,,,,
19th Nov 2024 08:00,,,,,,,,,,,,,,,,,,,,,,,,,,,,,,,,
19th Nov 2024 09:00,,,,,,,,,,,,,,,,,,,,,,,,,,,,,,,,
19th Nov 2024 10:00,,,,,,,,,,,,,,,,,,,,,,,,,,,,,,,,
19th Nov 2024 11:00,,,,,,,,,,,,,,,,,,,,,,,,,,,,,,,,
19th Nov 2024 12:00,,,,,,,,,,,,,,,,,,,,,,,,,,,,,,,,
19th Nov 2024 13:00,,,,,,,,,,,,,,,,,,,,,,,,,,,,,,,,
19th Nov 2024 14:00,,,,,,,,,,,,,,,,,,,,,,,,,,,,,,,,
19th Nov 2024 15:00,,,,,,,,,,,,,,,,,,,,,,,,,,,,,,,,
19th Nov 2024 16:00,,,,,,,,,,,,,,,,,,,,,,,,,,,,,,,,
19th Nov 2024 17:00,,,,,,,,,,,,,,,,,,,,,,,,,,,,,,,,
19th Nov 2024 18:00,,,,,,,,,,,,,,,,,,,,,,,,,,,,,,,,
19th Nov 2024 19:00,,,,,,,,,,,,,,,,,,,,,,,,,,,,,,,,
19th Nov 2024 20:00,,,,,,,,,,,,,,,,,,,,,,,,,,,,,,,,
19th Nov 2024 21:00,,,,,,,,,,,,,,,,,,,,,,,,,,,,,,,,
19th Nov 2024 22:00,,,,,,,,,,,,,,,,,,,,,,,,,,,,,,,,
19th Nov 2024 23:00,,,,,,,,,,,,,,,,,,,,,,,,,,,,,,,,
20th Nov 2024 00:00,,,,,,,,,,,,,,,,,,,,,,,,,,,,,,,,
20th Nov 2024 01:00,,,,,,,,,,,,,,,,,,,,,,,,,,,,,,,,
20th Nov 2024 02:00,,,,,,,,,,,,,,,,,,,,,,,,,,,,,,,,
20th Nov 2024 03:00,,,,,,,,,,,,,,,,,,,,,,,,,,,,,,,,
20th Nov 2024 04:00,,,,,,,,,,,,,,,,,,,,,,,,,,,,,,,,
20th Nov 2024 05:00,,,,,,,,,,,,,,,,,,,,,,,,,,,,,,,,
20th Nov 2024 06:00,,,,,,,,,,,,,,,,,,,,,,,,,,,,,,,,
20th Nov 2024 07:00,,,,,,,,,,,,,,,,,,,,,,,,,,,,,,,,
20th Nov 2024 08:00,,,,,,,,,,,,,,,,,,,,,,,,,,,,,,,,
20th Nov 2024 09:00,,,,,,,,,,,,,,,,,,,,,,,,,,,,,,,,
20th Nov 2024 10:00,,,,,,,,,,,,,,,,,,,,,,,,,,,,,,,,
20th Nov 2024 11:00,,,,,,,,,,,,,,,,,,,,,,,,,,,,,,,,
20th Nov 2024 12:00,,,,,,,,,,,,,,,,,,,,,,,,,,,,,,,,
20th Nov 2024 13:00,,,,,,,,,,,,,,,,,,,,,,,,,,,,,,,,
20th Nov 2024 14:00,,,,,,,,,,,,,,,,,,,,,,,,,,,,,,,,
20th Nov 2024 15:00,,,,,,,,,,,,,,,,,,,,,,,,,,,,,,,,
20th Nov 2024 16:00,,,,,,,,,,,,,,,,,,,,,,,,,,,,,,,,
20th Nov 2024 17:00,,,,,,,,,,,,,,,,,,,,,,,,,,,,,,,,
20th Nov 2024 18:00,,,,,,,,,,,,,,,,,,,,,,,,,,,,,,,,
20th Nov 2024 19:00,,,,,,,,,,,,,,,,,,,,,,,,,,,,,,,,
20th Nov 2024 20:00,,,,,,,,,,,,,,,,,,,,,,,,,,,,,,,,
20th Nov 2024 21:00,,,,,,,,,,,,,,,,,,,,,,,,,,,,,,,,
20th Nov 2024 22:00,,,,,,,,,,,,,,,,,,,,,,,,,,,,,,,,
20th Nov 2024 23:00,,,,,,,,,,,,,,,,,,,,,,,,,,,,,,,,
21st Nov 2024 00:00,,,,,,,,,,,,,,,,,,,,,,,,,,,,,,,,
21st Nov 2024 01:00,,,,,,,,,,,,,,,,,,,,,,,,,,,,,,,,
21st Nov 2024 02:00,,,,,,,,,,,,,,,,,,,,,,,,,,,,,,,,
21st Nov 2024 03:00,,,,,,,,,,,,,,,,,,,,,,,,,,,,,,,,
21st Nov 2024 04:00,,,,,,,,,,,,,,,,,,,,,,,,,,,,,,,,
21st Nov 2024 05:00,,,,,,,,,,,,,,,,,,,,,,,,,,,,,,,,
21st Nov 2024 06:00,,,,,,,,,,,,,,,,,,,,,,,,,,,,,,,,
21st Nov 2024 07:00,,,,,,,,,,,,,,,,,,,,,,,,,,,,,,,,
21st Nov 2024 08:00,,,,,,,,,,,,,,,,,,,,,,,,,,,,,,,,
21st Nov 2024 09:00,,,,,,,,,,,,,,,,,,,,,,,,,,,,,,,,
21st Nov 2024 10:00,,,,,,,,,,,,,,,,,,,,,,,,,,,,,,,,
21st Nov 2024 11:00,,,,,,,,,,,,,,,,,,,,,,,,,,,,,,,,
21st Nov 2024 12:00,,,,,,,,,,,,,,,,,,,,,,,,,,,,,,,,
21st Nov 2024 13:00,,,,,,,,,,,,,,,,,,,,,,,,,,,,,,,,
21st Nov 2024 14:00,,,,,,,,,,,,,,,,,,,,,,,,,,,,,,,,
21st Nov 2024 15:00,,,,,,,,,,,,,,,,,,,,,,,,,,,,,,,,
21st Nov 2024 16:00,,,,,,,,,,,,,,,,,,,,,,,,,,,,,,,,
21st Nov 2024 17:00,,,,,,,,,,,,,,,,,,,,,,,,,,,,,,,,
21st Nov 2024 18:00,,,,,,,,,,,,,,,,,,,,,,,,,,,,,,,,
21st Nov 2024 19:00,,,,,,,,,,,,,,,,,,,,,,,,,,,,,,,,
21st Nov 2024 20:00,,,,,,,,,,,,,,,,,,,,,,,,,,,,,,,,
21st Nov 2024 21:00,,,,,,,,,,,,,,,,,,,,,,,,,,,,,,,,
21st Nov 2024 22:00,,,,,,,,,,,,,,,,,,,,,,,,,,,,,,,,
21st Nov 2024 23:00,,,,,,,,,,,,,,,,,,,,,,,,,,,,,,,,
22nd Nov 2024 00:00,,,,,,,,,,,,,,,,,,,,,,,,,,,,,,,,
22nd Nov 2024 01:00,,,,,,,,,,,,,,,,,,,,,,,,,,,,,,,,
22nd Nov 2024 02:00,,,,,,,,,,,,,,,,,,,,,,,,,,,,,,,,
22nd Nov 2024 03:00,,,,,,,,,,,,,,,,,,,,,,,,,,,,,,,,
22nd Nov 2024 04:00,,,,,,,,,,,,,,,,,,,,,,,,,,,,,,,,
22nd Nov 2024 05:00,,,,,,,,,,,,,,,,,,,,,,,,,,,,,,,,
22nd Nov 2024 06:00,,,,,,,,,,,,,,,,,,,,,,,,,,,,,,,,
22nd Nov 2024 07:00,,,,,,,,,,,,,,,,,,,,,,,,,,,,,,,,
22nd Nov 2024 08:00,,,,,,,,,,,,,,,,,,,,,,,,,,,,,,,,
22nd Nov 2024 09:00,,,,,,,,,,,,,,,,,,,,,,,,,,,,,,,,
22nd Nov 2024 10:00,,,,,,,,,,,,,,,,,,,,,,,,,,,,,,,,
22nd Nov 2024 11:00,,,,,,,,,,,,,,,,,,,,,,,,,,,,,,,,
22nd Nov 2024 12:00,,,,,,,,,,,,,,,,,,,,,,,,,,,,,,,,
22nd Nov 2024 13:00,,,,,,,,,,,,,,,,,,,,,,,,,,,,,,,,
22nd Nov 2024 14:00,,,,,,,,,,,,,,,,,,,,,,,,,,,,,,,,
22nd Nov 2024 15:00,,,,,,,,,,,,,,,,,,,,,,,,,,,,,,,,
22nd Nov 2024 16:00,,,,,,,,,,,,,,,,,,,,,,,,,,,,,,,,
22nd Nov 2024 17:00,,,,,,,,,,,,,,,,,,,,,,,,,,,,,,,,
22nd Nov 2024 18:00,,,,,,,,,,,,,,,,,,,,,,,,,,,,,,,,
22nd Nov 2024 19:00,,,,,,,,,,,,,,,,,,,,,,,,,,,,,,,,
22nd Nov 2024 20:00,,,,,,,,,,,,,,,,,,,,,,,,,,,,,,,,
22nd Nov 2024 21:00,,,,,,,,,,,,,,,,,,,,,,,,,,,,,,,,
22nd Nov 2024 22:00,,,,,,,,,,,,,,,,,,,,,,,,,,,,,,,,
22nd Nov 2024 23:00,,,,,,,,,,,,,,,,,,,,,,,,,,,,,,,,
23rd Nov 2024 00:00,,,,,,,,,,,,,,,,,,,,,,,,,,,,,,,,
23rd Nov 2024 01:00,,,,,,,,,,,,,,,,,,,,,,,,,,,,,,,,
23rd Nov 2024 02:00,,,,,,,,,,,,,,,,,,,,,,,,,,,,,,,,
23rd Nov 2024 03:00,,,,,,,,,,,,,,,,,,,,,,,,,,,,,,,,
23rd Nov 2024 04:00,,,,,,,,,,,,,,,,,,,,,,,,,,,,,,,,
23rd Nov 2024 05:00,,,,,,,,,,,,,,,,,,,,,,,,,,,,,,,,
23rd Nov 2024 06:00,,,,,,,,,,,,,,,,,,,,,,,,,,,,,,,,
23rd Nov 2024 07:00,,,,,,,,,,,,,,,,,,,,,,,,,,,,,,,,
23rd Nov 2024 08:00,,,,,,,,,,,,,,,,,,,,,,,,,,,,,,,,
23rd Nov 2024 09:00,,,,,,,,,,,,,,,,,,,,,,,,,,,,,,,,
23rd Nov 2024 10:00,,,,,,,,,,,,,,,,,,,,,,,,,,,,,,,,
23rd Nov 2024 11:00,,,,,,,,,,,,,,,,,,,,,,,,,,,,,,,,
23rd Nov 2024 12:00,,,,,,,,,,,,,,,,,,,,,,,,,,,,,,,,
23rd Nov 2024 13:00,,,,,,,,,,,,,,,,,,,,,,,,,,,,,,,,
23rd Nov 2024 14:00,,,,,,,,,,,,,,,,,,,,,,,,,,,,,,,,
23rd Nov 2024 15:00,,,,,,,,,,,,,,,,,,,,,,,,,,,,,,,,
23rd Nov 2024 16:00,,,,,,,,,,,,,,,,,,,,,,,,,,,,,,,,
23rd Nov 2024 17:00,,,,,,,,,,,,,,,,,,,,,,,,,,,,,,,,
23rd Nov 2024 18:00,,,,,,,,,,,,,,,,,,,,,,,,,,,,,,,,
23rd Nov 2024 19:00,,,,,,,,,,,,,,,,,,,,,,,,,,,,,,,,
23rd Nov 2024 20:00,,,,,,,,,,,,,,,,,,,,,,,,,,,,,,,,
23rd Nov 2024 21:00,,,,,,,,,,,,,,,,,,,,,,,,,,,,,,,,
23rd Nov 2024 22:00,,,,,,,,,,,,,,,,,,,,,,,,,,,,,,,,
23rd Nov 2024 23:00,,,,,,,,,,,,,,,,,,,,,,,,,,,,,,,,
24th Nov 2024 00:00,,,,,,,,,,,,,,,,,,,,,,,,,,,,,,,,
24th Nov 2024 01:00,,,,,,,,,,,,,,,,,,,,,,,,,,,,,,,,
24th Nov 2024 02:00,,,,,,,,,,,,,,,,,,,,,,,,,,,,,,,,
24th Nov 2024 03:00,,,,,,,,,,,,,,,,,,,,,,,,,,,,,,,,
24th Nov 2024 04:00,,,,,,,,,,,,,,,,,,,,,,,,,,,,,,,,
24th Nov 2024 05:00,,,,,,,,,,,,,,,,,,,,,,,,,,,,,,,,
24th Nov 2024 06:00,,,,,,,,,,,,,,,,,,,,,,,,,,,,,,,,
24th Nov 2024 07:00,,,,,,,,,,,,,,,,,,,,,,,,,,,,,,,,
24th Nov 2024 08:00,,,,,,,,,,,,,,,,,,,,,,,,,,,,,,,,
24th Nov 2024 09:00,,,,,,,,,,,,,,,,,,,,,,,,,,,,,,,,
24th Nov 2024 10:00,,,,,,,,,,,,,,,,,,,,,,,,,,,,,,,,
24th Nov 2024 11:00,,,,,,,,,,,,,,,,,,,,,,,,,,,,,,,,
24th Nov 2024 12:00,,,,,,,,,,,,,,,,,,,,,,,,,,,,,,,,
24th Nov 2024 13:00,,,,,,,,,,,,,,,,,,,,,,,,,,,,,,,,
24th Nov 2024 14:00,,,,,,,,,,,,,,,,,,,,,,,,,,,,,,,,
24th Nov 2024 15:00,,,,,,,,,,,,,,,,,,,,,,,,,,,,,,,,
24th Nov 2024 16:00,,,,,,,,,,,,,,,,,,,,,,,,,,,,,,,,
24th Nov 2024 17:00,,,,,,,,,,,,,,,,,,,,,,,,,,,,,,,,
24th Nov 2024 18:00,,,,,,,,,,,,,,,,,,,,,,,,,,,,,,,,
24th Nov 2024 19:00,,,,,,,,,,,,,,,,,,,,,,,,,,,,,,,,
24th Nov 2024 20:00,,,,,,,,,,,,,,,,,,,,,,,,,,,,,,,,
24th Nov 2024 21:00,,,,,,,,,,,,,,,,,,,,,,,,,,,,,,,,
24th Nov 2024 22:00,,,,,,,,,,,,,,,,,,,,,,,,,,,,,,,,
24th Nov 2024 23:00,,,,,,,,,,,,,,,,,,,,,,,,,,,,,,,,
25th Nov 2024 00:00,,,,,,,,,,,,,,,,,,,,,,,,,,,,,,,,
25th Nov 2024 01:00,,,,,,,,,,,,,,,,,,,,,,,,,,,,,,,,
25th Nov 2024 02:00,,,,,,,,,,,,,,,,,,,,,,,,,,,,,,,,
25th Nov 2024 03:00,,,,,,,,,,,,,,,,,,,,,,,,,,,,,,,,
25th Nov 2024 04:00,,,,,,,,,,,,,,,,,,,,,,,,,,,,,,,,
25th Nov 2024 05:00,,,,,,,,,,,,,,,,,,,,,,,,,,,,,,,,
25th Nov 2024 06:00,,,,,,,,,,,,,,,,,,,,,,,,,,,,,,,,
25th Nov 2024 07:00,,,,,,,,,,,,,,,,,,,,,,,,,,,,,,,,
25th Nov 2024 08:00,,,,,,,,,,,,,,,,,,,,,,,,,,,,,,,,
25th Nov 2024 09:00,,,,,,,,,,,,,,,,,,,,,,,,,,,,,,,,
25th Nov 2024 10:00,,,,,,,,,,,,,,,,,,,,,,,,,,,,,,,,
25th Nov 2024 11:00,,,,,,,,,,,,,,,,,,,,,,,,,,,,,,,,
25th Nov 2024 12:00,,,,,,,,,,,,,,,,,,,,,,,,,,,,,,,,
25th Nov 2024 13:00,,,,,,,,,,,,,,,,,,,,,,,,,,,,,,,,
25th Nov 2024 14:00,,,,,,,,,,,,,,,,,,,,,,,,,,,,,,,,
25th Nov 2024 15:00,,,,,,,,,,,,,,,,,,,,,,,,,,,,,,,,
25th Nov 2024 16:00,,,,,,,,,,,,,,,,,,,,,,,,,,,,,,,,
25th Nov 2024 17:00,,,,,,,,,,,,,,,,,,,,,,,,,,,,,,,,
25th Nov 2024 18:00,,,,,,,,,,,,,,,,,,,,,,,,,,,,,,,,
25th Nov 2024 19:00,,,,,,,,,,,,,,,,,,,,,,,,,,,,,,,,
25th Nov 2024 20:00,,,,,,,,,,,,,,,,,,,,,,,,,,,,,,,,
25th Nov 2024 21:00,,,,,,,,,,,,,,,,,,,,,,,,,,,,,,,,
25th Nov 2024 22:00,,,,,,,,,,,,,,,,,,,,,,,,,,,,,,,,
25th Nov 2024 23:00,,,,,,,,,,,,,,,,,,,,,,,,,,,,,,,,
26th Nov 2024 00:00,,,,,,,,,,,,,,,,,,,,,,,,,,,,,,,,
26th Nov 2024 01:00,,,,,,,,,,,,,,,,,,,,,,,,,,,,,,,,
26th Nov 2024 02:00,,,,,,,,,,,,,,,,,,,,,,,,,,,,,,,,
26th Nov 2024 03:00,,,,,,,,,,,,,,,,,,,,,,,,,,,,,,,,
26th Nov 2024 04:00,,,,,,,,,,,,,,,,,,,,,,,,,,,,,,,,
26th Nov 2024 05:00,,,,,,,,,,,,,,,,,,,,,,,,,,,,,,,,
26th Nov 2024 06:00,,,,,,,,,,,,,,,,,,,,,,,,,,,,,,,,
26th Nov 2024 07:00,,,,,,,,,,,,,,,,,,,,,,,,,,,,,,,,
26th Nov 2024 08:00,,,,,,,,,,,,,,,,,,,,,,,,,,,,,,,,
26th Nov 2024 09:00,,,,,,,,,,,,,,,,,,,,,,,,,,,,,,,,
26th Nov 2024 10:00,,,,,,,,,,,,,,,,,,,,,,,,,,,,,,,,
26th Nov 2024 11:00,,,,,,,,,,,,,,,,,,,,,,,,,,,,,,,,
26th Nov 2024 12:00,,,,,,,,,,,,,,,,,,,,,,,,,,,,,,,,
26th Nov 2024 13:00,,,,,,,,,,,,,,,,,,,,,,,,,,,,,,,,
26th Nov 2024 14:00,,,,,,,,,,,,,,,,,,,,,,,,,,,,,,,,
26th Nov 2024 15:00,,,,,,,,,,,,,,,,,,,,,,,,,,,,,,,,
26th Nov 2024 16:00,,,,,,,,,,,,,,,,,,,,,,,,,,,,,,,,
26th Nov 2024 17:00,,,,,,,,,,,,,,,,,,,,,,,,,,,,,,,,
26th Nov 2024 18:00,,,,,,,,,,,,,,,,,,,,,,,,,,,,,,,,
26th Nov 2024 19:00,,,,,,,,,,,,,,,,,,,,,,,,,,,,,,,,
26th Nov 2024 20:00,,,,,,,,,,,,,,,,,,,,,,,,,,,,,,,,
26th Nov 2024 21:00,,,,,,,,,,,,,,,,,,,,,,,,,,,,,,,,
26th Nov 2024 22:00,,,,,,,,,,,,,,,,,,,,,,,,,,,,,,,,
26th Nov 2024 23:00,,,,,,,,,,,,,,,,,,,,,,,,,,,,,,,,
27th Nov 2024 00:00,,,,,,,,,,,,,,,,,,,,,,,,,,,,,,,,
27th Nov 2024 01:00,,,,,,,,,,,,,,,,,,,,,,,,,,,,,,,,
27th Nov 2024 02:00,,,,,,,,,,,,,,,,,,,,,,,,,,,,,,,,
27th Nov 2024 03:00,,,,,,,,,,,,,,,,,,,,,,,,,,,,,,,,
27th Nov 2024 04:00,,,,,,,,,,,,,,,,,,,,,,,,,,,,,,,,
27th Nov 2024 05:00,,,,,,,,,,,,,,,,,,,,,,,,,,,,,,,,
27th Nov 2024 06:00,,,,,,,,,,,,,,,,,,,,,,,,,,,,,,,,
27th Nov 2024 07:00,,,,,,,,,,,,,,,,,,,,,,,,,,,,,,,,
27th Nov 2024 08:00,,,,,,,,,,,,,,,,,,,,,,,,,,,,,,,,
27th Nov 2024 09:00,,,,,,,,,,,,,,,,,,,,,,,,,,,,,,,,
27th Nov 2024 10:00,,,,,,,,,,,,,,,,,,,,,,,,,,,,,,,,
27th Nov 2024 11:00,,,,,,,,,,,,,,,,,,,,,,,,,,,,,,,,
27th Nov 2024 12:00,,,,,,,,,,,,,,,,,,,,,,,,,,,,,,,,
27th Nov 2024 13:00,,,,,,,,,,,,,,,,,,,,,,,,,,,,,,,,
27th Nov 2024 14:00,,,,,,,,,,,,,,,,,,,,,,,,,,,,,,,,
27th Nov 2024 15:00,,,,,,,,,,,,,,,,,,,,,,,,,,,,,,,,
27th Nov 2024 16:00,,,,,,,,,,,,,,,,,,,,,,,,,,,,,,,,
27th Nov 2024 17:00,,,,,,,,,,,,,,,,,,,,,,,,,,,,,,,,
27th Nov 2024 18:00,,,,,,,,,,,,,,,,,,,,,,,,,,,,,,,,
27th Nov 2024 19:00,,,,,,,,,,,,,,,,,,,,,,,,,,,,,,,,
27th Nov 2024 20:00,,,,,,,,,,,,,,,,,,,,,,,,,,,,,,,,
27th Nov 2024 21:00,,,,,,,,,,,,,,,,,,,,,,,,,,,,,,,,
27th Nov 2024 22:00,,,,,,,,,,,,,,,,,,,,,,,,,,,,,,,,
27th Nov 2024 23:00,,,,,,,,,,,,,,,,,,,,,,,,,,,,,,,,
28th Nov 2024 00:00,,,,,,,,,,,,,,,,,,,,,,,,,,,,,,,,
28th Nov 2024 01:00,,,,,,,,,,,,,,,,,,,,,,,,,,,,,,,,
28th Nov 2024 02:00,,,,,,,,,,,,,,,,,,,,,,,,,,,,,,,,
28th Nov 2024 03:00,,,,,,,,,,,,,,,,,,,,,,,,,,,,,,,,
28th Nov 2024 04:00,,,,,,,,,,,,,,,,,,,,,,,,,,,,,,,,
28th Nov 2024 05:00,,,,,,,,,,,,,,,,,,,,,,,,,,,,,,,,
28th Nov 2024 06:00,,,,,,,,,,,,,,,,,,,,,,,,,,,,,,,,
28th Nov 2024 07:00,,,,,,,,,,,,,,,,,,,,,,,,,,,,,,,,
28th Nov 2024 08:00,,,,,,,,,,,,,,,,,,,,,,,,,,,,,,,,
28th Nov 2024 09:00,,,,,,,,,,,,,,,,,,,,,,,,,,,,,,,,
28th Nov 2024 10:00,,,,,,,,,,,,,,,,,,,,,,,,,,,,,,,,
28th Nov 2024 11:00,,,,,,,,,,,,,,,,,,,,,,,,,,,,,,,,
28th Nov 2024 12:00,,,,,,,,,,,,,,,,,,,,,,,,,,,,,,,,
28th Nov 2024 13:00,,,,,,,,,,,,,,,,,,,,,,,,,,,,,,,,
28th Nov 2024 14:00,,,,,,,,,,,,,,,,,,,,,,,,,,,,,,,,
28th Nov 2024 15:00,,,,,,,,,,,,,,,,,,,,,,,,,,,,,,,,
28th Nov 2024 16:00,,,,,,,,,,,,,,,,,,,,,,,,,,,,,,,,
28th Nov 2024 17:00,,,,,,,,,,,,,,,,,,,,,,,,,,,,,,,,
28th Nov 2024 18:00,,,,,,,,,,,,,,,,,,,,,,,,,,,,,,,,
28th Nov 2024 19:00,,,,,,,,,,,,,,,,,,,,,,,,,,,,,,,,
28th Nov 2024 20:00,,,,,,,,,,,,,,,,,,,,,,,,,,,,,,,,
28th Nov 2024 21:00,,,,,,,,,,,,,,,,,,,,,,,,,,,,,,,,
28th Nov 2024 22:00,,,,,,,,,,,,,,,,,,,,,,,,,,,,,,,,
28th Nov 2024 23:00,,,,,,,,,,,,,,,,,,,,,,,,,,,,,,,,
29th Nov 2024 00:00,,,,,,,,,,,,,,,,,,,,,,,,,,,,,,,,
29th Nov 2024 01:00,,,,,,,,,,,,,,,,,,,,,,,,,,,,,,,,
29th Nov 2024 02:00,,,,,,,,,,,,,,,,,,,,,,,,,,,,,,,,
29th Nov 2024 03:00,,,,,,,,,,,,,,,,,,,,,,,,,,,,,,,,
29th Nov 2024 04:00,,,,,,,,,,,,,,,,,,,,,,,,,,,,,,,,
29th Nov 2024 05:00,,,,,,,,,,,,,,,,,,,,,,,,,,,,,,,,
29th Nov 2024 06:00,,,,,,,,,,,,,,,,,,,,,,,,,,,,,,,,
29th Nov 2024 07:00,,,,,,,,,,,,,,,,,,,,,,,,,,,,,,,,
29th Nov 2024 08:00,,,,,,,,,,,,,,,,,,,,,,,,,,,,,,,,
29th Nov 2024 09:00,,,,,,,,,,,,,,,,,,,,,,,,,,,,,,,,
29th Nov 2024 10:00,,,,,,,,,,,,,,,,,,,,,,,229,,,,,,,,,
29th Nov 2024 11:00,,,,,,,,,,,,,,,,,,,,,,,280,,,,,,,,,
29th Nov 2024 12:00,,,,,,,,,,,,,,,,,,,,,,,295,,,,,,,,,
29th Nov 2024 13:00,,,,,,,,,,,,,,,,,,,,,,,267,,,,,,,,,
29th Nov 2024 14:00,,,,,,,,,,,,,,,,,,,,,,,332,,,,,,,,,
29th Nov 2024 15:00,,,,,,,,,,,,,,,,,,,,,,,433,,,,,,,,,
29th Nov 2024 16:00,,,,,,,,,,,,,,,,,,,,,,,526,,,,,,,,,
29th Nov 2024 17:00,,,,,,,,,,,,,,,,,,,,,,,623,,,,,,,,,
29th Nov 2024 18:00,,,,,,,,,,,,,,,,,,,,,,,575,,,,,,,,,
29th Nov 2024 19:00,,,,,,,,,,,,,,,,,,,,,,,424,,,,,,,,,
29th Nov 2024 20:00,,,,,,,,,,,,,,,,,,,,,,,336,,,,,,,,,
29th Nov 2024 21:00,,,,,,,,,,,,,,,,,,,,,,,374,,,,,,,,,
29th Nov 2024 22:00,,,,,,,,,,,,,,,,,,,,,,,250,,,,,,,,,
29th Nov 2024 23:00,,,,,,,,,,,,,,,,,,,,,,,230,,,,,,,,,
30th Nov 2024 00:00,,,,,,,,,,,,,,,,,,,,,,,113,,,,,,,,,
30th Nov 2024 01:00,,,,,,,,,,,,,,,,,,,,,,,56,,,,,,,,,
30th Nov 2024 02:00,,,,,,,,,,,,,,,,,,,,,,,34,,,,,,,,,
30th Nov 2024 03:00,,,,,,,,,,,,,,,,,,,,,,,7,,,,,,,,,
30th Nov 2024 04:00,,,,,,,,,,,,,,,,,,,,,,,23,,,,,,,,,
30th Nov 2024 05:00,,,,,,,,,,,,,,,,,,,,,,,91,,,,,,,,,
30th Nov 2024 06:00,,,,,,,,,,,,,,,,,,,,,,,120,,,,,,,,,
30th Nov 2024 07:00,,,,,,,,,,,,,,,,,,,,,,,117,,,,,,,,,
30th Nov 2024 08:00,,,,,,,,,,,,,,,,,,,,,,,199,,,,,,,,,
30th Nov 2024 09:00,,,,,,,,,,,,,,,,,,,,,,,302,,,,,,,,,
30th Nov 2024 10:00,,,,,,,,,,,,,,,,,,,,,,,345,,,,,,,,,
30th Nov 2024 11:00,,,,,,,,,,,,,,,,,,,,,,,404,,,,,,,,,
30th Nov 2024 12:00,,,,,,,,,,,,,,,,,,,,,,,443,,,,,,,,,
30th Nov 2024 13:00,,,,,,,,,,,,,,,,,,,,,,,439,,,,,,,,,
30th Nov 2024 14:00,,,,,,,,,,,,,,,,,,,,,,,438,,,,,,,,,
30th Nov 2024 15:00,,,,,,,,,,,,,,,,,,,,,,,370,,,,,,,,,
30th Nov 2024 16:00,,,,,,,,,,,,,,,,,,,,,,,512,,,,,,,,,
30th Nov 2024 17:00,,,,,,,,,,,,,,,,,,,,,,,526,,,,,,,,,
30th Nov 2024 18:00,,,,,,,,,,,,,,,,,,,,,,,699,,,,,,,,,
30th Nov 2024 19:00,,,,,,,,,,,,,,,,,,,,,,,424,,,,,,,,,
30th Nov 2024 20:00,,,,,,,,,,,,,,,,,,,,,,,446,,,,,,,,,
30th Nov 2024 21:00,,,,,,,,,,,,,,,,,,,,,,,359,,,,,,,,,
30th Nov 2024 22:00,,,,,,,,,,,,,,,,,,,,,,,283,,,,,,,,,
30th Nov 2024 23:00,,,,,,,,,,,,,,,,,,,,,,,243,,,,,,,,,
1st Dec 2024 00:00,,,,,,,,,,,,,,,,,,,,,,,115,,,,,,,,,
1st Dec 2024 01:00,,,,,,,,,,,,,,,,,,,,,,,64,,,,,,,,,
1st Dec 2024 02:00,,,,,,,,,,,,,,,,,,,,,,,30,,,,,,,,,
1st Dec 2024 03:00,,,,,,,,,,,,,,,,,,,,,,,25,,,,,,,,,
1st Dec 2024 04:00,,,,,,,,,,,,,,,,,,,,,,,20,,,,,,,,,
1st Dec 2024 05:00,,,,,,,,,,,,,,,,,,,,,,,65,,,,,,,,,
1st Dec 2024 06:00,,,,,,,,,,,,,,,,,,,,,,,81,,,,,,,,,
1st Dec 2024 07:00,,,,,,,,,,,,,,,,,,,,,,,139,,,,,,,,,
1st Dec 2024 08:00,,,,,,,,,,,,,,,,,,,,,,,203,,,,,,,,,
1st Dec 2024 09:00,,,,,,,,,,,,,,,,,,,,,,,313,,,,,,,,,
1st Dec 2024 10:00,,,,,,,,,,,,,,,,,,,,,,,285,,,,,,,,,
1st Dec 2024 11:00,,,,,,,,,,,,,,,,,,,,,,,353,,,,,,,,,
1st Dec 2024 12:00,,,,,,,,,,,,,,,,,,,,,,,365,,,,,,,,,
1st Dec 2024 13:00,,,,,,,,,,,,,,,,,,,,,,,363,,,,,,,,,
1st Dec 2024 14:00,,,,,,,,,,,,,,,,,,,,,,,318,,,,,,,,,
1st Dec 2024 15:00,,,,,,,,,,,,,,,,,,,,,,,285,,,,,,,,,
1st Dec 2024 16:00,,,,,,,,,,,,,,,,,,,,,,,388,,,,,,,,,
1st Dec 2024 17:00,,,,,,,,,,,,,,,,,,,,,,,414,,,,,,,,,
1st Dec 2024 18:00,,,,,,,,,,,,,,,,,,,,,,,488,,,,,,,,,
1st Dec 2024 19:00,,,,,,,,,,,,,,,,,,,,,,,487,,,,,,,,,
1st Dec 2024 20:00,,,,,,,,,,,,,,,,,,,,,,,461,,,,,,,,,
1st Dec 2024 21:00,,,,,,,,,,,,,,,,,,,,,,,294,,,,,,,,,
1st Dec 2024 22:00,,,,,,,,,,,,,,,,,,,,,,,208,,,,,,,,,
1st Dec 2024 23:00,,,,,,,,,,,,,,,,,,,,,,,185,,,,,,,,,
2nd Dec 2024 00:00,,,,,,,,,,,,,,,,,,,,,,,88,,,,,,,,,
2nd Dec 2024 01:00,,,,,,,,,,,,,,,,,,,,,,,25,,,,,,,,,
2nd Dec 2024 02:00,,,,,,,,,,,,,,,,,,,,,,,6,,,,,,,,,
2nd Dec 2024 03:00,,,,,,,,,,,,,,,,,,,,,,,24,,,,,,,,,
2nd Dec 2024 04:00,,,,,,,,,,,,,,,,,,,,,,,48,,,,,,,,,
2nd Dec 2024 05:00,,,,,,,,,,,,,,,,,,,,,,,160,,,,,,,,,
2nd Dec 2024 06:00,,,,,,,,,,,,,,,,,,,,,,,217,,,,,,,,,
2nd Dec 2024 07:00,,,,,,,,,,,,,,,,,,,,,,,304,,,,,,,,,
2nd Dec 2024 08:00,,,,,,,,,,,,,,,,,,,,,,,205,,,,,,,,,
2nd Dec 2024 09:00,,,,,,,,,,,,,,,,,,,,,,,9,,,,,,,,,
2nd Dec 2024 10:00,,,,,,,,,,,,,,,,,,,,,,,1,,,,,,,,,
2nd Dec 2024 11:00,,,,,,,,,,,,,,,,,,,,,,,0,,,,,,,,,
2nd Dec 2024 12:00,,,,,,,,,,,,,,,,,,,,,,,0,,,,,,,,,
2nd Dec 2024 13:00,,,,,,,,,,,,,,,,,,,,,,,0,,,,,,,,,
2nd Dec 2024 14:00,,,,,,,,,,,,,,,,,,,,,,,0,,,,,,,,,
2nd Dec 2024 15:00,,,,,,,,,,,,,,,,,,,,,,,0,,,,,,,,,
2nd Dec 2024 16:00,,,,,,,,,,,,,,,,,,,,,,,0,,,,,,,,,
2nd Dec 2024 17:00,,,,,,,,,,,,,,,,,,,,,,,0,,,,,,,,,
2nd Dec 2024 18:00,,,,,,,,,,,,,,,,,,,,,,,400,,,,,,,,,
2nd Dec 2024 19:00,,,,,,,,,,,,,,,,,,,,,,,389,,,,,,,,,
2nd Dec 2024 20:00,,,,,,,,,,,,,,,,,,,,,,,399,,,,,,,,,
2nd Dec 2024 21:00,,,,,,,,,,,,,,,,,,,,,,,305,,,,,,,,,
2nd Dec 2024 22:00,,,,,,,,,,,,,,,,,,,,,,,211,,,,,,,,,
2nd Dec 2024 23:00,,,,,,,,,,,,,,,,,,,,,,,132,,,,,,,,,
3rd Dec 2024 00:00,,,,,,,,,,,,,,,,,,,,,,,58,,,,,,,,,
3rd Dec 2024 01:00,,,,,,,,,,,,,,,,,,,,,,,27,,,,,,,,,
3rd Dec 2024 02:00,,,,,,,,,,,,,,,,,,,,,,,12,,,,,,,,,
3rd Dec 2024 03:00,,,,,,,,,,,,,,,,,,,,,,,19,,,,,,,,,
3rd Dec 2024 04:00,,,,,,,,,,,,,,,,,,,,,,,38,,,,,,,,,
3rd Dec 2024 05:00,,,,,,,,,,,,,,,,,,,,,,,171,,,,,,,,,
3rd Dec 2024 06:00,,,,,,,,,,,,,,,,,,,,,,,265,,,,,,,,,
3rd Dec 2024 07:00,,,,,,,,,,,,,,,,,,,,,,,363,,,,,,,,,
3rd Dec 2024 08:00,,,,,,,,,,,,,,,,,,,,,,,379,,,,,,,,,
3rd Dec 2024 09:00,,,,,,,,,,,,,,,,,,,,,,,276,,,,,,,,,
3rd Dec 2024 10:00,,,,,,,,,,,,,,,,,,,,,,,294,,,,,,,,,
3rd Dec 2024 11:00,,,,,,,,,,,,,,,,,,,,,,,269,,,,,,,,,
3rd Dec 2024 12:00,,,,,,,,,,,,,,,,,,,,,,,242,,,,,,,,,
3rd Dec 2024 13:00,,,,,,,,,,,,,,,,,,,,,,,284,,,,,,,,,
3rd Dec 2024 14:00,,,,,,,,,,,,,,,,,,,,,,,336,,,,,,,,,
3rd Dec 2024 15:00,,,,,,,,,,,,,,,,,,,,,,,383,,,,,,,,,
3rd Dec 2024 16:00,,,,,,,,,,,,,,,,,,,,,,,458,,,,,,,,,
3rd Dec 2024 17:00,,,,,,,,,,,,,,,,,,,,,,,574,,,,,,,,,
3rd Dec 2024 18:00,,,,,,,,,,,,,,,,,,,,,,,637,,,,,,,,,
3rd Dec 2024 19:00,,,,,,,,,,,,,,,,,,,,,,,414,,,,,,,,,
3rd Dec 2024 20:00,,,,,,,,,,,,,,,,,,,,,,,306,,,,,,,,,
3rd Dec 2024 21:00,,,,,,,,,,,,,,,,,,,,,,,250,,,,,,,,,
3rd Dec 2024 22:00,,,,,,,,,,,,,,,,,,,,,,,181,,,,,,,,,
3rd Dec 2024 23:00,,,,,,,,,,,,,,,,,,,,,,,115,,,,,,,,,
4th Dec 2024 00:00,,,,,,,,,,,,,,,,,,,,,,,43,,,,,,,,,
4th Dec 2024 01:00,,,,,,,,,,,,,,,,,,,,,,,30,,,,,,,,,
4th Dec 2024 02:00,,,,,,,,,,,,,,,,,,,,,,,9,,,,,,,,,
4th Dec 2024 03:00,,,,,,,,,,,,,,,,,,,,,,,18,,,,,,,,,
4th Dec 2024 04:00,,,,,,,,,,,,,,,,,,,,,,,38,,,,,,,,,
4th Dec 2024 05:00,,,,,,,,,,,,,,,,,,,,,,,193,,,,,,,,,
4th Dec 2024 06:00,,,,,,,,,,,,,,,,,,,,,,,254,,,,,,,,,
4th Dec 2024 07:00,,,,,,,,,,,,,,,,,,,,,,,267,,,,,,,,,
4th Dec 2024 08:00,,,,,,,,,,,,,,,,,,,,,,,358,,,,,,,,,
4th Dec 2024 09:00,,,,,,,,,,,,,,,,,,,,,,,283,,,,,,,,,
4th Dec 2024 10:00,,,,,,,,,,,,,,,,,,,,,,,266,,,,,,,,,
4th Dec 2024 11:00,,,,,,,,,,,,,,,,,,,,,,,263,,,,,,,,,
4th Dec 2024 12:00,,,,,,,,,,,,,,,,,,,,,,,270,,,,,,,,,
4th Dec 2024 13:00,,,,,,,,,,,,,,,,,,,,,,,280,,,,,,,,,
4th Dec 2024 14:00,,,,,,,,,,,,,,,,,,,,,,,362,,,,,,,,,
4th Dec 2024 15:00,,,,,,,,,,,,,,,,,,,,,,,469,,,,,,,,,
4th Dec 2024 16:00,,,,,,,,,,,,,,,,,,,,,,,490,,,,,,,,,
4th Dec 2024 17:00,,,,,,,,,,,,,,,,,,,,,,,523,,,,,,,,,
4th Dec 2024 18:00,,,,,,,,,,,,,,,,,,,,,,,543,,,,,,,,,
4th Dec 2024 19:00,,,,,,,,,,,,,,,,,,,,,,,337,,,,,,,,,
4th Dec 2024 20:00,,,,,,,,,,,,,,,,,,,,,,,337,,,,,,,,,
4th Dec 2024 21:00,,,,,,,,,,,,,,,,,,,,,,,324,,,,,,,,,
4th Dec 2024 22:00,,,,,,,,,,,,,,,,,,,,,,,230,,,,,,,,,
4th Dec 2024 23:00,,,,,,,,,,,,,,,,,,,,,,,104,,,,,,,,,
5th Dec 2024 00:00,,,,,,,,,,,,,,,,,,,,,,,82,,,,,,,,,
5th Dec 2024 01:00,,,,,,,,,,,,,,,,,,,,,,,21,,,,,,,,,
5th Dec 2024 02:00,,,,,,,,,,,,,,,,,,,,,,,13,,,,,,,,,
5th Dec 2024 03:00,,,,,,,,,,,,,,,,,,,,,,,21,,,,,,,,,
5th Dec 2024 04:00,,,,,,,,,,,,,,,,,,,,,,,34,,,,,,,,,
5th Dec 2024 05:00,,,,,,,,,,,,,,,,,,,,,,,200,,,,,,,,,
5th Dec 2024 06:00,,,,,,,,,,,,,,,,,,,,,,,231,,,,,,,,,
5th Dec 2024 07:00,,,,,,,,,,,,,,,,,,,,,,,285,,,,,,,,,
5th Dec 2024 08:00,,,,,,,,,,,,,,,,,,,,,,,350,,,,,,,,,
5th Dec 2024 09:00,,,,,,,,,,,,,,,,,,,,,,,301,,,,,,,,,
5th Dec 2024 10:00,,,,,,,,,,,,,,,,,,,,,,,253,,,,,,,,,
5th Dec 2024 11:00,,,,,,,,,,,,,,,,,,,,,,,298,,,,,,,,,
5th Dec 2024 12:00,,,,,,,,,,,,,,,,,,,,,,,272,,,,,,,,,
5th Dec 2024 13:00,,,,,,,,,,,,,,,,,,,,,,,303,,,,,,,,,
5th Dec 2024 14:00,,,,,,,,,,,,,,,,,,,,,,,265,,,,,,,,,
5th Dec 2024 15:00,,,,,,,,,,,,,,,,,,,,,,,451,,,,,,,,,
5th Dec 2024 16:00,,,,,,,,,,,,,,,,,,,,,,,406,,,,,,,,,
5th Dec 2024 17:00,,,,,,,,,,,,,,,,,,,,,,,403,,,,,,,,,
5th Dec 2024 18:00,,,,,,,,,,,,,,,,,,,,,,,399,,,,,,,,,
5th Dec 2024 19:00,,,,,,,,,,,,,,,,,,,,,,,427,,,,,,,,,
5th Dec 2024 20:00,,,,,,,,,,,,,,,,,,,,,,,417,,,,,,,,,
5th Dec 2024 21:00,,,,,,,,,,,,,,,,,,,,,,,382,,,,,,,,,
5th Dec 2024 22:00,,,,,,,,,,,,,,,,,,,,,,,229,,,,,,,,,
5th Dec 2024 23:00,,,,,,,,,,,,,,,,,,,,,,,93,,,,,,,,,
6th Dec 2024 00:00,,,,,,,,,,,,,,,,,,,,,,,101,,,,,,,,,
6th Dec 2024 01:00,,,,,,,,,,,,,,,,,,,,,,,23,,,,,,,,,
6th Dec 2024 02:00,,,,,,,,,,,,,,,,,,,,,,,17,,,,,,,,,
6th Dec 2024 03:00,,,,,,,,,,,,,,,,,,,,,,,12,,,,,,,,,
6th Dec 2024 04:00,,,,,,,,,,,,,,,,,,,,,,,27,,,,,,,,,
6th Dec 2024 05:00,,,,,,,,,,,,,,,,,,,,,,,217,,,,,,,,,
6th Dec 2024 06:00,,,,,,,,,,,,,,,,,,,,,,,249,,,,,,,,,
6th Dec 2024 07:00,,,,,,,,,,,,,,,,,,,,,,,267,,,,,,,,,
6th Dec 2024 08:00,,,,,,,,,,,,,,,,,,,,,,,361,,,,,,,,,
6th Dec 2024 09:00,,,,,,,,,,,,,,,,,,,,,,,357,,,,,,,,,
6th Dec 2024 10:00,,,,,,,,,,,,,,,,,,,,,,,255,,,,,,,,,
6th Dec 2024 11:00,,,,,,,,,,,,,,,,,,,,,,,284,,,,,,,,,
6th Dec 2024 12:00,,,,,,,,,,,,,,,,,,,,,,,298,,,,,,,,,
6th Dec 2024 13:00,,,,,,,,,,,,,,,,,,,,,,,268,,,,,,,,,
6th Dec 2024 14:00,,,,,,,,,,,,,,,,,,,,,,,277,,,,,,,,,
6th Dec 2024 15:00,,,,,,,,,,,,,,,,,,,,,,,384,,,,,,,,,
6th Dec 2024 16:00,,,,,,,,,,,,,,,,,,,,,,,476,,,,,,,,,
6th Dec 2024 17:00,,,,,,,,,,,,,,,,,,,,,,,565,,,,,,,,,
6th Dec 2024 18:00,,,,,,,,,,,,,,,,,,,,,,,647,,,,,,,,,
6th Dec 2024 19:00,,,,,,,,,,,,,,,,,,,,,,,583,,,,,,,,,
6th Dec 2024 20:00,,,,,,,,,,,,,,,,,,,,,,,523,,,,,,,,,
6th Dec 2024 21:00,,,,,,,,,,,,,,,,,,,,,,,396,,,,,,,,,
6th Dec 2024 22:00,,,,,,,,,,,,,,,,,,,,,,,331,,,,,,,,,
6th Dec 2024 23:00,,,,,,,,,,,,,,,,,,,,,,,241,,,,,,,,,
7th Dec 2024 00:00,,,,,,,,,,,,,,,,,,,,,,,186,,,,,,,,,
7th Dec 2024 01:00,,,,,,,,,,,,,,,,,,,,,,,74,,,,,,,,,
7th Dec 2024 02:00,,,,,,,,,,,,,,,,,,,,,,,14,,,,,,,,,
7th Dec 2024 03:00,,,,,,,,,,,,,,,,,,,,,,,25,,,,,,,,,
7th Dec 2024 04:00,,,,,,,,,,,,,,,,,,,,,,,23,,,,,,,,,
7th Dec 2024 05:00,,,,,,,,,,,,,,,,,,,,,,,121,,,,,,,,,
7th Dec 2024 06:00,,,,,,,,,,,,,,,,,,,,,,,151,,,,,,,,,
7th Dec 2024 07:00,,,,,,,,,,,,,,,,,,,,,,,160,,,,,,,,,
7th Dec 2024 08:00,,,,,,,,,,,,,,,,,,,,,,,242,,,,,,,,,
7th Dec 2024 09:00,,,,,,,,,,,,,,,,,,,,,,,,,,,,,,,,
7th Dec 2024 10:00,,,,,,,,,,,,,,,,,,,,,,,,,,,,,,,,
7th Dec 2024 11:00,,,,,,,,,,,,,,,,,,,,,,,,,,,,,,,,
7th Dec 2024 12:00,,,,,,,,,,,,,,,,,,,,,,,,,,,,,,,,
7th Dec 2024 13:00,,,,,,,,,,,,,,,,,,,,,,,,,,,,,,,,
7th Dec 2024 14:00,,,,,,,,,,,,,,,,,,,,,,,,,,,,,,,,
7th Dec 2024 15:00,,,,,,,,,,,,,,,,,,,,,,,,,,,,,,,,
7th Dec 2024 16:00,,,,,,,,,,,,,,,,,,,,,,,,,,,,,,,,
7th Dec 2024 17:00,,,,,,,,,,,,,,,,,,,,,,,,,,,,,,,,
7th Dec 2024 18:00,,,,,,,,,,,,,,,,,,,,,,,,,,,,,,,,
7th Dec 2024 19:00,,,,,,,,,,,,,,,,,,,,,,,,,,,,,,,,
7th Dec 2024 20:00,,,,,,,,,,,,,,,,,,,,,,,,,,,,,,,,
7th Dec 2024 21:00,,,,,,,,,,,,,,,,,,,,,,,,,,,,,,,,
7th Dec 2024 22:00,,,,,,,,,,,,,,,,,,,,,,,,,,,,,,,,
7th Dec 2024 23:00,,,,,,,,,,,,,,,,,,,,,,,,,,,,,,,,
8th Dec 2024 00:00,,,,,,,,,,,,,,,,,,,,,,,,,,,,,,,,
8th Dec 2024 01:00,,,,,,,,,,,,,,,,,,,,,,,,,,,,,,,,
8th Dec 2024 02:00,,,,,,,,,,,,,,,,,,,,,,,,,,,,,,,,
8th Dec 2024 03:00,,,,,,,,,,,,,,,,,,,,,,,,,,,,,,,,
8th Dec 2024 04:00,,,,,,,,,,,,,,,,,,,,,,,,,,,,,,,,
8th Dec 2024 05:00,,,,,,,,,,,,,,,,,,,,,,,,,,,,,,,,
8th Dec 2024 06:00,,,,,,,,,,,,,,,,,,,,,,,,,,,,,,,,
8th Dec 2024 07:00,,,,,,,,,,,,,,,,,,,,,,,,,,,,,,,,
8th Dec 2024 08:00,,,,,,,,,,,,,,,,,,,,,,,,,,,,,,,,
8th Dec 2024 09:00,,,,,,,,,,,,,,,,,,,,,,,,,,,,,,,,
8th Dec 2024 10:00,,,,,,,,,,,,,,,,,,,,,,,,,,,,,,,,
8th Dec 2024 11:00,,,,,,,,,,,,,,,,,,,,,,,,,,,,,,,,
8th Dec 2024 12:00,,,,,,,,,,,,,,,,,,,,,,,,,,,,,,,,
8th Dec 2024 13:00,,,,,,,,,,,,,,,,,,,,,,,,,,,,,,,,
8th Dec 2024 14:00,,,,,,,,,,,,,,,,,,,,,,,,,,,,,,,,
8th Dec 2024 15:00,,,,,,,,,,,,,,,,,,,,,,,,,,,,,,,,
8th Dec 2024 16:00,,,,,,,,,,,,,,,,,,,,,,,,,,,,,,,,
8th Dec 2024 17:00,,,,,,,,,,,,,,,,,,,,,,,,,,,,,,,,
8th Dec 2024 18:00,,,,,,,,,,,,,,,,,,,,,,,,,,,,,,,,
8th Dec 2024 19:00,,,,,,,,,,,,,,,,,,,,,,,,,,,,,,,,
8th Dec 2024 20:00,,,,,,,,,,,,,,,,,,,,,,,,,,,,,,,,
8th Dec 2024 21:00,,,,,,,,,,,,,,,,,,,,,,,,,,,,,,,,
8th Dec 2024 22:00,,,,,,,,,,,,,,,,,,,,,,,,,,,,,,,,
8th Dec 2024 23:00,,,,,,,,,,,,,,,,,,,,,,,,,,,,,,,,
9th Dec 2024 00:00,,,,,,,,,,,,,,,,,,,,,,,,,,,,,,,,
9th Dec 2024 01:00,,,,,,,,,,,,,,,,,,,,,,,,,,,,,,,,
9th Dec 2024 02:00,,,,,,,,,,,,,,,,,,,,,,,,,,,,,,,,
9th Dec 2024 03:00,,,,,,,,,,,,,,,,,,,,,,,,,,,,,,,,
9th Dec 2024 04:00,,,,,,,,,,,,,,,,,,,,,,,,,,,,,,,,
9th Dec 2024 05:00,,,,,,,,,,,,,,,,,,,,,,,,,,,,,,,,
9th Dec 2024 06:00,,,,,,,,,,,,,,,,,,,,,,,,,,,,,,,,
9th Dec 2024 07:00,,,,,,,,,,,,,,,,,,,,,,,,,,,,,,,,
9th Dec 2024 08:00,,,,,,,,,,,,,,,,,,,,,,,,,,,,,,,,
9th Dec 2024 09:00,,,,,,,,,,,,,,,,,,,,,,,,,,,,,,,,
9th Dec 2024 10:00,,,,,,,,,,,,,,,,,,,,,,,,,,,,,,,,
9th Dec 2024 11:00,,,,,,,,,,,,,,,,,,,,,,,,,,,,,,,,
9th Dec 2024 12:00,,,,,,,,,,,,,,,,,,,,,,,,,,,,,,,,
9th Dec 2024 13:00,,,,,,,,,,,,,,,,,,,,,,,,,,,,,,,,
9th Dec 2024 14:00,,,,,,,,,,,,,,,,,,,,,,,,,,,,,,,,
9th Dec 2024 15:00,,,,,,,,,,,,,,,,,,,,,,,,,,,,,,,,
9th Dec 2024 16:00,,,,,,,,,,,,,,,,,,,,,,,,,,,,,,,,
9th Dec 2024 17:00,,,,,,,,,,,,,,,,,,,,,,,,,,,,,,,,
9th Dec 2024 18:00,,,,,,,,,,,,,,,,,,,,,,,,,,,,,,,,
9th Dec 2024 19:00,,,,,,,,,,,,,,,,,,,,,,,,,,,,,,,,
9th Dec 2024 20:00,,,,,,,,,,,,,,,,,,,,,,,,,,,,,,,,
9th Dec 2024 21:00,,,,,,,,,,,,,,,,,,,,,,,,,,,,,,,,
9th Dec 2024 22:00,,,,,,,,,,,,,,,,,,,,,,,,,,,,,,,,
9th Dec 2024 23:00,,,,,,,,,,,,,,,,,,,,,,,,,,,,,,,,
10th Dec 2024 00:00,,,,,,,,,,,,,,,,,,,,,,,,,,,,,,,,
10th Dec 2024 01:00,,,,,,,,,,,,,,,,,,,,,,,,,,,,,,,,
10th Dec 2024 02:00,,,,,,,,,,,,,,,,,,,,,,,,,,,,,,,,
10th Dec 2024 03:00,,,,,,,,,,,,,,,,,,,,,,,,,,,,,,,,
10th Dec 2024 04:00,,,,,,,,,,,,,,,,,,,,,,,,,,,,,,,,
10th Dec 2024 05:00,,,,,,,,,,,,,,,,,,,,,,,,,,,,,,,,
10th Dec 2024 06:00,,,,,,,,,,,,,,,,,,,,,,,,,,,,,,,,
10th Dec 2024 07:00,,,,,,,,,,,,,,,,,,,,,,,,,,,,,,,,
10th Dec 2024 08:00,,,,,,,,,,,,,,,,,,,,,,,,,,,,,,,,
10th Dec 2024 09:00,,,,,,,,,,,,,,,,,,,,,,,,,,,,,,,,
10th Dec 2024 10:00,,,,,,,,,,,,,,,,,,,,,,,,,,,,,,,,
10th Dec 2024 11:00,,,,,,,,,,,,,,,,,,,,,,,,,,,,,,,,
10th Dec 2024 12:00,,,,,,,,,,,,,,,,,,,,,,,,,,,,,,,,
10th Dec 2024 13:00,,,,,,,,,,,,,,,,,,,,,,,,,,,,,,,,
10th Dec 2024 14:00,,,,,,,,,,1,,,,,,,,,,,,,,,,,,,,,,
10th Dec 2024 15:00,,,,,,,,,,2,,,,,,,,,,,,,,,,,,,,,,
10th Dec 2024 16:00,,,,,,,,,,5,,,,,,,,,,,,,,,,,,,,,,
10th Dec 2024 17:00,,,,,,,,,,11,,,,,,,,,,,,,,,,,,,,,,
10th Dec 2024 18:00,,,,,,,,,,31,,,,,,,,,,,,,,,,,,,,,,
10th Dec 2024 19:00,,,,,,,,,,31,,,,,,,,,,,,,,,,,,,,,,
10th Dec 2024 20:00,,,,,,,,,,16,,,,,,,,,,,,,,,,,,,,,,
10th Dec 2024 21:00,,,,,,,,,,1,,,,,,,,,,,,,,,,,,,,,,
10th Dec 2024 22:00,,,,,,,,,,1,,,,,,,,,,,,,,,,,,,,,,
10th Dec 2024 23:00,,,,,,,,,,0,,,,,,,,,,,,,,,,,,,,,,
11th Dec 2024 00:00,,,,,,,,,,0,,,,,,,,,,,,,,,,,,,,,,
11th Dec 2024 01:00,,,,,,,,,,2,,,,,,,,,,,,,,,,,,,,,,
11th Dec 2024 02:00,,,,,,,,,,0,,,,,,,,,,,,,,,,,,,,,,
11th Dec 2024 03:00,,,,,,,,,,5,,,,,,,,,,,,,,,,,,,,,,
11th Dec 2024 04:00,,,,,,,,,,3,,,,,,,,,,,,,,,,,,,,,,
11th Dec 2024 05:00,,,,,,,,,,10,,,,,,,,,,,,,,,,,,,,,,
11th Dec 2024 06:00,,,,,,,,,,41,,,,,,,,,,,,,,,,,,,,,,
11th Dec 2024 07:00,,,,,,,,,,68,,,,,,,,,,,,,,,,,,,,,,
11th Dec 2024 08:00,,,,,,,,,,16,,,,,,,,,,,,,,,,,,,,,,
11th Dec 2024 09:00,,,,,,,,,,7,,,,,,,,,,,,,,,,,,,,,,
11th Dec 2024 10:00,,,,,,,,,,27,,,,,,,,,,,,,,,,,,,,,,
11th Dec 2024 11:00,,,,,,,,,,26,,,,,,,,,,,,,,,,,,,,,,
11th Dec 2024 12:00,,,,,,,,,,2,,,,,,,,,,,,,,,,,,,,,,
11th Dec 2024 13:00,,,,,,,,,,12,,,,,,,,,,,,,,,,,,,,,,
11th Dec 2024 14:00,,,,,,,,,,2,,,,,,,,,,,,,,,,,,,,,,
11th Dec 2024 15:00,,,,,,,,,,9,,,,,,,,,,,,,,,,,,,,,,
11th Dec 2024 16:00,,,,,,,,,,1,,,,,,,,,,,,,,,,,,,,,,
11th Dec 2024 17:00,,,,,,,,,,16,,,,,,,,,,,,,,,,,,,,,,
11th Dec 2024 18:00,,,,,,,,,,38,,,,,,,,,,,,,,,,,,,,,,
11th Dec 2024 19:00,,,,,,,,,,21,,,,,,,,,,,,,,,,,,,,,,
11th Dec 2024 20:00,,,,,,,,,,8,,,,,,,,,,,,,,,,,,,,,,
11th Dec 2024 21:00,,,,,,,,,,2,,,,,,,,,,,,,,,,,,,,,,
11th Dec 2024 22:00,,,,,,,,,,0,,,,,,,,,,,,,,,,,,,,,,
11th Dec 2024 23:00,,,,,,,,,,0,,,,,,,,,,,,,,,,,,,,,,
12th Dec 2024 00:00,,,,,,,,,,0,,,,,,,,,,,,,,,,,,,,,,
12th Dec 2024 01:00,,,,,,,,,,1,,,,,,,,,,,,,,,,,,,,,,
12th Dec 2024 02:00,,,,,,,,,,0,,,,,,,,,,,,,,,,,,,,,,
12th Dec 2024 03:00,,,,,,,,,,1,,,,,,,,,,,,,,,,,,,,,,
12th Dec 2024 04:00,,,,,,,,,,4,,,,,,,,,,,,,,,,,,,,,,
12th Dec 2024 05:00,,,,,,,,,,10,,,,,,,,,,,,,,,,,,,,,,
12th Dec 2024 06:00,,,,,,,,,,29,,,,,,,,,,,,,,,,,,,,,,
12th Dec 2024 07:00,,,,,,,,,,34,,,,,,,,,,,,,,,,,,,,,,
12th Dec 2024 08:00,,,,,,,,,,18,,,,,,,,,,,,,,,,,,,,,,
12th Dec 2024 09:00,,,,,,,,,,4,,,,,,,,,,,,,,,,,,,,,,
12th Dec 2024 10:00,,,,,,,,,,6,,,,,,,,,,,,,,,,,,,,,,
12th Dec 2024 11:00,,,,,,,,,,6,,,,,,,,,,,,,,,,,,,,,,
12th Dec 2024 12:00,,,,,,,,,,4,,,,,,,,,,,,,,,,,,,,,,
12th Dec 2024 13:00,,,,,,,,,,4,,,,,,,,,,,,,,,,,,,,,,
12th Dec 2024 14:00,,,,,,,,,,1,,,,,,,,,,,,,,,,,,,,,,
12th Dec 2024 15:00,,,,,,,,,,2,,,,,,,,,,,,,,,,,,,,,,
12th Dec 2024 16:00,,,,,,,,,,3,,,,,,,,,,,,,,,,,,,,,,
12th Dec 2024 17:00,,,,,,,,,,12,,,,,,,,,,,,,,,,,,,,,,
12th Dec 2024 18:00,,,,,,,,,,16,,,,,,,,,,,,,,,,,,,,,,
12th Dec 2024 19:00,,,,,,,,,,39,,,,,,,,,,,,,,,,,,,,,,
12th Dec 2024 20:00,,,,,,,,,,11,,,,,,,,,,,,,,,,,,,,,,
12th Dec 2024 21:00,,,,,,,,,,7,,,,,,,,,,,,,,,,,,,,,,
12th Dec 2024 22:00,,,,,,,,,,2,,,,,,,,,,,,,,,,,,,,,,
12th Dec 2024 23:00,,,,,,,,,,1,,,,,,,,,,,,,,,,,,,,,,
13th Dec 2024 00:00,,,,,,,,,,0,,,,,,,,,,,,,,,,,,,,,,
13th Dec 2024 01:00,,,,,,,,,,0,,,,,,,,,,,,,,,,,,,,,,
13th Dec 2024 02:00,,,,,,,,,,0,,,,,,,,,,,,,,,,,,,,,,
13th Dec 2024 03:00,,,,,,,,,,1,,,,,,,,,,,,,,,,,,,,,,
13th Dec 2024 04:00,,,,,,,,,,0,,,,,,,,,,,,,,,,,,,,,,
13th Dec 2024 05:00,,,,,,,,,,5,,,,,,,,,,,,,,,,,,,,,,
13th Dec 2024 06:00,,,,,,,,,,41,,,,,,,,,,,,,,,,,,,,,,
13th Dec 2024 07:00,,,,,,,,,,48,,,,,,,,,,,,,,,,,,,,,,
13th Dec 2024 08:00,,,,,,,,,,36,,,,,,,,,,,,,,,,,,,,,,
13th Dec 2024 09:00,,,,,,,,,,10,,,,,,,,,,,,,,,,,,,,,,
13th Dec 2024 10:00,,,,,,,,,,5,,,,,,,,,,,,,,,,,,,,,,
13th Dec 2024 11:00,,,,,,,,,,1,,,,,,,,,,,,,,,,,,,,,,
13th Dec 2024 12:00,,,,,,,,,,1,,,,,,,,,,,,,,,,,,,,,,
13th Dec 2024 13:00,,,,,,,,,,1,,,,,,,,,,,,,,,,,,,,,,
13th Dec 2024 14:00,,,,,,,,,,2,,,,,,,,,,,,,,,,,,,,,,
13th Dec 2024 15:00,,,,,,,,,,2,,,,,,,,,,,,,,,,,,,,,,
13th Dec 2024 16:00,,,,,,,,,,6,,,,,,,,,,,,,,,,,,,,,,
13th Dec 2024 17:00,,,,,,,,,,3,,,,,,,,,,,,,,,,,,,,,,
13th Dec 2024 18:00,,,,,,,,,,16,,,,,,,,,,,,,,,,,,,,,,
13th Dec 2024 19:00,,,,,,,,,,47,,,,,,,,,,,,,,,,,,,,,,
13th Dec 2024 20:00,,,,,,,,,,23,,,,,,,,,,,,,,,,,,,,,,
13th Dec 2024 21:00,,,,,,,,,,10,,,,,,,,,,,,,,,,,,,,,,
13th Dec 2024 22:00,,,,,,,,,,4,,,,,,,,,,,,,,,,,,,,,,
13th Dec 2024 23:00,,,,,,,,,,0,,,,,,,,,,,,,,,,,,,,,,
14th Dec 2024 00:00,,,,,,,,,,2,,,,,,,,,,,,,,,,,,,,,,
14th Dec 2024 01:00,,,,,,,,,,0,,,,,,,,,,,,,,,,,,,,,,
14th Dec 2024 02:00,,,,,,,,,,0,,,,,,,,,,,,,,,,,,,,,,
14th Dec 2024 03:00,,,,,,,,,,0,,,,,,,,,,,,,,,,,,,,,,
14th Dec 2024 04:00,,,,,,,,,,1,,,,,,,,,,,,,,,,,,,,,,
14th Dec 2024 05:00,,,,,,,,,,2,,,,,,,,,,,,,,,,,,,,,,
14th Dec 2024 06:00,,,,,,,,,,27,,,,,,,,,,,,,,,,,,,,,,
14th Dec 2024 07:00,,,,,,,,,,33,,,,,,,,,,,,,,,,,,,,,,
14th Dec 2024 08:00,,,,,,,,,,17,,,,,,,,,,,,,,,,,,,,,,
14th Dec 2024 09:00,,,,,,,,,,14,,,,,,,,,,,,,,,,,,,,,,
14th Dec 2024 10:00,,,,,,,,,,5,,,,,,,,,,,,,,,,,,,,,,
14th Dec 2024 11:00,,,,,,,,,,6,,,,,,,,,,,,,,,,,,,,,,
14th Dec 2024 12:00,,,,,,,,,,4,,,,,,,,,,,,,,,,,,,,,,
14th Dec 2024 13:00,,,,,,,,,,7,,,,,,,,,,,,,,,,,,,,,,
14th Dec 2024 14:00,,,,,,,,,,10,,,,,,,,,,,,,,,,,,,,,,
14th Dec 2024 15:00,,,,,,,,,,5,,,,,,,,,,,,,,,,,,,,,,
14th Dec 2024 16:00,,,,,,,,,,9,,,,,,,,,,,,,,,,,,,,,,
14th Dec 2024 17:00,,,,,,,,,,29,,,,,,,,,,,,,,,,,,,,,,
14th Dec 2024 18:00,,,,,,,,,,16,,,,,,,,,,,,,,,,,,,,,,
14th Dec 2024 19:00,,,,,,,,,,29,,,,,,,,,,,,,,,,,,,,,,
14th Dec 2024 20:00,,,,,,,,,,14,,,,,,,,,,,,,,,,,,,,,,
14th Dec 2024 21:00,,,,,,,,,,4,,,,,,,,,,,,,,,,,,,,,,
14th Dec 2024 22:00,,,,,,,,,,1,,,,,,,,,,,,,,,,,,,,,,
14th Dec 2024 23:00,,,,,,,,,,0,,,,,,,,,,,,,,,,,,,,,,
15th Dec 2024 00:00,,,,,,,,,,0,,,,,,,,,,,,,,,,,,,,,,
15th Dec 2024 01:00,,,,,,,,,,2,,,,,,,,,,,,,,,,,,,,,,
15th Dec 2024 02:00,,,,,,,,,,0,,,,,,,,,,,,,,,,,,,,,,
15th Dec 2024 03:00,,,,,,,,,,0,,,,,,,,,,,,,,,,,,,,,,
15th Dec 2024 04:00,,,,,,,,,,1,,,,,,,,,,,,,,,,,,,,,,
15th Dec 2024 05:00,,,,,,,,,,3,,,,,,,,,,,,,,,,,,,,,,
15th Dec 2024 06:00,,,,,,,,,,22,,,,,,,,,,,,,,,,,,,,,,
15th Dec 2024 07:00,,,,,,,,,,40,,,,,,,,,,,,,,,,,,,,,,
15th Dec 2024 08:00,,,,,,,,,,55,,,,,,,,,,,,,,,,,,,,,,
15th Dec 2024 09:00,,,,,,,,,,10,,,,,,,,,,,,,,,,,,,,,,
15th Dec 2024 10:00,,,,,,,,,,0,,,,,,,,,,,,,,,,,,,,,,
15th Dec 2024 11:00,,,,,,,,,,2,,,,,,,,,,,,,,,,,,,,,,
15th Dec 2024 12:00,,,,,,,,,,6,,,,,,,,,,,,,,,,,,,,,,
15th Dec 2024 13:00,,,,,,,,,,7,,,,,,,,,,,,,,,,,,,,,,
15th Dec 2024 14:00,,,,,,,,,,2,,,,,,,,,,,,,,,,,,,,,,
15th Dec 2024 15:00,,,,,,,,,,5,,,,,,,,,,,,,,,,,,,,,,
15th Dec 2024 16:00,,,,,,,,,,5,,,,,,,,,,,,,,,,,,,,,,
15th Dec 2024 17:00,,,,,,,,,,19,,,,,,,,,,,,,,,,,,,,,,
15th Dec 2024 18:00,,,,,,,,,,56,,,,,,,,,,,,,,,,,,,,,,
15th Dec 2024 19:00,,,,,,,,,,25,,,,,,,,,,,,,,,,,,,,,,
15th Dec 2024 20:00,,,,,,,,,,16,,,,,,,,,,,,,,,,,,,,,,
15th Dec 2024 21:00,,,,,,,,,,6,,,,,,,,,,,,,,,,,,,,,,
15th Dec 2024 22:00,,,,,,,,,,1,,,,,,,,,,,,,,,,,,,,,,
15th Dec 2024 23:00,,,,,,,,,,1,,,,,,,,,,,,,,,,,,,,,,
16th Dec 2024 00:00,,,,,,,,,,2,,,,,,,,,,,,,,,,,,,,,,
16th Dec 2024 01:00,,,,,,,,,,0,,,,,,,,,,,,,,,,,,,,,,
16th Dec 2024 02:00,,,,,,,,,,0,,,,,,,,,,,,,,,,,,,,,,
16th Dec 2024 03:00,,,,,,,,,,1,,,,,,,,,,,,,,,,,,,,,,
16th Dec 2024 04:00,,,,,,,,,,1,,,,,,,,,,,,,,,,,,,,,,
16th Dec 2024 05:00,,,,,,,,,,2,,,,,,,,,,,,,,,,,,,,,,
16th Dec 2024 06:00,,,,,,,,,,42,,,,,,,,,,,,,,,,,,,,,,
16th Dec 2024 07:00,,,,,,,,,,43,,,,,,,,,,,,,,,,,,,,,,
16th Dec 2024 08:00,,,,,,,,,,20,,,,,,,,,,,,,,,,,,,,,,
16th Dec 2024 09:00,,,,,,,,,,10,,,,,,,,,,,,,,,,,,,,,,
16th Dec 2024 10:00,,,,,,,,,,6,,,,,,,,,,,,,,,,,,,,,,
16th Dec 2024 11:00,,,,,,,,,,2,,,,,,,,,,,,,,,,,,,,,,
16th Dec 2024 12:00,,,,,,,,,,5,,,,,,,,,,,,,,,,,,,,,,
16th Dec 2024 13:00,,,,,,,,,,6,,,,,,,,,,,,,,,,,,,,,,
16th Dec 2024 14:00,,,,,,,,,,5,,,,,,,,,,,,,,,,,,,,,,
16th Dec 2024 15:00,,,,,,,,,,3,,,,,,,,,,,,,,,,,,,,,,
16th Dec 2024 16:00,,,,,,,,,,3,,,,,,,,,,,,,,,,,,,,,,
16th Dec 2024 17:00,,,,,,,,,,3,,,,,,,,,,,,,,,,,,,,,,
16th Dec 2024 18:00,,,,,,,,,,26,,,,,,,,,,,,,,,,,,,,,,
16th Dec 2024 19:00,,,,,,,,,,47,,,,,,,,,,,,,,,,,,,,,,
16th Dec 2024 20:00,,,,,,,,,,17,,,,,,,,,,,,,,,,,,,,,,
16th Dec 2024 21:00,,,,,,,,,,1,,,,,,,,,,,,,,,,,,,,,,
16th Dec 2024 22:00,,,,,,,,,,5,,,,,,,,,,,,,,,,,,,,,,
16th Dec 2024 23:00,,,,,,,,,,1,,,,,,,,,,,,,,,,,,,,,,
17th Dec 2024 00:00,,,,,,,,,,0,,,,,,,,,,,,,,,,,,,,,,
17th Dec 2024 01:00,,,,,,,,,,1,,,,,,,,,,,,,,,,,,,,,,
17th Dec 2024 02:00,,,,,,,,,,0,,,,,,,,,,,,,,,,,,,,,,
17th Dec 2024 03:00,,,,,,,,,,0,,,,,,,,,,,,,,,,,,,,,,
17th Dec 2024 04:00,,,,,,,,,,0,,,,,,,,,,,,,,,,,,,,,,
17th Dec 2024 05:00,,,,,,,,,,4,,,,,,,,,,,,,,,,,,,,,,
17th Dec 2024 06:00,,,,,,,,,,58,,,,,,,,,,,,,,,,,,,,,,
17th Dec 2024 07:00,,,,,,,,,,36,,,,,,,,,,,,,,,,,,,,,,
17th Dec 2024 08:00,,,,,,,,,,14,,,,,,,,,,,,,,,,,,,,,,
17th Dec 2024 09:00,,,,,,,,,,5,,,,,,,,,,,,,,,,,,,,,,
17th Dec 2024 10:00,,,,,,,,,,3,,,,,,,,,,,,,,,,,,,,,,
17th Dec 2024 11:00,,,,,,,,,,5,,,,,,,,,,,,,,,,,,,,,,
17th Dec 2024 12:00,,,,,,,,,,3,,,,,,,,,,,,,,,,,,,,,,
17th Dec 2024 13:00,,,,,,,,,,0,,,,,,,,,,,,,,,,,,,,,,
17th Dec 2024 14:00,,,,,,,,,,0,,,,,,,,,,,,,,,,,,,,,,
17th Dec 2024 15:00,,,,,,,,,,2,,,,,,,,,,,,,,,,,,,,,,
17th Dec 2024 16:00,,,,,,,,,,4,,,,,,,,,,,,,,,,,,,,,,
17th Dec 2024 17:00,,,,,,,,,,5,,,,,,,,,,,,,,,,,,,,,,
17th Dec 2024 18:00,,,,,,,,,,13,,,,,,,,,,,,,,,,,,,,,,
17th Dec 2024 19:00,,,,,,,,,,16,,,,,,,,,,,,,,,,,,,,,,
17th Dec 2024 20:00,,,,,,,,,,14,,,,,,,,,,,,,,,,,,,,,,
17th Dec 2024 21:00,,,,,,,,,,6,,,,,,,,,,,,,,,,,,,,,,
17th Dec 2024 22:00,,,,,,,,,,0,,,,,,,,,,,,,,,,,,,,,,
17th Dec 2024 23:00,,,,,,,,,,0,,,,,,,,,,,,,,,,,,,,,,
18th Dec 2024 00:00,,,,,,,,,,0,,,,,,,,,,,,,,,,,,,,,,
18th Dec 2024 01:00,,,,,,,,,,0,,,,,,,,,,,,,,,,,,,,,,
18th Dec 2024 02:00,,,,,,,,,,0,,,,,,,,,,,,,,,,,,,,,,
18th Dec 2024 03:00,,,,,,,,,,0,,,,,,,,,,,,,,,,,,,,,,
18th Dec 2024 04:00,,,,,,,,,,2,,,,,,,,,,,,,,,,,,,,,,
18th Dec 2024 05:00,,,,,,,,,,2,,,,,,,,,,,,,,,,,,,,,,
18th Dec 2024 06:00,,,,,,,,,,2,,,,,,,,,,,,,,,,,,,,,,
18th Dec 2024 07:00,,,,,,,,,,5,,,,,,,,,,,,,,,,,,,,,,
18th Dec 2024 08:00,,,,,,,,,,21,,,,,,,,,,,,,,,,,,,,,,
18th Dec 2024 09:00,,,,,,,,,,4,,,,,,,,,,,,,,,,,,,,,,
18th Dec 2024 10:00,,,,,,,,,,20,,,,,,,,,,,,,,,,,,,,,,
18th Dec 2024 11:00,,,,,,,,,,17,,,,,,,,,,,,,,,,,,,,,,
18th Dec 2024 12:00,,,,,,,,,,5,,,,,,,,,,,,,,,,,,,,,,
18th Dec 2024 13:00,,,,,,,,,,11,,,,,,,,,,,,,,,,,,,,,,
18th Dec 2024 14:00,,,,,,,,,,7,,,,,,,,,,,,,,,,,,,,,,
18th Dec 2024 15:00,,,,,,,,,,17,,,,,,,,,,,,,,,,,,,,,,
18th Dec 2024 16:00,,,,,,,,,,10,,,,,,,,,,,,,,,,,,,,,,
18th Dec 2024 17:00,,,,,,,,,,14,,,,,,,,,,,,,,,,,,,,,,
18th Dec 2024 18:00,,,,,,,,,,48,,,,,,,,,,,,,,,,,,,,,,
18th Dec 2024 19:00,,,,,,,,,,34,,,,,,,,,,,,,,,,,,,,,,
18th Dec 2024 20:00,,,,,,,,,,20,,,,,,,,,,,,,,,,,,,,,,
18th Dec 2024 21:00,,,,,,,,,,0,,,,,,,,,,,,,,,,,,,,,,
18th Dec 2024 22:00,,,,,,,,,,0,,,,,,,,,,,,,,,,,,,,,,
18th Dec 2024 23:00,,,,,,,,,,0,,,,,,,,,,,,,,,,,,,,,,
19th Dec 2024 00:00,,,,,,,,,,1,,,,,,,,,,,,,,,,,,,,,,
19th Dec 2024 01:00,,,,,,,,,,0,,,,,,,,,,,,,,,,,,,,,,
19th Dec 2024 02:00,,,,,,,,,,0,,,,,,,,,,,,,,,,,,,,,,
19th Dec 2024 03:00,,,,,,,,,,0,,,,,,,,,,,,,,,,,,,,,,
19th Dec 2024 04:00,,,,,,,,,,2,,,,,,,,,,,,,,,,,,,,,,
19th Dec 2024 05:00,,,,,,,,,,2,,,,,,,,,,,,,,,,,,,,,,
19th Dec 2024 06:00,,,,,,,,,,59,,,,,,,,,,,,,,,,,,,,,,
19th Dec 2024 07:00,,,,,,,,,,76,,,,,,,,,,,,,,,,,,,,,,
19th Dec 2024 08:00,,,,,,,,,,29,,,,,,,,,,,,,,,,,,,,,,
19th Dec 2024 09:00,,,,,,,,,,12,,,,,,,,,,,,,,,,,,,,,,
19th Dec 2024 10:00,,,,,,,,,,47,,,,,,,,,,,,,,,,,,,,,,
19th Dec 2024 11:00,,,,,,,,,,22,,,,,,,,,,,,,,,,,,,,,,
19th Dec 2024 12:00,,,,,,,,,,15,,,,,,,,,,,,,,,,,,,,,,
19th Dec 2024 13:00,,,,,,,,,,21,,,,,,,,,,,,,,,,,,,,,,
19th Dec 2024 14:00,,,,,,,,,,4,,,,,,,,,,,,,,,,,,,,,,
19th Dec 2024 15:00,,,,,,,,,,7,,,,,,,,,,,,,,,,,,,,,,
19th Dec 2024 16:00,,,,,,,,,,12,,,,,,,,,,,,,,,,,,,,,,
19th Dec 2024 17:00,,,,,,,,,,26,,,,,,,,,,,,,,,,,,,,,,
19th Dec 2024 18:00,,,,,,,,,,42,,,,,,,,,,,,,,,,,,,,,,
19th Dec 2024 19:00,,,,,,,,,,,,,,,,,,,,,,,,,,,,,,,,
19th Dec 2024 20:00,,,,,,,,,,,,,,,,,,,,,,,,,,,,,,,,
19th Dec 2024 21:00,,,,,,,,,,,,,,,,,,,,,,,,,,,,,,,,
19th Dec 2024 22:00,,,,,,,,,,,,,,,,,,,,,,,,,,,,,,,,
19th Dec 2024 23:00,,,,,,,,,,,,,,,,,,,,,,,,,,,,,,,,
20th Dec 2024 00:00,,,,,,,,,,,,,,,,,,,,,,,,,,,,,,,,
20th Dec 2024 01:00,,,,,,,,,,,,,,,,,,,,,,,,,,,,,,,,
20th Dec 2024 02:00,,,,,,,,,,,,,,,,,,,,,,,,,,,,,,,,
20th Dec 2024 03:00,,,,,,,,,,,,,,,,,,,,,,,,,,,,,,,,
20th Dec 2024 04:00,,,,,,,,,,,,,,,,,,,,,,,,,,,,,,,,
20th Dec 2024 05:00,,,,,,,,,,,,,,,,,,,,,,,,,,,,,,,,
20th Dec 2024 06:00,,,,,,,,,,,,,,,,,,,,,,,,,,,,,,,,
20th Dec 2024 07:00,,,,,,,,,,,,,,,,,,,,,,,,,,,,,,,,
20th Dec 2024 08:00,,,,,,,,,,,,,,,,,,,,,,,,,,,,,,,,
20th Dec 2024 09:00,,,,,,,,,,,,,,,,,,,,,,,,,,,,,,,,
20th Dec 2024 10:00,,,,,,,,,,,,,,,,,,,,,,,,,,,,,,,,
20th Dec 2024 11:00,,,,,,,,,,,,,,,,,,,,,,,,,,,,,,,,
20th Dec 2024 12:00,,,,,,,,,,,,,,,,,,,,,,,,,,,,,,,,
20th Dec 2024 13:00,,,,,,,,,,,,,,,,,,,,,,,,,,,,,,,,
20th Dec 2024 14:00,,,,,,,,,,,,,,,,,,,,,,,,,,,,,,,,
20th Dec 2024 15:00,,,,,,,,,,,,,,,,,,,,,,,,,,,,,,,,
20th Dec 2024 16:00,,,,,,,,,,,,,,,,,,,,,,,,,,,,,,,,
20th Dec 2024 17:00,,,,,,,,,,,,,,,,,,,,,,,,,,,,,,,,
20th Dec 2024 18:00,,,,,,,,,,,,,,,,,,,,,,,,,,,,,,,,
20th Dec 2024 19:00,,,,,,,,,,,,,,,,,,,,,,,,,,,,,,,,
20th Dec 2024 20:00,,,,,,,,,,,,,,,,,,,,,,,,,,,,,,,,
20th Dec 2024 21:00,,,,,,,,,,,,,,,,,,,,,,,,,,,,,,,,
20th Dec 2024 22:00,,,,,,,,,,,,,,,,,,,,,,,,,,,,,,,,
20th Dec 2024 23:00,,,,,,,,,,,,,,,,,,,,,,,,,,,,,,,,
21st Dec 2024 00:00,,,,,,,,,,,,,,,,,,,,,,,,,,,,,,,,
21st Dec 2024 01:00,,,,,,,,,,,,,,,,,,,,,,,,,,,,,,,,
21st Dec 2024 02:00,,,,,,,,,,,,,,,,,,,,,,,,,,,,,,,,
21st Dec 2024 03:00,,,,,,,,,,,,,,,,,,,,,,,,,,,,,,,,
21st Dec 2024 04:00,,,,,,,,,,,,,,,,,,,,,,,,,,,,,,,,
21st Dec 2024 05:00,,,,,,,,,,,,,,,,,,,,,,,,,,,,,,,,
21st Dec 2024 06:00,,,,,,,,,,,,,,,,,,,,,,,,,,,,,,,,
21st Dec 2024 07:00,,,,,,,,,,,,,,,,,,,,,,,,,,,,,,,,
21st Dec 2024 08:00,,,,,,,,,,,,,,,,,,,,,,,,,,,,,,,,
21st Dec 2024 09:00,,,,,,,,,,,,,,,,,,,,,,,,,,,,,,,,
21st Dec 2024 10:00,,,,,,,,,,,,,,,,,,,,,,,,,,,,,,,,
21st Dec 2024 11:00,,,,,,,,,,,,,,,,,,,,,,,,,,,,,,,,
21st Dec 2024 12:00,,,,,,,,,,,,,,,,,,,,,,,,,,,,,,,,
21st Dec 2024 13:00,,,,,,,,,,,,,,,,,,,,,,,,,,,,,,,,
21st Dec 2024 14:00,,,,,,,,,,,,,,,,,,,,,,,,,,,,,,,,
21st Dec 2024 15:00,,,,,,,,,,,,,,,,,,,,,,,,,,,,,,,,
21st Dec 2024 16:00,,,,,,,,,,,,,,,,,,,,,,,,,,,,,,,,
21st Dec 2024 17:00,,,,,,,,,,,,,,,,,,,,,,,,,,,,,,,,
21st Dec 2024 18:00,,,,,,,,,,,,,,,,,,,,,,,,,,,,,,,,
21st Dec 2024 19:00,,,,,,,,,,,,,,,,,,,,,,,,,,,,,,,,
21st Dec 2024 20:00,,,,,,,,,,,,,,,,,,,,,,,,,,,,,,,,
21st Dec 2024 21:00,,,,,,,,,,,,,,,,,,,,,,,,,,,,,,,,
21st Dec 2024 22:00,,,,,,,,,,,,,,,,,,,,,,,,,,,,,,,,
21st Dec 2024 23:00,,,,,,,,,,,,,,,,,,,,,,,,,,,,,,,,
22nd Dec 2024 00:00,,,,,,,,,,,,,,,,,,,,,,,,,,,,,,,,
22nd Dec 2024 01:00,,,,,,,,,,,,,,,,,,,,,,,,,,,,,,,,
22nd Dec 2024 02:00,,,,,,,,,,,,,,,,,,,,,,,,,,,,,,,,
22nd Dec 2024 03:00,,,,,,,,,,,,,,,,,,,,,,,,,,,,,,,,
22nd Dec 2024 04:00,,,,,,,,,,,,,,,,,,,,,,,,,,,,,,,,
22nd Dec 2024 05:00,,,,,,,,,,,,,,,,,,,,,,,,,,,,,,,,
22nd Dec 2024 06:00,,,,,,,,,,,,,,,,,,,,,,,,,,,,,,,,
22nd Dec 2024 07:00,,,,,,,,,,,,,,,,,,,,,,,,,,,,,,,,
22nd Dec 2024 08:00,,,,,,,,,,,,,,,,,,,,,,,,,,,,,,,,
22nd Dec 2024 09:00,,,,,,,,,,,,,,,,,,,,,,,,,,,,,,,,
22nd Dec 2024 10:00,,,,,,,,,,,,,,,,,,,,,,,,,,,,,,,,
22nd Dec 2024 11:00,,,,,,,,,,,,,,,,,,,,,,,,,,,,,,,,
22nd Dec 2024 12:00,,,,,,,,,,,,,,,,,,,,,,,,,,,,,,,,
22nd Dec 2024 13:00,,,,,,,,,,,,,,,,,,,,,,,,,,,,,,,,
22nd Dec 2024 14:00,,,,,,,,,,,,,,,,,,,,,,,,,,,,,,,,
22nd Dec 2024 15:00,,,,,,,,,,,,,,,,,,,,,,,,,,,,,,,,
22nd Dec 2024 16:00,,,,,,,,,,,,,,,,,,,,,,,,,,,,,,,,
22nd Dec 2024 17:00,,,,,,,,,,,,,,,,,,,,,,,,,,,,,,,,
22nd Dec 2024 18:00,,,,,,,,,,,,,,,,,,,,,,,,,,,,,,,,
22nd Dec 2024 19:00,,,,,,,,,,,,,,,,,,,,,,,,,,,,,,,,
22nd Dec 2024 20:00,,,,,,,,,,,,,,,,,,,,,,,,,,,,,,,,
22nd Dec 2024 21:00,,,,,,,,,,,,,,,,,,,,,,,,,,,,,,,,
22nd Dec 2024 22:00,,,,,,,,,,,,,,,,,,,,,,,,,,,,,,,,
22nd Dec 2024 23:00,,,,,,,,,,,,,,,,,,,,,,,,,,,,,,,,
23rd Dec 2024 00:00,,,,,,,,,,,,,,,,,,,,,,,,,,,,,,,,
23rd Dec 2024 01:00,,,,,,,,,,,,,,,,,,,,,,,,,,,,,,,,
23rd Dec 2024 02:00,,,,,,,,,,,,,,,,,,,,,,,,,,,,,,,,
23rd Dec 2024 03:00,,,,,,,,,,,,,,,,,,,,,,,,,,,,,,,,
23rd Dec 2024 04:00,,,,,,,,,,,,,,,,,,,,,,,,,,,,,,,,
23rd Dec 2024 05:00,,,,,,,,,,,,,,,,,,,,,,,,,,,,,,,,
23rd Dec 2024 06:00,,,,,,,,,,,,,,,,,,,,,,,,,,,,,,,,
23rd Dec 2024 07:00,,,,,,,,,,,,,,,,,,,,,,,,,,,,,,,,
23rd Dec 2024 08:00,,,,,,,,,,,,,,,,,,,,,,,,,,,,,,,,
23rd Dec 2024 09:00,,,,,,,,,,,,,,,,,,,,,,,,,,,,,,,,
23rd Dec 2024 10:00,,,,,,,,,,,,,,,,,,,,,,,,,,,,,,,,
23rd Dec 2024 11:00,,,,,,,,,,,,,,,,,,,,,,,,,,,,,,,,
23rd Dec 2024 12:00,,,,,,,,,,,,,,,,,,,,,,,,,,,,,,,,
23rd Dec 2024 13:00,,,,,,,,,,,,,,,,,,,,,,,,,,,,,,,,
23rd Dec 2024 14:00,,,,,,,,,,,,,,,,,,,,,,,,,,,,,,,,
23rd Dec 2024 15:00,,,,,,,,,,,,,,,,,,,,,,,,,,,,,,,,
23rd Dec 2024 16:00,,,,,,,,,,,,,,,,,,,,,,,,,,,,,,,,
23rd Dec 2024 17:00,,,,,,,,,,,,,,,,,,,,,,,,,,,,,,,,
23rd Dec 2024 18:00,,,,,,,,,,,,,,,,,,,,,,,,,,,,,,,,
23rd Dec 2024 19:00,,,,,,,,,,,,,,,,,,,,,,,,,,,,,,,,
23rd Dec 2024 20:00,,,,,,,,,,,,,,,,,,,,,,,,,,,,,,,,
23rd Dec 2024 21:00,,,,,,,,,,,,,,,,,,,,,,,,,,,,,,,,
23rd Dec 2024 22:00,,,,,,,,,,,,,,,,,,,,,,,,,,,,,,,,
23rd Dec 2024 23:00,,,,,,,,,,,,,,,,,,,,,,,,,,,,,,,,
24th Dec 2024 00:00,,,,,,,,,,,,,,,,,,,,,,,,,,,,,,,,
24th Dec 2024 01:00,,,,,,,,,,,,,,,,,,,,,,,,,,,,,,,,
24th Dec 2024 02:00,,,,,,,,,,,,,,,,,,,,,,,,,,,,,,,,
24th Dec 2024 03:00,,,,,,,,,,,,,,,,,,,,,,,,,,,,,,,,
24th Dec 2024 04:00,,,,,,,,,,,,,,,,,,,,,,,,,,,,,,,,
24th Dec 2024 05:00,,,,,,,,,,,,,,,,,,,,,,,,,,,,,,,,
24th Dec 2024 06:00,,,,,,,,,,,,,,,,,,,,,,,,,,,,,,,,
24th Dec 2024 07:00,,,,,,,,,,,,,,,,,,,,,,,,,,,,,,,,
24th Dec 2024 08:00,,,,,,,,,,,,,,,,,,,,,,,,,,,,,,,,
24th Dec 2024 09:00,,,,,,,,,,,,,,,,,,,,,,,,,,,,,,,,
24th Dec 2024 10:00,,,,,,,,,,,,,,,,,,,,,,,,,,,,,,,,
24th Dec 2024 11:00,,,,,,,,,,,,,,,,,,,,,,,,,,,,,,,,
24th Dec 2024 12:00,,,,,,,,,,,,,,,,,,,,,,,,,,,,,,,,
24th Dec 2024 13:00,,,,,,,,,,,,,,,,,,,,,,,,,,,,,,,,
24th Dec 2024 14:00,,,,,,,,,,,,,,,,,,,,,,,,,,,,,,,,
24th Dec 2024 15:00,,,,,,,,,,,,,,,,,,,,,,,,,,,,,,,,
24th Dec 2024 16:00,,,,,,,,,,,,,,,,,,,,,,,,,,,,,,,,
24th Dec 2024 17:00,,,,,,,,,,,,,,,,,,,,,,,,,,,,,,,,
24th Dec 2024 18:00,,,,,,,,,,,,,,,,,,,,,,,,,,,,,,,,
24th Dec 2024 19:00,,,,,,,,,,,,,,,,,,,,,,,,,,,,,,,,
24th Dec 2024 20:00,,,,,,,,,,,,,,,,,,,,,,,,,,,,,,,,
24th Dec 2024 21:00,,,,,,,,,,,,,,,,,,,,,,,,,,,,,,,,
24th Dec 2024 22:00,,,,,,,,,,,,,,,,,,,,,,,,,,,,,,,,
24th Dec 2024 23:00,,,,,,,,,,,,,,,,,,,,,,,,,,,,,,,,
25th Dec 2024 00:00,,,,,,,,,,,,,,,,,,,,,,,,,,,,,,,,
25th Dec 2024 01:00,,,,,,,,,,,,,,,,,,,,,,,,,,,,,,,,
25th Dec 2024 02:00,,,,,,,,,,,,,,,,,,,,,,,,,,,,,,,,
25th Dec 2024 03:00,,,,,,,,,,,,,,,,,,,,,,,,,,,,,,,,
25th Dec 2024 04:00,,,,,,,,,,,,,,,,,,,,,,,,,,,,,,,,
25th Dec 2024 05:00,,,,,,,,,,,,,,,,,,,,,,,,,,,,,,,,
25th Dec 2024 06:00,,,,,,,,,,,,,,,,,,,,,,,,,,,,,,,,
25th Dec 2024 07:00,,,,,,,,,,,,,,,,,,,,,,,,,,,,,,,,
25th Dec 2024 08:00,,,,,,,,,,,,,,,,,,,,,,,,,,,,,,,,
25th Dec 2024 09:00,,,,,,,,,,,,,,,,,,,,,,,,,,,,,,,,
25th Dec 2024 10:00,,,,,,,,,,,,,,,,,,,,,,,,,,,,,,,,
25th Dec 2024 11:00,,,,,,,,,,,,,,,,,,,,,,,,,,,,,,,,
25th Dec 2024 12:00,,,,,,,,,,,,,,,,,,,,,,,,,,,,,,,,
25th Dec 2024 13:00,,,,,,,,,,,,,,,,,,,,,,,,,,,,,,,,
25th Dec 2024 14:00,,,,,,,,,,,,,,,,,,,,,,,,,,,,,,,,
25th Dec 2024 15:00,,,,,,,,,,,,,,,,,,,,,,,,,,,,,,,,
25th Dec 2024 16:00,,,,,,,,,,,,,,,,,,,,,,,,,,,,,,,,
25th Dec 2024 17:00,,,,,,,,,,,,,,,,,,,,,,,,,,,,,,,,
25th Dec 2024 18:00,,,,,,,,,,,,,,,,,,,,,,,,,,,,,,,,
25th Dec 2024 19:00,,,,,,,,,,,,,,,,,,,,,,,,,,,,,,,,
25th Dec 2024 20:00,,,,,,,,,,,,,,,,,,,,,,,,,,,,,,,,
25th Dec 2024 21:00,,,,,,,,,,,,,,,,,,,,,,,,,,,,,,,,
25th Dec 2024 22:00,,,,,,,,,,,,,,,,,,,,,,,,,,,,,,,,
25th Dec 2024 23:00,,,,,,,,,,,,,,,,,,,,,,,,,,,,,,,,
26th Dec 2024 00:00,,,,,,,,,,,,,,,,,,,,,,,,,,,,,,,,
26th Dec 2024 01:00,,,,,,,,,,,,,,,,,,,,,,,,,,,,,,,,
26th Dec 2024 02:00,,,,,,,,,,,,,,,,,,,,,,,,,,,,,,,,
26th Dec 2024 03:00,,,,,,,,,,,,,,,,,,,,,,,,,,,,,,,,
26th Dec 2024 04:00,,,,,,,,,,,,,,,,,,,,,,,,,,,,,,,,
26th Dec 2024 05:00,,,,,,,,,,,,,,,,,,,,,,,,,,,,,,,,
26th Dec 2024 06:00,,,,,,,,,,,,,,,,,,,,,,,,,,,,,,,,
26th Dec 2024 07:00,,,,,,,,,,,,,,,,,,,,,,,,,,,,,,,,
26th Dec 2024 08:00,,,,,,,,,,,,,,,,,,,,,,,,,,,,,,,,
26th Dec 2024 09:00,,,,,,,,,,,,,,,,,,,,,,,,,,,,,,,,
26th Dec 2024 10:00,,,,,,,,,,,,,,,,,,,,,,,,,,,,,,,,
26th Dec 2024 11:00,,,,,,,,,,,,,,,,,,,,,,,,,,,,,,,,
26th Dec 2024 12:00,,,,,,,,,,,,,,,,,,,,,,,,,,,,,,,,
26th Dec 2024 13:00,,,,,,,,,,,,,,,,,,,,,,,,,,,,,,,,
26th Dec 2024 14:00,,,,,,,,,,,,,,,,,,,,,,,,,,,,,,,,
26th Dec 2024 15:00,,,,,,,,,,,,,,,,,,,,,,,,,,,,,,,,
26th Dec 2024 16:00,,,,,,,,,,,,,,,,,,,,,,,,,,,,,,,,
26th Dec 2024 17:00,,,,,,,,,,,,,,,,,,,,,,,,,,,,,,,,
26th Dec 2024 18:00,,,,,,,,,,,,,,,,,,,,,,,,,,,,,,,,
26th Dec 2024 19:00,,,,,,,,,,,,,,,,,,,,,,,,,,,,,,,,
26th Dec 2024 20:00,,,,,,,,,,,,,,,,,,,,,,,,,,,,,,,,
26th Dec 2024 21:00,,,,,,,,,,,,,,,,,,,,,,,,,,,,,,,,
26th Dec 2024 22:00,,,,,,,,,,,,,,,,,,,,,,,,,,,,,,,,
26th Dec 2024 23:00,,,,,,,,,,,,,,,,,,,,,,,,,,,,,,,,
27th Dec 2024 00:00,,,,,,,,,,,,,,,,,,,,,,,,,,,,,,,,
27th Dec 2024 01:00,,,,,,,,,,,,,,,,,,,,,,,,,,,,,,,,
27th Dec 2024 02:00,,,,,,,,,,,,,,,,,,,,,,,,,,,,,,,,
27th Dec 2024 03:00,,,,,,,,,,,,,,,,,,,,,,,,,,,,,,,,
27th Dec 2024 04:00,,,,,,,,,,,,,,,,,,,,,,,,,,,,,,,,
27th Dec 2024 05:00,,,,,,,,,,,,,,,,,,,,,,,,,,,,,,,,
27th Dec 2024 06:00,,,,,,,,,,,,,,,,,,,,,,,,,,,,,,,,
27th Dec 2024 07:00,,,,,,,,,,,,,,,,,,,,,,,,,,,,,,,,
27th Dec 2024 08:00,,,,,,,,,,,,,,,,,,,,,,,,,,,,,,,,
27th Dec 2024 09:00,,,,,,,,,,,,,,,,,,,,,,,,,,,,,,,,
27th Dec 2024 10:00,,,,,,,,,,,,,,,,,,,,,,,,,,,,,,,,
27th Dec 2024 11:00,,,,,,,,,,,,,,,,,,,,,,,,,,,,,,,,
27th Dec 2024 12:00,,,,,,,,,,,,,,,,,,,,,,,,,,,,,,,,
27th Dec 2024 13:00,,,,,,,,,,,,,,,,,,,,,,,,,,,,,,,,
27th Dec 2024 14:00,,,,,,,,,,,,,,,,,,,,,,,,,,,,,,,,
27th Dec 2024 15:00,,,,,,,,,,,,,,,,,,,,,,,,,,,,,,,,
27th Dec 2024 16:00,,,,,,,,,,,,,,,,,,,,,,,,,,,,,,,,
27th Dec 2024 17:00,,,,,,,,,,,,,,,,,,,,,,,,,,,,,,,,
27th Dec 2024 18:00,,,,,,,,,,,,,,,,,,,,,,,,,,,,,,,,
27th Dec 2024 19:00,,,,,,,,,,,,,,,,,,,,,,,,,,,,,,,,
27th Dec 2024 20:00,,,,,,,,,,,,,,,,,,,,,,,,,,,,,,,,
27th Dec 2024 21:00,,,,,,,,,,,,,,,,,,,,,,,,,,,,,,,,
27th Dec 2024 22:00,,,,,,,,,,,,,,,,,,,,,,,,,,,,,,,,
27th Dec 2024 23:00,,,,,,,,,,,,,,,,,,,,,,,,,,,,,,,,
28th Dec 2024 00:00,,,,,,,,,,,,,,,,,,,,,,,,,,,,,,,,
28th Dec 2024 01:00,,,,,,,,,,,,,,,,,,,,,,,,,,,,,,,,
28th Dec 2024 02:00,,,,,,,,,,,,,,,,,,,,,,,,,,,,,,,,
28th Dec 2024 03:00,,,,,,,,,,,,,,,,,,,,,,,,,,,,,,,,
28th Dec 2024 04:00,,,,,,,,,,,,,,,,,,,,,,,,,,,,,,,,
28th Dec 2024 05:00,,,,,,,,,,,,,,,,,,,,,,,,,,,,,,,,
28th Dec 2024 06:00,,,,,,,,,,,,,,,,,,,,,,,,,,,,,,,,
28th Dec 2024 07:00,,,,,,,,,,,,,,,,,,,,,,,,,,,,,,,,
28th Dec 2024 08:00,,,,,,,,,,,,,,,,,,,,,,,,,,,,,,,,
28th Dec 2024 09:00,,,,,,,,,,,,,,,,,,,,,,,,,,,,,,,,
28th Dec 2024 10:00,,,,,,,,,,,,,,,,,,,,,,,,,,,,,,,,
28th Dec 2024 11:00,,,,,,,,,,,,,,,,,,,,,,,,,,,,,,,,
28th Dec 2024 12:00,,,,,,,,,,,,,,,,,,,,,,,,,,,,,,,,
28th Dec 2024 13:00,,,,,,,,,,,,,,,,,,,,,,,,,,,,,,,,
28th Dec 2024 14:00,,,,,,,,,,,,,,,,,,,,,,,,,,,,,,,,
28th Dec 2024 15:00,,,,,,,,,,,,,,,,,,,,,,,,,,,,,,,,
28th Dec 2024 16:00,,,,,,,,,,,,,,,,,,,,,,,,,,,,,,,,
28th Dec 2024 17:00,,,,,,,,,,,,,,,,,,,,,,,,,,,,,,,,
28th Dec 2024 18:00,,,,,,,,,,,,,,,,,,,,,,,,,,,,,,,,
28th Dec 2024 19:00,,,,,,,,,,,,,,,,,,,,,,,,,,,,,,,,
28th Dec 2024 20:00,,,,,,,,,,,,,,,,,,,,,,,,,,,,,,,,
28th Dec 2024 21:00,,,,,,,,,,,,,,,,,,,,,,,,,,,,,,,,
28th Dec 2024 22:00,,,,,,,,,,,,,,,,,,,,,,,,,,,,,,,,
28th Dec 2024 23:00,,,,,,,,,,,,,,,,,,,,,,,,,,,,,,,,
29th Dec 2024 00:00,,,,,,,,,,,,,,,,,,,,,,,,,,,,,,,,
29th Dec 2024 01:00,,,,,,,,,,,,,,,,,,,,,,,,,,,,,,,,
29th Dec 2024 02:00,,,,,,,,,,,,,,,,,,,,,,,,,,,,,,,,
29th Dec 2024 03:00,,,,,,,,,,,,,,,,,,,,,,,,,,,,,,,,
29th Dec 2024 04:00,,,,,,,,,,,,,,,,,,,,,,,,,,,,,,,,
29th Dec 2024 05:00,,,,,,,,,,,,,,,,,,,,,,,,,,,,,,,,
29th Dec 2024 06:00,,,,,,,,,,,,,,,,,,,,,,,,,,,,,,,,
29th Dec 2024 07:00,,,,,,,,,,,,,,,,,,,,,,,,,,,,,,,,
29th Dec 2024 08:00,,,,,,,,,,,,,,,,,,,,,,,,,,,,,,,,
29th Dec 2024 09:00,,,,,,,,,,,,,,,,,,,,,,,,,,,,,,,,
29th Dec 2024 10:00,,,,,,,,,,,,,,,,,,,,,,,,,,,,,,,,
29th Dec 2024 11:00,,,,,,,,,,,,,,,,,,,,,,,,,,,,,,,,
29th Dec 2024 12:00,,,,,,,,,,,,,,,,,,,,,,,,,,,,,,,,
29th Dec 2024 13:00,,,,,,,,,,,,,,,,,,,,,,,,,,,,,,,,
29th Dec 2024 14:00,,,,,,,,,,,,,,,,,,,,,,,,,,,,,,,,
29th Dec 2024 15:00,,,,,,,,,,,,,,,,,,,,,,,,,,,,,,,,
29th Dec 2024 16:00,,,,,,,,,,,,,,,,,,,,,,,,,,,,,,,,
29th Dec 2024 17:00,,,,,,,,,,,,,,,,,,,,,,,,,,,,,,,,
29th Dec 2024 18:00,,,,,,,,,,,,,,,,,,,,,,,,,,,,,,,,
29th Dec 2024 19:00,,,,,,,,,,,,,,,,,,,,,,,,,,,,,,,,
29th Dec 2024 20:00,,,,,,,,,,,,,,,,,,,,,,,,,,,,,,,,
29th Dec 2024 21:00,,,,,,,,,,,,,,,,,,,,,,,,,,,,,,,,
29th Dec 2024 22:00,,,,,,,,,,,,,,,,,,,,,,,,,,,,,,,,
29th Dec 2024 23:00,,,,,,,,,,,,,,,,,,,,,,,,,,,,,,,,
30th Dec 2024 00:00,,,,,,,,,,,,,,,,,,,,,,,,,,,,,,,,
30th Dec 2024 01:00,,,,,,,,,,,,,,,,,,,,,,,,,,,,,,,,
30th Dec 2024 02:00,,,,,,,,,,,,,,,,,,,,,,,,,,,,,,,,
30th Dec 2024 03:00,,,,,,,,,,,,,,,,,,,,,,,,,,,,,,,,
30th Dec 2024 04:00,,,,,,,,,,,,,,,,,,,,,,,,,,,,,,,,
30th Dec 2024 05:00,,,,,,,,,,,,,,,,,,,,,,,,,,,,,,,,
30th Dec 2024 06:00,,,,,,,,,,,,,,,,,,,,,,,,,,,,,,,,
30th Dec 2024 07:00,,,,,,,,,,,,,,,,,,,,,,,,,,,,,,,,
30th Dec 2024 08:00,,,,,,,,,,,,,,,,,,,,,,,,,,,,,,,,
30th Dec 2024 09:00,,,,,,,,,,,,,,,,,,,,,,,,,,,,,,,,
30th Dec 2024 10:00,,,,,,,,,,,,,,,,,,,,,,,,,,,,,,,,
30th Dec 2024 11:00,,,,,,,,,,,,,,,,,,,,,,,,,,,,,,,,
30th Dec 2024 12:00,,,,,,,,,,,,,,,,,,,,,,,,,,,,,,,,
30th Dec 2024 13:00,,,,,,,,,,,,,,,,,,,,,,,,,,,,,,,,
30th Dec 2024 14:00,,,,,,,,,,,,,,,,,,,,,,,,,,,,,,,,
30th Dec 2024 15:00,,,,,,,,,,,,,,,,,,,,,,,,,,,,,,,,
30th Dec 2024 16:00,,,,,,,,,,,,,,,,,,,,,,,,,,,,,,,,
30th Dec 2024 17:00,,,,,,,,,,,,,,,,,,,,,,,,,,,,,,,,
30th Dec 2024 18:00,,,,,,,,,,,,,,,,,,,,,,,,,,,,,,,,
30th Dec 2024 19:00,,,,,,,,,,,,,,,,,,,,,,,,,,,,,,,,
30th Dec 2024 20:00,,,,,,,,,,,,,,,,,,,,,,,,,,,,,,,,
30th Dec 2024 21:00,,,,,,,,,,,,,,,,,,,,,,,,,,,,,,,,
30th Dec 2024 22:00,,,,,,,,,,,,,,,,,,,,,,,,,,,,,,,,
30th Dec 2024 23:00,,,,,,,,,,,,,,,,,,,,,,,,,,,,,,,,
31st Dec 2024 00:00,,,,,,,,,,,,,,,,,,,,,,,,,,,,,,,,
31st Dec 2024 01:00,,,,,,,,,,,,,,,,,,,,,,,,,,,,,,,,
31st Dec 2024 02:00,,,,,,,,,,,,,,,,,,,,,,,,,,,,,,,,
31st Dec 2024 03:00,,,,,,,,,,,,,,,,,,,,,,,,,,,,,,,,
31st Dec 2024 04:00,,,,,,,,,,,,,,,,,,,,,,,,,,,,,,,,
31st Dec 2024 05:00,,,,,,,,,,,,,,,,,,,,,,,,,,,,,,,,
31st Dec 2024 06:00,,,,,,,,,,,,,,,,,,,,,,,,,,,,,,,,
31st Dec 2024 07:00,,,,,,,,,,,,,,,,,,,,,,,,,,,,,,,,
31st Dec 2024 08:00,,,,,,,,,,,,,,,,,,,,,,,,,,,,,,,,
31st Dec 2024 09:00,,,,,,,,,,,,,,,,,,,,,,,,,,,,,,,,
31st Dec 2024 10:00,,,,,,,,,,,,,,,,,,,,,,,,,,,,,,,,
31st Dec 2024 11:00,,,,,,,,,,,,,,,,,,,,,,,,,,,,,,,,
31st Dec 2024 12:00,,,,,,,,,,,,,,,,,,,,,,,,,,,,,,,,
31st Dec 2024 13:00,,,,,,,,,,,,,,,,,,,,,,,,,,,,,,,,
31st Dec 2024 14:00,,,,,,,,,,,,,,,,,,,,,,,,,,,,,,,,
31st Dec 2024 15:00,,,,,,,,,,,,,,,,,,,,,,,,,,,,,,,,
31st Dec 2024 16:00,,,,,,,,,,,,,,,,,,,,,,,,,,,,,,,,
31st Dec 2024 17:00,,,,,,,,,,,,,,,,,,,,,,,,,,,,,,,,
31st Dec 2024 18:00,,,,,,,,,,,,,,,,,,,,,,,,,,,,,,,,
31st Dec 2024 19:00,,,,,,,,,,,,,,,,,,,,,,,,,,,,,,,,
31st Dec 2024 20:00,,,,,,,,,,,,,,,,,,,,,,,,,,,,,,,,
31st Dec 2024 21:00,,,,,,,,,,,,,,,,,,,,,,,,,,,,,,,,
31st Dec 2024 22:00,,,,,,,,,,,,,,,,,,,,,,,,,,,,,,,,
31st Dec 2024 23:00,,,,,,,,,,,,,,,,,,,,,,,,,,,,,,,,
1st Jan 2025 00:00,,,,,,,,,,,,,,,,,,,,,,,,,,,,,,,,
1st Jan 2025 01:00,,,,,,,,,,,,,,,,,,,,,,,,,,,,,,,,
1st Jan 2025 02:00,,,,,,,,,,,,,,,,,,,,,,,,,,,,,,,,
1st Jan 2025 03:00,,,,,,,,,,,,,,,,,,,,,,,,,,,,,,,,
1st Jan 2025 04:00,,,,,,,,,,,,,,,,,,,,,,,,,,,,,,,,
1st Jan 2025 05:00,,,,,,,,,,,,,,,,,,,,,,,,,,,,,,,,
1st Jan 2025 06:00,,,,,,,,,,,,,,,,,,,,,,,,,,,,,,,,
1st Jan 2025 07:00,,,,,,,,,,,,,,,,,,,,,,,,,,,,,,,,
1st Jan 2025 08:00,,,,,,,,,,,,,,,,,,,,,,,,,,,,,,,,
1st Jan 2025 09:00,,,,,,,,,,,,,,,,,,,,,,,,,,,,,,,,
1st Jan 2025 10:00,,,,,,,,,,,,,,,,,,,,,,,,,,,,,,,,
1st Jan 2025 11:00,,,,,,,,,,,,,,,,,,,,,,,,,,,,,,,,
1st Jan 2025 12:00,,,,,,,,,,,,,,,,,,,,,,,,,,,,,,,,
1st Jan 2025 13:00,,,,,,,,,,,,,,,,,,,,,,,,,,,,,,,,
1st Jan 2025 14:00,,,,,,,,,,,,,,,,,,,,,,,,,,,,,,,,
1st Jan 2025 15:00,,,,,,,,,,,,,,,,,,,,,,,,,,,,,,,,
1st Jan 2025 16:00,,,,,,,,,,,,,,,,,,,,,,,,,,,,,,,,
1st Jan 2025 17:00,,,,,,,,,,,,,,,,,,,,,,,,,,,,,,,,
1st Jan 2025 18:00,,,,,,,,,,,,,,,,,,,,,,,,,,,,,,,,
1st Jan 2025 19:00,,,,,,,,,,,,,,,,,,,,,,,,,,,,,,,,
1st Jan 2025 20:00,,,,,,,,,,,,,,,,,,,,,,,,,,,,,,,,
1st Jan 2025 21:00,,,,,,,,,,,,,,,,,,,,,,,,,,,,,,,,
1st Jan 2025 22:00,,,,,,,,,,,,,,,,,,,,,,,,,,,,,,,,
1st Jan 2025 23:00,,,,,,,,,,,,,,,,,,,,,,,,,,,,,,,,
2nd Jan 2025 00:00,,,,,,,,,,,,,,,,,,,,,,,,,,,,,,,,
2nd Jan 2025 01:00,,,,,,,,,,,,,,,,,,,,,,,,,,,,,,,,
2nd Jan 2025 02:00,,,,,,,,,,,,,,,,,,,,,,,,,,,,,,,,
2nd Jan 2025 03:00,,,,,,,,,,,,,,,,,,,,,,,,,,,,,,,,
2nd Jan 2025 04:00,,,,,,,,,,,,,,,,,,,,,,,,,,,,,,,,
2nd Jan 2025 05:00,,,,,,,,,,,,,,,,,,,,,,,,,,,,,,,,
2nd Jan 2025 06:00,,,,,,,,,,,,,,,,,,,,,,,,,,,,,,,,
2nd Jan 2025 07:00,,,,,,,,,,,,,,,,,,,,,,,,,,,,,,,,
2nd Jan 2025 08:00,,,,,,,,,,,,,,,,,,,,,,,,,,,,,,,,
2nd Jan 2025 09:00,,,,,,,,,,,,,,,,,,,,,,,,,,,,,,,,
2nd Jan 2025 10:00,,,,,,,,,,,,,,,,,,,,,,,,,,,,,,,,
2nd Jan 2025 11:00,,,,,,,,,,,,,,,,,,,,,,,,,,,,,,,,
2nd Jan 2025 12:00,,,,,,,,,,,,,,,,,,,,,,,,,,,,,,,,
2nd Jan 2025 13:00,,,,,,,,,,,,,,,,,,,,,,,,,,,,,,,,
2nd Jan 2025 14:00,,,,,,,,,,,,,,,,,,,,,,,,,,,,,,,,
2nd Jan 2025 15:00,,,,,,,,,,,,,,,,,,,,,,,,,,,,,,,,
2nd Jan 2025 16:00,,,,,,,,,,,,,,,,,,,,,,,,,,,,,,,,
2nd Jan 2025 17:00,,,,,,,,,,,,,,,,,,,,,,,,,,,,,,,,
2nd Jan 2025 18:00,,,,,,,,,,,,,,,,,,,,,,,,,,,,,,,,
2nd Jan 2025 19:00,,,,,,,,,,,,,,,,,,,,,,,,,,,,,,,,
2nd Jan 2025 20:00,,,,,,,,,,,,,,,,,,,,,,,,,,,,,,,,
2nd Jan 2025 21:00,,,,,,,,,,,,,,,,,,,,,,,,,,,,,,,,
2nd Jan 2025 22:00,,,,,,,,,,,,,,,,,,,,,,,,,,,,,,,,
2nd Jan 2025 23:00,,,,,,,,,,,,,,,,,,,,,,,,,,,,,,,,
3rd Jan 2025 00:00,,,,,,,,,,,,,,,,,,,,,,,,,,,,,,,,
3rd Jan 2025 01:00,,,,,,,,,,,,,,,,,,,,,,,,,,,,,,,,
3rd Jan 2025 02:00,,,,,,,,,,,,,,,,,,,,,,,,,,,,,,,,
3rd Jan 2025 03:00,,,,,,,,,,,,,,,,,,,,,,,,,,,,,,,,
3rd Jan 2025 04:00,,,,,,,,,,,,,,,,,,,,,,,,,,,,,,,,
3rd Jan 2025 05:00,,,,,,,,,,,,,,,,,,,,,,,,,,,,,,,,
3rd Jan 2025 06:00,,,,,,,,,,,,,,,,,,,,,,,,,,,,,,,,
3rd Jan 2025 07:00,,,,,,,,,,,,,,,,,,,,,,,,,,,,,,,,
3rd Jan 2025 08:00,,,,,,,,,,,,,,,,,,,,,,,,,,,,,,,,
3rd Jan 2025 09:00,,,,,,,,,,,,,,,,,,,,,,,,,,,,,,,,
3rd Jan 2025 10:00,,,,,,,,,,,,,,,,,,,,,,,,,,,,,,,,
3rd Jan 2025 11:00,,,,,,,,,,,,,,,,,,,,,,,,,,,,,,,,
3rd Jan 2025 12:00,,,,,,,,,,,,,,,,,,,,,,,,,,,,,,,,
3rd Jan 2025 13:00,,,,,,,,,,,,,,,,,,,,,,,,,,,,,,,,
3rd Jan 2025 14:00,,,,,,,,,,,,,,,,,,,,,,,,,,,,,,,,
3rd Jan 2025 15:00,,,,,,,,,,,,,,,,,,,,,,,,,,,,,,,,
3rd Jan 2025 16:00,,,,,,,,,,,,,,,,,,,,,,,,,,,,,,,,
3rd Jan 2025 17:00,,,,,,,,,,,,,,,,,,,,,,,,,,,,,,,,
3rd Jan 2025 18:00,,,,,,,,,,,,,,,,,,,,,,,,,,,,,,,,
3rd Jan 2025 19:00,,,,,,,,,,,,,,,,,,,,,,,,,,,,,,,,
3rd Jan 2025 20:00,,,,,,,,,,,,,,,,,,,,,,,,,,,,,,,,
3rd Jan 2025 21:00,,,,,,,,,,,,,,,,,,,,,,,,,,,,,,,,
3rd Jan 2025 22:00,,,,,,,,,,,,,,,,,,,,,,,,,,,,,,,,
3rd Jan 2025 23:00,,,,,,,,,,,,,,,,,,,,,,,,,,,,,,,,
4th Jan 2025 00:00,,,,,,,,,,,,,,,,,,,,,,,,,,,,,,,,
4th Jan 2025 01:00,,,,,,,,,,,,,,,,,,,,,,,,,,,,,,,,
4th Jan 2025 02:00,,,,,,,,,,,,,,,,,,,,,,,,,,,,,,,,
4th Jan 2025 03:00,,,,,,,,,,,,,,,,,,,,,,,,,,,,,,,,
4th Jan 2025 04:00,,,,,,,,,,,,,,,,,,,,,,,,,,,,,,,,
4th Jan 2025 05:00,,,,,,,,,,,,,,,,,,,,,,,,,,,,,,,,
4th Jan 2025 06:00,,,,,,,,,,,,,,,,,,,,,,,,,,,,,,,,
4th Jan 2025 07:00,,,,,,,,,,,,,,,,,,,,,,,,,,,,,,,,
4th Jan 2025 08:00,,,,,,,,,,,,,,,,,,,,,,,,,,,,,,,,
4th Jan 2025 09:00,,,,,,,,,,,,,,,,,,,,,,,,,,,,,,,,
4th Jan 2025 10:00,,,,,,,,,,,,,,,,,,,,,,,,,,,,,,,,
4th Jan 2025 11:00,,,,,,,,,,,,,,,,,,,,,,,,,,,,,,,,
4th Jan 2025 12:00,,,,,,,,,,,,,,,,,,,,,,,,,,,,,,,,
4th Jan 2025 13:00,,,,,,,,,,,,,,,,,,,,,,,,,,,,,,,,
4th Jan 2025 14:00,,,,,,,,,,,,,,,,,,,,,,,,,,,,,,,,
4th Jan 2025 15:00,,,,,,,,,,,,,,,,,,,,,,,,,,,,,,,,
4th Jan 2025 16:00,,,,,,,,,,,,,,,,,,,,,,,,,,,,,,,,
4th Jan 2025 17:00,,,,,,,,,,,,,,,,,,,,,,,,,,,,,,,,
4th Jan 2025 18:00,,,,,,,,,,,,,,,,,,,,,,,,,,,,,,,,
4th Jan 2025 19:00,,,,,,,,,,,,,,,,,,,,,,,,,,,,,,,,
4th Jan 2025 20:00,,,,,,,,,,,,,,,,,,,,,,,,,,,,,,,,
4th Jan 2025 21:00,,,,,,,,,,,,,,,,,,,,,,,,,,,,,,,,
4th Jan 2025 22:00,,,,,,,,,,,,,,,,,,,,,,,,,,,,,,,,
4th Jan 2025 23:00,,,,,,,,,,,,,,,,,,,,,,,,,,,,,,,,
5th Jan 2025 00:00,,,,,,,,,,,,,,,,,,,,,,,,,,,,,,,,
5th Jan 2025 01:00,,,,,,,,,,,,,,,,,,,,,,,,,,,,,,,,
5th Jan 2025 02:00,,,,,,,,,,,,,,,,,,,,,,,,,,,,,,,,
5th Jan 2025 03:00,,,,,,,,,,,,,,,,,,,,,,,,,,,,,,,,
5th Jan 2025 04:00,,,,,,,,,,,,,,,,,,,,,,,,,,,,,,,,
5th Jan 2025 05:00,,,,,,,,,,,,,,,,,,,,,,,,,,,,,,,,
5th Jan 2025 06:00,,,,,,,,,,,,,,,,,,,,,,,,,,,,,,,,
5th Jan 2025 07:00,,,,,,,,,,,,,,,,,,,,,,,,,,,,,,,,
5th Jan 2025 08:00,,,,,,,,,,,,,,,,,,,,,,,,,,,,,,,,
5th Jan 2025 09:00,,,,,,,,,,,,,,,,,,,,,,,,,,,,,,,,
5th Jan 2025 10:00,,,,,,,,,,,,,,,,,,,,,,,,,,,,,,,,
5th Jan 2025 11:00,,,,,,,,,,,,,,,,,,,,,,,,,,,,,,,,
5th Jan 2025 12:00,,,,,,,,,,,,,,,,,,,,,,,,,,,,,,,,
5th Jan 2025 13:00,,,,,,,,,,,,,,,,,,,,,,,,,,,,,,,,
5th Jan 2025 14:00,,,,,,,,,,,,,,,,,,,,,,,,,,,,,,,,
5th Jan 2025 15:00,,,,,,,,,,,,,,,,,,,,,,,,,,,,,,,,
5th Jan 2025 16:00,,,,,,,,,,,,,,,,,,,,,,,,,,,,,,,,
5th Jan 2025 17:00,,,,,,,,,,,,,,,,,,,,,,,,,,,,,,,,
5th Jan 2025 18:00,,,,,,,,,,,,,,,,,,,,,,,,,,,,,,,,
5th Jan 2025 19:00,,,,,,,,,,,,,,,,,,,,,,,,,,,,,,,,
5th Jan 2025 20:00,,,,,,,,,,,,,,,,,,,,,,,,,,,,,,,,
5th Jan 2025 21:00,,,,,,,,,,,,,,,,,,,,,,,,,,,,,,,,
5th Jan 2025 22:00,,,,,,,,,,,,,,,,,,,,,,,,,,,,,,,,
5th Jan 2025 23:00,,,,,,,,,,,,,,,,,,,,,,,,,,,,,,,,
6th Jan 2025 00:00,,,,,,,,,,,,,,,,,,,,,,,,,,,,,,,,
6th Jan 2025 01:00,,,,,,,,,,,,,,,,,,,,,,,,,,,,,,,,
6th Jan 2025 02:00,,,,,,,,,,,,,,,,,,,,,,,,,,,,,,,,
6th Jan 2025 03:00,,,,,,,,,,,,,,,,,,,,,,,,,,,,,,,,
6th Jan 2025 04:00,,,,,,,,,,,,,,,,,,,,,,,,,,,,,,,,
6th Jan 2025 05:00,,,,,,,,,,,,,,,,,,,,,,,,,,,,,,,,
6th Jan 2025 06:00,,,,,,,,,,,,,,,,,,,,,,,,,,,,,,,,
6th Jan 2025 07:00,,,,,,,,,,,,,,,,,,,,,,,,,,,,,,,,
6th Jan 2025 08:00,,,,,,,,,,,,,,,,,,,,,,,,,,,,,,,,
6th Jan 2025 09:00,,,,,,,,,,,,,,,,,,,,,,,,,,,,,,,,
6th Jan 2025 10:00,,,,,,,,,,,,,,,,,,,,,,,,,,,,,,,,
6th Jan 2025 11:00,,,,,,,,,,,,,,,,,,,,,,,,,,,,,,,,
6th Jan 2025 12:00,,,,,,,,,,,,,,,,,,,,,,,,,,,,,,,,
6th Jan 2025 13:00,,,,,,,,,,,,,,,,,,,,,,,,,,,,,,,,
6th Jan 2025 14:00,,,,,,,,,,,,,,,,,,,,,,,,,,,,,,,,
6th Jan 2025 15:00,,,,,,,,,,,,,,,,,,,,,,,,,,,,,,,,
6th Jan 2025 16:00,,,,,,,,,,,,,,,,,,,,,,,,,,,,,,,,
6th Jan 2025 17:00,,,,,,,,,,,,,,,,,,,,,,,,,,,,,,,,
6th Jan 2025 18:00,,,,,,,,,,,,,,,,,,,,,,,,,,,,,,,,
6th Jan 2025 19:00,,,,,,,,,,,,,,,,,,,,,,,,,,,,,,,,
6th Jan 2025 20:00,,,,,,,,,,,,,,,,,,,,,,,,,,,,,,,,
6th Jan 2025 21:00,,,,,,,,,,,,,,,,,,,,,,,,,,,,,,,,
6th Jan 2025 22:00,,,,,,,,,,,,,,,,,,,,,,,,,,,,,,,,
6th Jan 2025 23:00,,,,,,,,,,,,,,,,,,,,,,,,,,,,,,,,
7th Jan 2025 00:00,,,,,,,,,,,,,,,,,,,,,,,,,,,,,,,,
7th Jan 2025 01:00,,,,,,,,,,,,,,,,,,,,,,,,,,,,,,,,
7th Jan 2025 02:00,,,,,,,,,,,,,,,,,,,,,,,,,,,,,,,,
7th Jan 2025 03:00,,,,,,,,,,,,,,,,,,,,,,,,,,,,,,,,
7th Jan 2025 04:00,,,,,,,,,,,,,,,,,,,,,,,,,,,,,,,,
7th Jan 2025 05:00,,,,,,,,,,,,,,,,,,,,,,,,,,,,,,,,
7th Jan 2025 06:00,,,,,,,,,,,,,,,,,,,,,,,,,,,,,,,,
7th Jan 2025 07:00,,,,,,,,,,,,,,,,,,,,,,,,,,,,,,,,
7th Jan 2025 08:00,,,,,,,,,,,,,,,,,,,,,,,,,,,,,,,,
7th Jan 2025 09:00,,,,,,,,,,,,,,,,,,,,,,,,,,,,,,,,
7th Jan 2025 10:00,,,,,,,,,,,,,,,,,,,,,,,,,,,,,,,,
7th Jan 2025 11:00,,,,,,,,,,,,,,,,,,,,,,,,,,,,,,,,
7th Jan 2025 12:00,,,,,,,,,,,,,,,,,,,,,,,,,,,,,,,,
7th Jan 2025 13:00,,,,,,,,,,,,,,,,,,,,,,,,,,,,,,,,
7th Jan 2025 14:00,,,,,,,,,,,,,,,,,,,,,,,,,,,,,,,,
7th Jan 2025 15:00,,,,,,,,,,,,,,,,,,,,,,,,,,,,,,,,
7th Jan 2025 16:00,,,,,,,,,,,,,,,,,,,,,,,,,,,,,,,,
7th Jan 2025 17:00,,,,,,,,,,,,,,,,,,,,,,,,,,,,,,,,
7th Jan 2025 18:00,,,,,,,,,,,,,,,,,,,,,,,,,,,,,,,,
7th Jan 2025 19:00,,,,,,,,,,,,,,,,,,,,,,,,,,,,,,,,
7th Jan 2025 20:00,,,,,,,,,,,,,,,,,,,,,,,,,,,,,,,,
7th Jan 2025 21:00,,,,,,,,,,,,,,,,,,,,,,,,,,,,,,,,
7th Jan 2025 22:00,,,,,,,,,,,,,,,,,,,,,,,,,,,,,,,,
7th Jan 2025 23:00,,,,,,,,,,,,,,,,,,,,,,,,,,,,,,,,
8th Jan 2025 00:00,,,,,,,,,,,,,,,,,,,,,,,,,,,,,,,,
8th Jan 2025 01:00,,,,,,,,,,,,,,,,,,,,,,,,,,,,,,,,
8th Jan 2025 02:00,,,,,,,,,,,,,,,,,,,,,,,,,,,,,,,,
8th Jan 2025 03:00,,,,,,,,,,,,,,,,,,,,,,,,,,,,,,,,
8th Jan 2025 04:00,,,,,,,,,,,,,,,,,,,,,,,,,,,,,,,,
8th Jan 2025 05:00,,,,,,,,,,,,,,,,,,,,,,,,,,,,,,,,
8th Jan 2025 06:00,,,,,,,,,,,,,,,,,,,,,,,,,,,,,,,,
8th Jan 2025 07:00,,,,,,,,,,,,,,,,,,,,,,,,,,,,,,,,
8th Jan 2025 08:00,,,,,,,,,,,,,,,,,,,,,,,,,,,,,,,,
8th Jan 2025 09:00,,,,,,,,,,,,,,,,,,,,,,,,,,,,,,,,
8th Jan 2025 10:00,,,,,,,,,,,,,,,,,,,,,,,,,,,,,,,,
8th Jan 2025 11:00,,,,,,,,,,,,,,,,,,,,,,,,,,,,,,,,
8th Jan 2025 12:00,,,,,,,,,,,,,,,,,,,,,,,,,,,,,,,,
8th Jan 2025 13:00,,,,,,,,,,,,,,,,,,,,,,,,,,,,,,,,
8th Jan 2025 14:00,,,,,,,,,,,,,,,,,,,,,,,,,,,,,,,,
8th Jan 2025 15:00,,,,,,,,,,,,,,,,,,,,,,,,,,,,,,,,
8th Jan 2025 16:00,,,,,,,,,,,,,,,,,,,,,,,,,,,,,,,,
8th Jan 2025 17:00,,,,,,,,,,,,,,,,,,,,,,,,,,,,,,,,
8th Jan 2025 18:00,,,,,,,,,,,,,,,,,,,,,,,,,,,,,,,,
8th Jan 2025 19:00,,,,,,,,,,,,,,,,,,,,,,,,,,,,,,,,
8th Jan 2025 20:00,,,,,,,,,,,,,,,,,,,,,,,,,,,,,,,,
8th Jan 2025 21:00,,,,,,,,,,,,,,,,,,,,,,,,,,,,,,,,
8th Jan 2025 22:00,,,,,,,,,,,,,,,,,,,,,,,,,,,,,,,,
8th Jan 2025 23:00,,,,,,,,,,,,,,,,,,,,,,,,,,,,,,,,
9th Jan 2025 00:00,,,,,,,,,,,,,,,,,,,,,,,,,,,,,,,,
9th Jan 2025 01:00,,,,,,,,,,,,,,,,,,,,,,,,,,,,,,,,
9th Jan 2025 02:00,,,,,,,,,,,,,,,,,,,,,,,,,,,,,,,,
9th Jan 2025 03:00,,,,,,,,,,,,,,,,,,,,,,,,,,,,,,,,
9th Jan 2025 04:00,,,,,,,,,,,,,,,,,,,,,,,,,,,,,,,,
9th Jan 2025 05:00,,,,,,,,,,,,,,,,,,,,,,,,,,,,,,,,
9th Jan 2025 06:00,,,,,,,,,,,,,,,,,,,,,,,,,,,,,,,,
9th Jan 2025 07:00,,,,,,,,,,,,,,,,,,,,,,,,,,,,,,,,
9th Jan 2025 08:00,,,,,,,,,,,,,,,,,,,,,,,,,,,,,,,,
9th Jan 2025 09:00,,,,,,,,,,,,,,,,,,,,,,,,,,,,,,,,
9th Jan 2025 10:00,,,,,,,,,,,,,,,,,,,,,,,,,,,,,,,,
9th Jan 2025 11:00,,,,,,,,,,,,,,,,,,,,,,,,,,,,,,,,
9th Jan 2025 12:00,,,,,,,,,,,,,,,,,,,,,,,,,,,,,,,,
9th Jan 2025 13:00,,,,,,,,,,,,,,,,,,,,,,,,,,,,,,,,
9th Jan 2025 14:00,,,,,,,,,,,,,,,,,,,,,,,,,,,,,,,,
9th Jan 2025 15:00,,,,,,,,,,,,,,,,,,,,,,,,,,,,,,,,
9th Jan 2025 16:00,,,,,,,,,,,,,,,,,,,,,,,,,,,,,,,,
9th Jan 2025 17:00,,,,,,,,,,,,,,,,,,,,,,,,,,,,,,,,
9th Jan 2025 18:00,,,,,,,,,,,,,,,,,,,,,,,,,,,,,,,,
9th Jan 2025 19:00,,,,,,,,,,,,,,,,,,,,,,,,,,,,,,,,
9th Jan 2025 20:00,,,,,,,,,,,,,,,,,,,,,,,,,,,,,,,,
9th Jan 2025 21:00,,,,,,,,,,,,,,,,,,,,,,,,,,,,,,,,
9th Jan 2025 22:00,,,,,,,,,,,,,,,,,,,,,,,,,,,,,,,,
9th Jan 2025 23:00,,,,,,,,,,,,,,,,,,,,,,,,,,,,,,,,
10th Jan 2025 00:00,,,,,,,,,,,,,,,,,,,,,,,,,,,,,,,,
10th Jan 2025 01:00,,,,,,,,,,,,,,,,,,,,,,,,,,,,,,,,
10th Jan 2025 02:00,,,,,,,,,,,,,,,,,,,,,,,,,,,,,,,,
10th Jan 2025 03:00,,,,,,,,,,,,,,,,,,,,,,,,,,,,,,,,
10th Jan 2025 04:00,,,,,,,,,,,,,,,,,,,,,,,,,,,,,,,,
10th Jan 2025 05:00,,,,,,,,,,,,,,,,,,,,,,,,,,,,,,,,
10th Jan 2025 06:00,,,,,,,,,,,,,,,,,,,,,,,,,,,,,,,,
10th Jan 2025 07:00,,,,,,,,,,,,,,,,,,,,,,,,,,,,,,,,
10th Jan 2025 08:00,,,,,,,,,,,,,,,,,,,,,,,,,,,,,,,,
10th Jan 2025 09:00,,,,,,,,,,,,,,,,,,,,,,,,,,,,,,,,
10th Jan 2025 10:00,,,,,,,,,,,,,,,,,,,,,,,,,,,,,,,,
10th Jan 2025 11:00,,,,,,,,,,,,,,,,,,,,,,,,,,,,,,,,
10th Jan 2025 12:00,,,,,,,,,,,,,,,,,,,,,,,,,,,,,,,,
10th Jan 2025 13:00,,,,,,,,,,,,,,,,,,,,,,,,,,,,,,,,
10th Jan 2025 14:00,,,,,,,,,,,,,,,,,,,,,,,,,,,,,,,,
10th Jan 2025 15:00,,,,,,,,,,,,,,,,,,,,,,,,,,,,,,,,
10th Jan 2025 16:00,,,,,,,,,,,,,,,,,,,,,,,,,,,,,,,,
10th Jan 2025 17:00,,,,,,,,,,,,,,,,,,,,,,,,,,,,,,,,
10th Jan 2025 18:00,,,,,,,,,,,,,,,,,,,,,,,,,,,,,,,,
10th Jan 2025 19:00,,,,,,,,,,,,,,,,,,,,,,,,,,,,,,,,
10th Jan 2025 20:00,,,,,,,,,,,,,,,,,,,,,,,,,,,,,,,,
10th Jan 2025 21:00,,,,,,,,,,,,,,,,,,,,,,,,,,,,,,,,
10th Jan 2025 22:00,,,,,,,,,,,,,,,,,,,,,,,,,,,,,,,,
10th Jan 2025 23:00,,,,,,,,,,,,,,,,,,,,,,,,,,,,,,,,
11th Jan 2025 00:00,,,,,,,,,,,,,,,,,,,,,,,,,,,,,,,,
11th Jan 2025 01:00,,,,,,,,,,,,,,,,,,,,,,,,,,,,,,,,
11th Jan 2025 02:00,,,,,,,,,,,,,,,,,,,,,,,,,,,,,,,,
11th Jan 2025 03:00,,,,,,,,,,,,,,,,,,,,,,,,,,,,,,,,
11th Jan 2025 04:00,,,,,,,,,,,,,,,,,,,,,,,,,,,,,,,,
11th Jan 2025 05:00,,,,,,,,,,,,,,,,,,,,,,,,,,,,,,,,
11th Jan 2025 06:00,,,,,,,,,,,,,,,,,,,,,,,,,,,,,,,,
11th Jan 2025 07:00,,,,,,,,,,,,,,,,,,,,,,,,,,,,,,,,
11th Jan 2025 08:00,,,,,,,,,,,,,,,,,,,,,,,,,,,,,,,,
11th Jan 2025 09:00,,,,,,,,,,,,,,,,,,,,,,,,,,,,,,,,
11th Jan 2025 10:00,,,,,,,,,,,,,,,,,,,,,,,,,,,,,,,,
11th Jan 2025 11:00,,,,,,,,,,,,,,,,,,,,,,,,,,,,,,,,
11th Jan 2025 12:00,,,,,,,,,,,,,,,,,,,,,,,,,,,,,,,,
11th Jan 2025 13:00,,,,,,,,,,,,,,,,,,,,,,,,,,,,,,,,
11th Jan 2025 14:00,,,,,,,,,,,,,,,,,,,,,,,,,,,,,,,,
11th Jan 2025 15:00,,,,,,,,,,,,,,,,,,,,,,,,,,,,,,,,
11th Jan 2025 16:00,,,,,,,,,,,,,,,,,,,,,,,,,,,,,,,,
11th Jan 2025 17:00,,,,,,,,,,,,,,,,,,,,,,,,,,,,,,,,
11th Jan 2025 18:00,,,,,,,,,,,,,,,,,,,,,,,,,,,,,,,,
11th Jan 2025 19:00,,,,,,,,,,,,,,,,,,,,,,,,,,,,,,,,
11th Jan 2025 20:00,,,,,,,,,,,,,,,,,,,,,,,,,,,,,,,,
11th Jan 2025 21:00,,,,,,,,,,,,,,,,,,,,,,,,,,,,,,,,
11th Jan 2025 22:00,,,,,,,,,,,,,,,,,,,,,,,,,,,,,,,,
11th Jan 2025 23:00,,,,,,,,,,,,,,,,,,,,,,,,,,,,,,,,
12th Jan 2025 00:00,,,,,,,,,,,,,,,,,,,,,,,,,,,,,,,,
12th Jan 2025 01:00,,,,,,,,,,,,,,,,,,,,,,,,,,,,,,,,
12th Jan 2025 02:00,,,,,,,,,,,,,,,,,,,,,,,,,,,,,,,,
12th Jan 2025 03:00,,,,,,,,,,,,,,,,,,,,,,,,,,,,,,,,
12th Jan 2025 04:00,,,,,,,,,,,,,,,,,,,,,,,,,,,,,,,,
12th Jan 2025 05:00,,,,,,,,,,,,,,,,,,,,,,,,,,,,,,,,
12th Jan 2025 06:00,,,,,,,,,,,,,,,,,,,,,,,,,,,,,,,,
12th Jan 2025 07:00,,,,,,,,,,,,,,,,,,,,,,,,,,,,,,,,
12th Jan 2025 08:00,,,,,,,,,,,,,,,,,,,,,,,,,,,,,,,,
12th Jan 2025 09:00,,,,,,,,,,,,,,,,,,,,,,,,,,,,,,,,
12th Jan 2025 10:00,,,,,,,,,,,,,,,,,,,,,,,,,,,,,,,,
12th Jan 2025 11:00,,,,,,,,,,,,,,,,,,,,,,,,,,,,,,,,
12th Jan 2025 12:00,,,,,,,,,,,,,,,,,,,,,,,,,,,,,,,,
12th Jan 2025 13:00,,,,,,,,,,,,,,,,,,,,,,,,,,,,,,,,
12th Jan 2025 14:00,,,,,,,,,,,,,,,,,,,,,,,,,,,,,,,,
12th Jan 2025 15:00,,,,,,,,,,,,,,,,,,,,,,,,,,,,,,,,
12th Jan 2025 16:00,,,,,,,,,,,,,,,,,,,,,,,,,,,,,,,,
12th Jan 2025 17:00,,,,,,,,,,,,,,,,,,,,,,,,,,,,,,,,
12th Jan 2025 18:00,,,,,,,,,,,,,,,,,,,,,,,,,,,,,,,,
12th Jan 2025 19:00,,,,,,,,,,,,,,,,,,,,,,,,,,,,,,,,
12th Jan 2025 20:00,,,,,,,,,,,,,,,,,,,,,,,,,,,,,,,,
12th Jan 2025 21:00,,,,,,,,,,,,,,,,,,,,,,,,,,,,,,,,
12th Jan 2025 22:00,,,,,,,,,,,,,,,,,,,,,,,,,,,,,,,,
12th Jan 2025 23:00,,,,,,,,,,,,,,,,,,,,,,,,,,,,,,,,
13th Jan 2025 00:00,,,,,,,,,,,,,,,,,,,,,,,,,,,,,,,,
13th Jan 2025 01:00,,,,,,,,,,,,,,,,,,,,,,,,,,,,,,,,
13th Jan 2025 02:00,,,,,,,,,,,,,,,,,,,,,,,,,,,,,,,,
13th Jan 2025 03:00,,,,,,,,,,,,,,,,,,,,,,,,,,,,,,,,
13th Jan 2025 04:00,,,,,,,,,,,,,,,,,,,,,,,,,,,,,,,,
13th Jan 2025 05:00,,,,,,,,,,,,,,,,,,,,,,,,,,,,,,,,
13th Jan 2025 06:00,,,,,,,,,,,,,,,,,,,,,,,,,,,,,,,,
13th Jan 2025 07:00,,,,,,,,,,,,,,,,,,,,,,,,,,,,,,,,
13th Jan 2025 08:00,,,,,,,,,,,,,,,,,,,,,,,,,,,,,,,,
13th Jan 2025 09:00,,,,,,,,,,,,,,,,,,,,,,,,,,,,,,,,
13th Jan 2025 10:00,,,,,,,,,,,,,,,,,,,,,,,,,,,,,,,,
13th Jan 2025 11:00,,,,,,,,,,,,,,,,,,,,,,,,,,,,,,,,
13th Jan 2025 12:00,,,,,,,,,,,,,,,,,,,,,,,,,,,,,,,,
13th Jan 2025 13:00,,,,,,,,,,,,,,,,,,,,,,,,,,,,,,,,
13th Jan 2025 14:00,,,,,,,,,,,,,,,,,,,,,,,,,,,,,,,,
13th Jan 2025 15:00,,,,,,,,,,,,,,,,,,,,,,,,,,,,,,,,
13th Jan 2025 16:00,,,,,,,,,,,,,,,,,,,,,,,,,,,,,,,,
13th Jan 2025 17:00,,,,,,,,,,,,,,,,,,,,,,,,,,,,,,,,
13th Jan 2025 18:00,,,,,,,,,,,,,,,,,,,,,,,,,,,,,,,,
13th Jan 2025 19:00,,,,,,,,,,,,,,,,,,,,,,,,,,,,,,,,
13th Jan 2025 20:00,,,,,,,,,,,,,,,,,,,,,,,,,,,,,,,,
13th Jan 2025 21:00,,,,,,,,,,,,,,,,,,,,,,,,,,,,,,,,
13th Jan 2025 22:00,,,,,,,,,,,,,,,,,,,,,,,,,,,,,,,,
13th Jan 2025 23:00,,,,,,,,,,,,,,,,,,,,,,,,,,,,,,,,
14th Jan 2025 00:00,,,,,,,,,,,,,,,,,,,,,,,,,,,,,,,,
14th Jan 2025 01:00,,,,,,,,,,,,,,,,,,,,,,,,,,,,,,,,
14th Jan 2025 02:00,,,,,,,,,,,,,,,,,,,,,,,,,,,,,,,,
14th Jan 2025 03:00,,,,,,,,,,,,,,,,,,,,,,,,,,,,,,,,
14th Jan 2025 04:00,,,,,,,,,,,,,,,,,,,,,,,,,,,,,,,,
14th Jan 2025 05:00,,,,,,,,,,,,,,,,,,,,,,,,,,,,,,,,
14th Jan 2025 06:00,,,,,,,,,,,,,,,,,,,,,,,,,,,,,,,,
14th Jan 2025 07:00,,,,,,,,,,,,,,,,,,,,,,,,,,,,,,,,
14th Jan 2025 08:00,,,,,,,,,,,,,,,,,,,,,,,,,,,,,,,,
14th Jan 2025 09:00,,,,,,,,,,,,,,,,,,,,,,,,,,,,,,,,
14th Jan 2025 10:00,,,,,,,,,,,,,,,,,,,,,,,,,,,,,,,,
14th Jan 2025 11:00,,,,,,,,,,,,,,,,,,,,,,,,,,,,,,,,
14th Jan 2025 12:00,,,,,,,,,,,,,,,,,,,,,,,,,,,,,,,,
14th Jan 2025 13:00,,,,,,,,,,,,,,,,,,,,,,,,,,,,,,,,
14th Jan 2025 14:00,,,,,,,,,,,,,,,,,,,,,,,,,,,,,,,,
14th Jan 2025 15:00,,,,,,,,,,,,,,,,,,,,,,,,,,,,,,,,
14th Jan 2025 16:00,,,,,,,,,,,,,,,,,,,,,,,,,,,,,,,,
14th Jan 2025 17:00,,,,,,,,,,,,,,,,,,,,,,,,,,,,,,,,
14th Jan 2025 18:00,,,,,,,,,,,,,,,,,,,,,,,,,,,,,,,,
14th Jan 2025 19:00,,,,,,,,,,,,,,,,,,,,,,,,,,,,,,,,
14th Jan 2025 20:00,,,,,,,,,,,,,,,,,,,,,,,,,,,,,,,,
14th Jan 2025 21:00,,,,,,,,,,,,,,,,,,,,,,,,,,,,,,,,
14th Jan 2025 22:00,,,,,,,,,,,,,,,,,,,,,,,,,,,,,,,,
14th Jan 2025 23:00,,,,,,,,,,,,,,,,,,,,,,,,,,,,,,,,
15th Jan 2025 00:00,,,,,,,,,,,,,,,,,,,,,,,,,,,,,,,,
15th Jan 2025 01:00,,,,,,,,,,,,,,,,,,,,,,,,,,,,,,,,
15th Jan 2025 02:00,,,,,,,,,,,,,,,,,,,,,,,,,,,,,,,,
15th Jan 2025 03:00,,,,,,,,,,,,,,,,,,,,,,,,,,,,,,,,
15th Jan 2025 04:00,,,,,,,,,,,,,,,,,,,,,,,,,,,,,,,,
15th Jan 2025 05:00,,,,,,,,,,,,,,,,,,,,,,,,,,,,,,,,
15th Jan 2025 06:00,,,,,,,,,,,,,,,,,,,,,,,,,,,,,,,,
15th Jan 2025 07:00,,,,,,,,,,,,,,,,,,,,,,,,,,,,,,,,
15th Jan 2025 08:00,,,,,,,,,,,,,,,,,,,,,,,,,,,,,,,,
15th Jan 2025 09:00,,,,,,,,,,,,,,,,,,,,,,,,,,,,,,,,
15th Jan 2025 10:00,,,,,,,,,,,,,,,,,,,,,,,,,,,,,,,,
15th Jan 2025 11:00,,,,,,,,,,,,,,,,,,,,,,,,,,,,,,,,
15th Jan 2025 12:00,,,,,,,,,,,,,,,,,,,,,,,,,,,,,,,,
15th Jan 2025 13:00,,,,,,,,,,,,,,,,,,,,,,,,,,,,,,,,
15th Jan 2025 14:00,,,,,,,,,,,,,,,,,,,,,,,,,,,,,,,,
15th Jan 2025 15:00,,,,,,,,,,,,,,,,,,,,,,,,,,,,,,,,
15th Jan 2025 16:00,,,,,,,,,,,,,,,,,,,,,,,,,,,,,,,,
15th Jan 2025 17:00,,,,,,,,,,,,,,,,,,,,,,,,,,,,,,,,
15th Jan 2025 18:00,,,,,,,,,,,,,,,,,,,,,,,,,,,,,,,,
15th Jan 2025 19:00,,,,,,,,,,,,,,,,,,,,,,,,,,,,,,,,
15th Jan 2025 20:00,,,,,,,,,,,,,,,,,,,,,,,,,,,,,,,,
15th Jan 2025 21:00,,,,,,,,,,,,,,,,,,,,,,,,,,,,,,,,
15th Jan 2025 22:00,,,,,,,,,,,,,,,,,,,,,,,,,,,,,,,,
15th Jan 2025 23:00,,,,,,,,,,,,,,,,,,,,,,,,,,,,,,,,
16th Jan 2025 00:00,,,,,,,,,,,,,,,,,,,,,,,,,,,,,,,,
16th Jan 2025 01:00,,,,,,,,,,,,,,,,,,,,,,,,,,,,,,,,
16th Jan 2025 02:00,,,,,,,,,,,,,,,,,,,,,,,,,,,,,,,,
16th Jan 2025 03:00,,,,,,,,,,,,,,,,,,,,,,,,,,,,,,,,
16th Jan 2025 04:00,,,,,,,,,,,,,,,,,,,,,,,,,,,,,,,,
16th Jan 2025 05:00,,,,,,,,,,,,,,,,,,,,,,,,,,,,,,,,
16th Jan 2025 06:00,,,,,,,,,,,,,,,,,,,,,,,,,,,,,,,,
16th Jan 2025 07:00,,,,,,,,,,,,,,,,,,,,,,,,,,,,,,,,
16th Jan 2025 08:00,,,,,,,,,,,,,,,,,,,,,,,,,,,,,,,,
16th Jan 2025 09:00,,,,,,,,,,,,,,,,,,,,,,,,,,,,,,,,
16th Jan 2025 10:00,,,,,,,,,,,,,,,,,,,,,,,,,,,,,,,,
16th Jan 2025 11:00,,,,,,,,,,,,,,,,,,,,,,,,,,,,,,,,
16th Jan 2025 12:00,,,,,,,,,,,,,,,,,,,,,,,,,,,,,,,,
16th Jan 2025 13:00,,,,,,,,,,,,,,,,,,,,,,,,,,,,,,,,
16th Jan 2025 14:00,,,,,,,,,,,,,,,,,,,,,,,,,,,,,,,,
16th Jan 2025 15:00,,,,,,,,,,,,,,,,,,,,,,,,,,,,,,,,
16th Jan 2025 16:00,,,,,,,,,,,,,,,,,,,,,,,,,,,,,,,,
16th Jan 2025 17:00,,,,,,,,,,,,,,,,,,,,,,,,,,,,,,,,
16th Jan 2025 18:00,,,,,,,,,,,,,,,,,,,,,,,,,,,,,,,,
16th Jan 2025 19:00,,,,,,,,,,,,,,,,,,,,,,,,,,,,,,,,
16th Jan 2025 20:00,,,,,,,,,,,,,,,,,,,,,,,,,,,,,,,,
16th Jan 2025 21:00,,,,,,,,,,,,,,,,,,,,,,,,,,,,,,,,
16th Jan 2025 22:00,,,,,,,,,,,,,,,,,,,,,,,,,,,,,,,,
16th Jan 2025 23:00,,,,,,,,,,,,,,,,,,,,,,,,,,,,,,,,
17th Jan 2025 00:00,,,,,,,,,,,,,,,,,,,,,,,,,,,,,,,,
17th Jan 2025 01:00,,,,,,,,,,,,,,,,,,,,,,,,,,,,,,,,
17th Jan 2025 02:00,,,,,,,,,,,,,,,,,,,,,,,,,,,,,,,,
17th Jan 2025 03:00,,,,,,,,,,,,,,,,,,,,,,,,,,,,,,,,
17th Jan 2025 04:00,,,,,,,,,,,,,,,,,,,,,,,,,,,,,,,,
17th Jan 2025 05:00,,,,,,,,,,,,,,,,,,,,,,,,,,,,,,,,
17th Jan 2025 06:00,,,,,,,,,,,,,,,,,,,,,,,,,,,,,,,,
17th Jan 2025 07:00,,,,,,,,,,,,,,,,,,,,,,,,,,,,,,,,
17th Jan 2025 08:00,,,,,,,,,,,,,,,,,,,,,,,,,,,,,,,,
17th Jan 2025 09:00,,,,,,,,,,,,,,,,,,,,,,,,,,,,,,,,
17th Jan 2025 10:00,,,,,,,,,,,,,,,,,,,,,,,,,,,,,,,,
17th Jan 2025 11:00,,,,,,,,,,,,,,,,,,,,,,,,,,,,,,,,
17th Jan 2025 12:00,,,,,,,,,,,,,,,,,,,,,,,,,,,,,,,,
17th Jan 2025 13:00,,,,,,,,,,,,,,,,,,,,,,,,,,,,,,,,
17th Jan 2025 14:00,,,,,,,,,,,,,,,,,,,,,,,,,,,,,,,,
17th Jan 2025 15:00,,,,,,,,,,,,,,,,,,,,,,,,,,,,,,,,
17th Jan 2025 16:00,,,,,,,,,,,,,,,,,,,,,,,,,,,,,,,,
17th Jan 2025 17:00,,,,,,,,,,,,,,,,,,,,,,,,,,,,,,,,
17th Jan 2025 18:00,,,,,,,,,,,,,,,,,,,,,,,,,,,,,,,,
17th Jan 2025 19:00,,,,,,,,,,,,,,,,,,,,,,,,,,,,,,,,
17th Jan 2025 20:00,,,,,,,,,,,,,,,,,,,,,,,,,,,,,,,,
17th Jan 2025 21:00,,,,,,,,,,,,,,,,,,,,,,,,,,,,,,,,
17th Jan 2025 22:00,,,,,,,,,,,,,,,,,,,,,,,,,,,,,,,,
17th Jan 2025 23:00,,,,,,,,,,,,,,,,,,,,,,,,,,,,,,,,
18th Jan 2025 00:00,,,,,,,,,,,,,,,,,,,,,,,,,,,,,,,,
18th Jan 2025 01:00,,,,,,,,,,,,,,,,,,,,,,,,,,,,,,,,
18th Jan 2025 02:00,,,,,,,,,,,,,,,,,,,,,,,,,,,,,,,,
18th Jan 2025 03:00,,,,,,,,,,,,,,,,,,,,,,,,,,,,,,,,
18th Jan 2025 04:00,,,,,,,,,,,,,,,,,,,,,,,,,,,,,,,,
18th Jan 2025 05:00,,,,,,,,,,,,,,,,,,,,,,,,,,,,,,,,
18th Jan 2025 06:00,,,,,,,,,,,,,,,,,,,,,,,,,,,,,,,,
18th Jan 2025 07:00,,,,,,,,,,,,,,,,,,,,,,,,,,,,,,,,
18th Jan 2025 08:00,,,,,,,,,,,,,,,,,,,,,,,,,,,,,,,,
18th Jan 2025 09:00,,,,,,,,,,,,,,,,,,,,,,,,,,,,,,,,
18th Jan 2025 10:00,,,,,,,,,,,,,,,,,,,,,,,,,,,,,,,,
18th Jan 2025 11:00,,,,,,,,,,,,,,,,,,,,,,,,,,,,,,,,
18th Jan 2025 12:00,,,,,,,,,,,,,,,,,,,,,,,,,,,,,,,,
18th Jan 2025 13:00,,,,,,,,,,,,,,,,,,,,,,,,,,,,,,,,
18th Jan 2025 14:00,,,,,,,,,,,,,,,,,,,,,,,,,,,,,,,,
18th Jan 2025 15:00,,,,,,,,,,,,,,,,,,,,,,,,,,,,,,,,
18th Jan 2025 16:00,,,,,,,,,,,,,,,,,,,,,,,,,,,,,,,,
18th Jan 2025 17:00,,,,,,,,,,,,,,,,,,,,,,,,,,,,,,,,
18th Jan 2025 18:00,,,,,,,,,,,,,,,,,,,,,,,,,,,,,,,,
18th Jan 2025 19:00,,,,,,,,,,,,,,,,,,,,,,,,,,,,,,,,
18th Jan 2025 20:00,,,,,,,,,,,,,,,,,,,,,,,,,,,,,,,,
18th Jan 2025 21:00,,,,,,,,,,,,,,,,,,,,,,,,,,,,,,,,
18th Jan 2025 22:00,,,,,,,,,,,,,,,,,,,,,,,,,,,,,,,,
18th Jan 2025 23:00,,,,,,,,,,,,,,,,,,,,,,,,,,,,,,,,
19th Jan 2025 00:00,,,,,,,,,,,,,,,,,,,,,,,,,,,,,,,,
19th Jan 2025 01:00,,,,,,,,,,,,,,,,,,,,,,,,,,,,,,,,
19th Jan 2025 02:00,,,,,,,,,,,,,,,,,,,,,,,,,,,,,,,,
19th Jan 2025 03:00,,,,,,,,,,,,,,,,,,,,,,,,,,,,,,,,
19th Jan 2025 04:00,,,,,,,,,,,,,,,,,,,,,,,,,,,,,,,,
19th Jan 2025 05:00,,,,,,,,,,,,,,,,,,,,,,,,,,,,,,,,
19th Jan 2025 06:00,,,,,,,,,,,,,,,,,,,,,,,,,,,,,,,,
19th Jan 2025 07:00,,,,,,,,,,,,,,,,,,,,,,,,,,,,,,,,
19th Jan 2025 08:00,,,,,,,,,,,,,,,,,,,,,,,,,,,,,,,,
19th Jan 2025 09:00,,,,,,,,,,,,,,,,,,,,,,,,,,,,,,,,
19th Jan 2025 10:00,,,,,,,,,,,,,,,,,,,,,,,,,,,,,,,,
19th Jan 2025 11:00,,,,,,,,,,,,,,,,,,,,,,,,,,,,,,,,
19th Jan 2025 12:00,,,,,,,,,,,,,,,,,,,,,,,,,,,,,,,,
19th Jan 2025 13:00,,,,,,,,,,,,,,,,,,,,,,,,,,,,,,,,
19th Jan 2025 14:00,,,,,,,,,,,,,,,,,,,,,,,,,,,,,,,,
19th Jan 2025 15:00,,,,,,,,,,,,,,,,,,,,,,,,,,,,,,,,
19th Jan 2025 16:00,,,,,,,,,,,,,,,,,,,,,,,,,,,,,,,,
19th Jan 2025 17:00,,,,,,,,,,,,,,,,,,,,,,,,,,,,,,,,
19th Jan 2025 18:00,,,,,,,,,,,,,,,,,,,,,,,,,,,,,,,,
19th Jan 2025 19:00,,,,,,,,,,,,,,,,,,,,,,,,,,,,,,,,
19th Jan 2025 20:00,,,,,,,,,,,,,,,,,,,,,,,,,,,,,,,,
19th Jan 2025 21:00,,,,,,,,,,,,,,,,,,,,,,,,,,,,,,,,
19th Jan 2025 22:00,,,,,,,,,,,,,,,,,,,,,,,,,,,,,,,,
19th Jan 2025 23:00,,,,,,,,,,,,,,,,,,,,,,,,,,,,,,,,
20th Jan 2025 00:00,,,,,,,,,,,,,,,,,,,,,,,,,,,,,,,,
20th Jan 2025 01:00,,,,,,,,,,,,,,,,,,,,,,,,,,,,,,,,
20th Jan 2025 02:00,,,,,,,,,,,,,,,,,,,,,,,,,,,,,,,,
20th Jan 2025 03:00,,,,,,,,,,,,,,,,,,,,,,,,,,,,,,,,
20th Jan 2025 04:00,,,,,,,,,,,,,,,,,,,,,,,,,,,,,,,,
20th Jan 2025 05:00,,,,,,,,,,,,,,,,,,,,,,,,,,,,,,,,
20th Jan 2025 06:00,,,,,,,,,,,,,,,,,,,,,,,,,,,,,,,,
20th Jan 2025 07:00,,,,,,,,,,,,,,,,,,,,,,,,,,,,,,,,
20th Jan 2025 08:00,,,,,,,,,,,,,,,,,,,,,,,,,,,,,,,,
20th Jan 2025 09:00,,,,,,,,,,,,,,,,,,,,,,,,,,,,,,,,
20th Jan 2025 10:00,,,,,,,,,,,,,,,,,,,,,,,,,,,,,,,,
20th Jan 2025 11:00,,,,,,,,,,,,,,,,,,,,,,,,,,,,,,,,
20th Jan 2025 12:00,,,,,,,,,,,,,,,,,,,,,,,,,,,,,,,,
20th Jan 2025 13:00,,,,,,,,,,,,,,,,,,,,,,,,,,,,,,,,
20th Jan 2025 14:00,,,,,,,,,,,,,,,,,,,,,,,,,,,,,,,,
20th Jan 2025 15:00,,,,,,,,,,,,,,,,,,,,,,,,,,,,,,,,
20th Jan 2025 16:00,,,,,,,,,,,,,,,,,,,,,,,,,,,,,,,,
20th Jan 2025 17:00,,,,,,,,,,,,,,,,,,,,,,,,,,,,,,,,
20th Jan 2025 18:00,,,,,,,,,,,,,,,,,,,,,,,,,,,,,,,,
20th Jan 2025 19:00,,,,,,,,,,,,,,,,,,,,,,,,,,,,,,,,
20th Jan 2025 20:00,,,,,,,,,,,,,,,,,,,,,,,,,,,,,,,,
20th Jan 2025 21:00,,,,,,,,,,,,,,,,,,,,,,,,,,,,,,,,
20th Jan 2025 22:00,,,,,,,,,,,,,,,,,,,,,,,,,,,,,,,,
20th Jan 2025 23:00,,,,,,,,,,,,,,,,,,,,,,,,,,,,,,,,
21st Jan 2025 00:00,,,,,,,,,,,,,,,,,,,,,,,,,,,,,,,,
21st Jan 2025 01:00,,,,,,,,,,,,,,,,,,,,,,,,,,,,,,,,
21st Jan 2025 02:00,,,,,,,,,,,,,,,,,,,,,,,,,,,,,,,,
21st Jan 2025 03:00,,,,,,,,,,,,,,,,,,,,,,,,,,,,,,,,
21st Jan 2025 04:00,,,,,,,,,,,,,,,,,,,,,,,,,,,,,,,,
21st Jan 2025 05:00,,,,,,,,,,,,,,,,,,,,,,,,,,,,,,,,
21st Jan 2025 06:00,,,,,,,,,,,,,,,,,,,,,,,,,,,,,,,,
21st Jan 2025 07:00,,,,,,,,,,,,,,,,,,,,,,,,,,,,,,,,
21st Jan 2025 08:00,,,,,,,,,,,,,,,,,,,,,,,,,,,,,,,,
21st Jan 2025 09:00,,,,,,,,,,,,,,,,,,,,,,,,,,,,,,,,
21st Jan 2025 10:00,,,,,,,,,,,,,,,,,,,,,,,,,,,,,,,,
21st Jan 2025 11:00,,,,,,,,,,,,,,,,,,,,,,,,,,,,,,,,
21st Jan 2025 12:00,,,,,,,,,,,,,,,,,,,,,,,,,,,,,,,,
21st Jan 2025 13:00,,,,,,,,,,,,,,,,,,,,,,,,,,,,,,,,
21st Jan 2025 14:00,,,,,,,,,,,,,,,,,,,,,,,,,,,,,,,,
21st Jan 2025 15:00,,,,,,,,,,,,,,,,,,,,,,,,,,,,,,,,
21st Jan 2025 16:00,,,,,,,,,,,,,,,,,,,,,,,,,,,,,,,,
21st Jan 2025 17:00,,,,,,,,,,,,,,,,,,,,,,,,,,,,,,,,
21st Jan 2025 18:00,,,,,,,,,,,,,,,,,,,,,,,,,,,,,,,,
21st Jan 2025 19:00,,,,,,,,,,,,,,,,,,,,,,,,,,,,,,,,
21st Jan 2025 20:00,,,,,,,,,,,,,,,,,,,,,,,,,,,,,,,,
21st Jan 2025 21:00,,,,,,,,,,,,,,,,,,,,,,,,,,,,,,,,
21st Jan 2025 22:00,,,,,,,,,,,,,,,,,,,,,,,,,,,,,,,,
21st Jan 2025 23:00,,,,,,,,,,,,,,,,,,,,,,,,,,,,,,,,
22nd Jan 2025 00:00,,,,,,,,,,,,,,,,,,,,,,,,,,,,,,,,
22nd Jan 2025 01:00,,,,,,,,,,,,,,,,,,,,,,,,,,,,,,,,
22nd Jan 2025 02:00,,,,,,,,,,,,,,,,,,,,,,,,,,,,,,,,
22nd Jan 2025 03:00,,,,,,,,,,,,,,,,,,,,,,,,,,,,,,,,
22nd Jan 2025 04:00,,,,,,,,,,,,,,,,,,,,,,,,,,,,,,,,
22nd Jan 2025 05:00,,,,,,,,,,,,,,,,,,,,,,,,,,,,,,,,
22nd Jan 2025 06:00,,,,,,,,,,,,,,,,,,,,,,,,,,,,,,,,
22nd Jan 2025 07:00,,,,,,,,,,,,,,,,,,,,,,,,,,,,,,,,
22nd Jan 2025 08:00,,,,,,,,,,,,,,,,,,,,,,,,,,,,,,,,
22nd Jan 2025 09:00,,,,,,,,,,,,,,,,,,,,,,,,,,,,,,,,
22nd Jan 2025 10:00,,,,,,,,,,,,,,,,,,,,,,,,,,,,,,,,
22nd Jan 2025 11:00,,,,,,,,,,,,,,,,,,,,,,,,,,,,,,,,
22nd Jan 2025 12:00,,,,,,,,,,,,,,,,,,,,,,,,,,,,,,,,
22nd Jan 2025 13:00,,,,,,,,,,,,,,,,,,,,,,,,,,,,,,,,
22nd Jan 2025 14:00,,,,,,,,,,,,,,,,,,,,,,,,,,,,,,,,
22nd Jan 2025 15:00,,,,,,,,,,,,,,,,,,,,,,,,,,,,,,,,
22nd Jan 2025 16:00,,,,,,,,,,,,,,,,,,,,,,,,,,,,,,,,
22nd Jan 2025 17:00,,,,,,,,,,,,,,,,,,,,,,,,,,,,,,,,
22nd Jan 2025 18:00,,,,,,,,,,,,,,,,,,,,,,,,,,,,,,,,
22nd Jan 2025 19:00,,,,,,,,,,,,,,,,,,,,,,,,,,,,,,,,
22nd Jan 2025 20:00,,,,,,,,,,,,,,,,,,,,,,,,,,,,,,,,
22nd Jan 2025 21:00,,,,,,,,,,,,,,,,,,,,,,,,,,,,,,,,
22nd Jan 2025 22:00,,,,,,,,,,,,,,,,,,,,,,,,,,,,,,,,
22nd Jan 2025 23:00,,,,,,,,,,,,,,,,,,,,,,,,,,,,,,,,
23rd Jan 2025 00:00,,,,,,,,,,,,,,,,,,,,,,,,,,,,,,,,
23rd Jan 2025 01:00,,,,,,,,,,,,,,,,,,,,,,,,,,,,,,,,
23rd Jan 2025 02:00,,,,,,,,,,,,,,,,,,,,,,,,,,,,,,,,
23rd Jan 2025 03:00,,,,,,,,,,,,,,,,,,,,,,,,,,,,,,,,
23rd Jan 2025 04:00,,,,,,,,,,,,,,,,,,,,,,,,,,,,,,,,
23rd Jan 2025 05:00,,,,,,,,,,,,,,,,,,,,,,,,,,,,,,,,
23rd Jan 2025 06:00,,,,,,,,,,,,,,,,,,,,,,,,,,,,,,,,
23rd Jan 2025 07:00,,,,,,,,,,,,,,,,,,,,,,,,,,,,,,,,
23rd Jan 2025 08:00,,,,,,,,,,,,,,,,,,,,,,,,,,,,,,,,
23rd Jan 2025 09:00,,,,,,,,,,,,,,,,,,,,,,,,,,,,,,,,
23rd Jan 2025 10:00,,,,,,,,,,,,,,,,,,,,,,,,,,,,,,,,
23rd Jan 2025 11:00,,,,,,,,,,,,,,,,,,,,,,,,,,,,,,,,
23rd Jan 2025 12:00,,,,,,,,,,,,,,,,,,,,,,,,,,,,,,,,
23rd Jan 2025 13:00,,,,,,,,,,,,,,,,,,,,,,,,,,,,,,,,
23rd Jan 2025 14:00,,,,,,,,,,,,,,,,,,,,,,,,,,,,,,,,
23rd Jan 2025 15:00,,,,,,,,,,,,,,,,,,,,,,,,,,,,,,,,
23rd Jan 2025 16:00,,,,,,,,,,,,,,,,,,,,,,,,,,,,,,,,
23rd Jan 2025 17:00,,,,,,,,,,,,,,,,,,,,,,,,,,,,,,,,
23rd Jan 2025 18:00,,,,,,,,,,,,,,,,,,,,,,,,,,,,,,,,
23rd Jan 2025 19:00,,,,,,,,,,,,,,,,,,,,,,,,,,,,,,,,
23rd Jan 2025 20:00,,,,,,,,,,,,,,,,,,,,,,,,,,,,,,,,
23rd Jan 2025 21:00,,,,,,,,,,,,,,,,,,,,,,,,,,,,,,,,
23rd Jan 2025 22:00,,,,,,,,,,,,,,,,,,,,,,,,,,,,,,,,
23rd Jan 2025 23:00,,,,,,,,,,,,,,,,,,,,,,,,,,,,,,,,
24th Jan 2025 00:00,,,,,,,,,,,,,,,,,,,,,,,,,,,,,,,,
24th Jan 2025 01:00,,,,,,,,,,,,,,,,,,,,,,,,,,,,,,,,
24th Jan 2025 02:00,,,,,,,,,,,,,,,,,,,,,,,,,,,,,,,,
24th Jan 2025 03:00,,,,,,,,,,,,,,,,,,,,,,,,,,,,,,,,
24th Jan 2025 04:00,,,,,,,,,,,,,,,,,,,,,,,,,,,,,,,,
24th Jan 2025 05:00,,,,,,,,,,,,,,,,,,,,,,,,,,,,,,,,
24th Jan 2025 06:00,,,,,,,,,,,,,,,,,,,,,,,,,,,,,,,,
24th Jan 2025 07:00,,,,,,,,,,,,,,,,,,,,,,,,,,,,,,,,
24th Jan 2025 08:00,,,,,,,,,,,,,,,,,,,,,,,,,,,,,,,,
24th Jan 2025 09:00,,,,,,,,,,,,,,,,,,,,,,,,,,,,,,,,
24th Jan 2025 10:00,,,,,,,,,,,,,,,,,,,,,,,,,,,,,,,,
24th Jan 2025 11:00,,,,,,,,,,,,,,,,,,,,,,,,,,,,,,,,
24th Jan 2025 12:00,,,,,,,,,,,,,,,,,,,,,,,,,,,,,,,,
24th Jan 2025 13:00,,,,,,,,,,,,,,,,,,,,,,,,,,,,,,,,
24th Jan 2025 14:00,,,,,,,,,,,,,,,,,,,,,,,,,,,,,,,,
24th Jan 2025 15:00,,,,,,,,,,,,,,,,,,,,,,,,,,,,,,,,
24th Jan 2025 16:00,,,,,,,,,,,,,,,,,,,,,,,,,,,,,,,,
24th Jan 2025 17:00,,,,,,,,,,,,,,,,,,,,,,,,,,,,,,,,
24th Jan 2025 18:00,,,,,,,,,,,,,,,,,,,,,,,,,,,,,,,,
24th Jan 2025 19:00,,,,,,,,,,,,,,,,,,,,,,,,,,,,,,,,
24th Jan 2025 20:00,,,,,,,,,,,,,,,,,,,,,,,,,,,,,,,,
24th Jan 2025 21:00,,,,,,,,,,,,,,,,,,,,,,,,,,,,,,,,
24th Jan 2025 22:00,,,,,,,,,,,,,,,,,,,,,,,,,,,,,,,,
24th Jan 2025 23:00,,,,,,,,,,,,,,,,,,,,,,,,,,,,,,,,
25th Jan 2025 00:00,,,,,,,,,,,,,,,,,,,,,,,,,,,,,,,,
25th Jan 2025 01:00,,,,,,,,,,,,,,,,,,,,,,,,,,,,,,,,
25th Jan 2025 02:00,,,,,,,,,,,,,,,,,,,,,,,,,,,,,,,,
25th Jan 2025 03:00,,,,,,,,,,,,,,,,,,,,,,,,,,,,,,,,
25th Jan 2025 04:00,,,,,,,,,,,,,,,,,,,,,,,,,,,,,,,,
25th Jan 2025 05:00,,,,,,,,,,,,,,,,,,,,,,,,,,,,,,,,
25th Jan 2025 06:00,,,,,,,,,,,,,,,,,,,,,,,,,,,,,,,,
25th Jan 2025 07:00,,,,,,,,,,,,,,,,,,,,,,,,,,,,,,,,
25th Jan 2025 08:00,,,,,,,,,,,,,,,,,,,,,,,,,,,,,,,,
25th Jan 2025 09:00,,,,,,,,,,,,,,,,,,,,,,,,,,,,,,,,
25th Jan 2025 10:00,,,,,,,,,,,,,,,,,,,,,,,,,,,,,,,,
25th Jan 2025 11:00,,,,,,,,,,,,,,,,,,,,,,,,,,,,,,,,
25th Jan 2025 12:00,,,,,,,,,,,,,,,,,,,,,,,,,,,,,,,,
25th Jan 2025 13:00,,,,,,,,,,,,,,,,,,,,,,,,,,,,,,,,
25th Jan 2025 14:00,,,,,,,,,,,,,,,,,,,,,,,,,,,,,,,,
25th Jan 2025 15:00,,,,,,,,,,,,,,,,,,,,,,,,,,,,,,,,
25th Jan 2025 16:00,,,,,,,,,,,,,,,,,,,,,,,,,,,,,,,,
25th Jan 2025 17:00,,,,,,,,,,,,,,,,,,,,,,,,,,,,,,,,
25th Jan 2025 18:00,,,,,,,,,,,,,,,,,,,,,,,,,,,,,,,,
25th Jan 2025 19:00,,,,,,,,,,,,,,,,,,,,,,,,,,,,,,,,
25th Jan 2025 20:00,,,,,,,,,,,,,,,,,,,,,,,,,,,,,,,,
25th Jan 2025 21:00,,,,,,,,,,,,,,,,,,,,,,,,,,,,,,,,
25th Jan 2025 22:00,,,,,,,,,,,,,,,,,,,,,,,,,,,,,,,,
25th Jan 2025 23:00,,,,,,,,,,,,,,,,,,,,,,,,,,,,,,,,
26th Jan 2025 00:00,,,,,,,,,,,,,,,,,,,,,,,,,,,,,,,,
26th Jan 2025 01:00,,,,,,,,,,,,,,,,,,,,,,,,,,,,,,,,
26th Jan 2025 02:00,,,,,,,,,,,,,,,,,,,,,,,,,,,,,,,,
26th Jan 2025 03:00,,,,,,,,,,,,,,,,,,,,,,,,,,,,,,,,
26th Jan 2025 04:00,,,,,,,,,,,,,,,,,,,,,,,,,,,,,,,,
26th Jan 2025 05:00,,,,,,,,,,,,,,,,,,,,,,,,,,,,,,,,
26th Jan 2025 06:00,,,,,,,,,,,,,,,,,,,,,,,,,,,,,,,,
26th Jan 2025 07:00,,,,,,,,,,,,,,,,,,,,,,,,,,,,,,,,
26th Jan 2025 08:00,,,,,,,,,,,,,,,,,,,,,,,,,,,,,,,,
26th Jan 2025 09:00,,,,,,,,,,,,,,,,,,,,,,,,,,,,,,,,
26th Jan 2025 10:00,,,,,,,,,,,,,,,,,,,,,,,,,,,,,,,,
26th Jan 2025 11:00,,,,,,,,,,,,,,,,,,,,,,,,,,,,,,,,
26th Jan 2025 12:00,,,,,,,,,,,,,,,,,,,,,,,,,,,,,,,,
26th Jan 2025 13:00,,,,,,,,,,,,,,,,,,,,,,,,,,,,,,,,
26th Jan 2025 14:00,,,,,,,,,,,,,,,,,,,,,,,,,,,,,,,,
26th Jan 2025 15:00,,,,,,,,,,,,,,,,,,,,,,,,,,,,,,,,
26th Jan 2025 16:00,,,,,,,,,,,,,,,,,,,,,,,,,,,,,,,,
26th Jan 2025 17:00,,,,,,,,,,,,,,,,,,,,,,,,,,,,,,,,
26th Jan 2025 18:00,,,,,,,,,,,,,,,,,,,,,,,,,,,,,,,,
26th Jan 2025 19:00,,,,,,,,,,,,,,,,,,,,,,,,,,,,,,,,
26th Jan 2025 20:00,,,,,,,,,,,,,,,,,,,,,,,,,,,,,,,,
26th Jan 2025 21:00,,,,,,,,,,,,,,,,,,,,,,,,,,,,,,,,
26th Jan 2025 22:00,,,,,,,,,,,,,,,,,,,,,,,,,,,,,,,,
26th Jan 2025 23:00,,,,,,,,,,,,,,,,,,,,,,,,,,,,,,,,
27th Jan 2025 00:00,,,,,,,,,,,,,,,,,,,,,,,,,,,,,,,,
27th Jan 2025 01:00,,,,,,,,,,,,,,,,,,,,,,,,,,,,,,,,
27th Jan 2025 02:00,,,,,,,,,,,,,,,,,,,,,,,,,,,,,,,,
27th Jan 2025 03:00,,,,,,,,,,,,,,,,,,,,,,,,,,,,,,,,
27th Jan 2025 04:00,,,,,,,,,,,,,,,,,,,,,,,,,,,,,,,,
27th Jan 2025 05:00,,,,,,,,,,,,,,,,,,,,,,,,,,,,,,,,
27th Jan 2025 06:00,,,,,,,,,,,,,,,,,,,,,,,,,,,,,,,,
27th Jan 2025 07:00,,,,,,,,,,,,,,,,,,,,,,,,,,,,,,,,
27th Jan 2025 08:00,,,,,,,,,,,,,,,,,,,,,,,,,,,,,,,,
27th Jan 2025 09:00,,,,,,,,,,,,,,,,,,,,,,,,,,,,,,,,
27th Jan 2025 10:00,,,,,,,,,,,,,,,,,,,,,,,,,,,,,,,,
27th Jan 2025 11:00,,,,,,,,,,,,,,,,,,,,,,,,,,,,,,,,
27th Jan 2025 12:00,,,,,,,,,,,,,,,,,,,,,,,,,,,,,,,,
27th Jan 2025 13:00,,,,,,,,,,,,,,,,,,,,,,,,,,,,,,,,
27th Jan 2025 14:00,,,,,,,,,,,,,,,,,,,,,,,,,,,,,,,,
27th Jan 2025 15:00,,,,,,,,,,,,,,,,,,,,,,,,,,,,,,,,
27th Jan 2025 16:00,,,,,,,,,,,,,,,,,,,,,,,,,,,,,,,,
27th Jan 2025 17:00,,,,,,,,,,,,,,,,,,,,,,,,,,,,,,,,
27th Jan 2025 18:00,,,,,,,,,,,,,,,,,,,,,,,,,,,,,,,,
27th Jan 2025 19:00,,,,,,,,,,,,,,,,,,,,,,,,,,,,,,,,
27th Jan 2025 20:00,,,,,,,,,,,,,,,,,,,,,,,,,,,,,,,,
27th Jan 2025 21:00,,,,,,,,,,,,,,,,,,,,,,,,,,,,,,,,
27th Jan 2025 22:00,,,,,,,,,,,,,,,,,,,,,,,,,,,,,,,,
27th Jan 2025 23:00,,,,,,,,,,,,,,,,,,,,,,,,,,,,,,,,
28th Jan 2025 00:00,,,,,,,,,,,,,,,,,,,,,,,,,,,,,,,,
28th Jan 2025 01:00,,,,,,,,,,,,,,,,,,,,,,,,,,,,,,,,
28th Jan 2025 02:00,,,,,,,,,,,,,,,,,,,,,,,,,,,,,,,,
28th Jan 2025 03:00,,,,,,,,,,,,,,,,,,,,,,,,,,,,,,,,
28th Jan 2025 04:00,,,,,,,,,,,,,,,,,,,,,,,,,,,,,,,,
28th Jan 2025 05:00,,,,,,,,,,,,,,,,,,,,,,,,,,,,,,,,
28th Jan 2025 06:00,,,,,,,,,,,,,,,,,,,,,,,,,,,,,,,,
28th Jan 2025 07:00,,,,,,,,,,,,,,,,,,,,,,,,,,,,,,,,
28th Jan 2025 08:00,,,,,,,,,,,,,,,,,,,,,,,,,,,,,,,,
28th Jan 2025 09:00,,,,,,,,,,,,,,,,,,,,,,,,,,,,,,,,
28th Jan 2025 10:00,,,,,,,,,,,,,,,,,,,,,,,,,,,,,,,,
28th Jan 2025 11:00,,,,,,,,,,,,,,,,,,,,,,,,,,,,,,,,
28th Jan 2025 12:00,,,,,,,,,,,,,,,,,,,,,,,,,,,,,,,,
28th Jan 2025 13:00,,,,,,,,,,,,,,,,,,,,,,,,,,,,,,,,
28th Jan 2025 14:00,,,,,,,,,,,,,,,,,,,,,,,,,,,,,,,,
28th Jan 2025 15:00,,,,,,,,,,,,,,,,,,,,,,,,,,,,,,,,
28th Jan 2025 16:00,,,,,,,,,,,,,,,,,,,,,,,,,,,,,,,,
28th Jan 2025 17:00,,,,,,,,,,,,,,,,,,,,,,,,,,,,,,,,
28th Jan 2025 18:00,,,,,,,,,,,,,,,,,,,,,,,,,,,,,,,,
28th Jan 2025 19:00,,,,,,,,,,,,,,,,,,,,,,,,,,,,,,,,
28th Jan 2025 20:00,,,,,,,,,,,,,,,,,,,,,,,,,,,,,,,,
28th Jan 2025 21:00,,,,,,,,,,,,,,,,,,,,,,,,,,,,,,,,
28th Jan 2025 22:00,,,,,,,,,,,,,,,,,,,,,,,,,,,,,,,,
28th Jan 2025 23:00,,,,,,,,,,,,,,,,,,,,,,,,,,,,,,,,
29th Jan 2025 00:00,,,,,,,,,,,,,,,,,,,,,,,,,,,,,,,,
29th Jan 2025 01:00,,,,,,,,,,,,,,,,,,,,,,,,,,,,,,,,
29th Jan 2025 02:00,,,,,,,,,,,,,,,,,,,,,,,,,,,,,,,,
29th Jan 2025 03:00,,,,,,,,,,,,,,,,,,,,,,,,,,,,,,,,
29th Jan 2025 04:00,,,,,,,,,,,,,,,,,,,,,,,,,,,,,,,,
29th Jan 2025 05:00,,,,,,,,,,,,,,,,,,,,,,,,,,,,,,,,
29th Jan 2025 06:00,,,,,,,,,,,,,,,,,,,,,,,,,,,,,,,,
29th Jan 2025 07:00,,,,,,,,,,,,,,,,,,,,,,,,,,,,,,,,
29th Jan 2025 08:00,,,,,,,,,,,,,,,,,,,,,,,,,,,,,,,,
29th Jan 2025 09:00,,,,,,,,,,,,,,,,,,,,,,,,,,,,,,,,
29th Jan 2025 10:00,,,,,,,,,,,,,,,,,,,,,,,,,,,,,,,,
29th Jan 2025 11:00,,,,,,,,,,,,,,,,,,,,,,,,,,,,,,,,
29th Jan 2025 12:00,,,,,,,,,,,,,,,,,,,,,,,,,,,,,,,,
29th Jan 2025 13:00,,,,,,,,,,,,,,,,,,,,,,,,,,,,,,,,
29th Jan 2025 14:00,,,,,,,,,,,,,,,,,,,,,,,,,,,,,,,,
29th Jan 2025 15:00,,,,,,,,,,,,,,,,,,,,,,,,,,,,,,,,
29th Jan 2025 16:00,,,,,,,,,,,,,,,,,,,,,,,,,,,,,,,,
29th Jan 2025 17:00,,,,,,,,,,,,,,,,,,,,,,,,,,,,,,,,
29th Jan 2025 18:00,,,,,,,,,,,,,,,,,,,,,,,,,,,,,,,,
29th Jan 2025 19:00,,,,,,,,,,,,,,,,,,,,,,,,,,,,,,,,
29th Jan 2025 20:00,,,,,,,,,,,,,,,,,,,,,,,,,,,,,,,,
29th Jan 2025 21:00,,,,,,,,,,,,,,,,,,,,,,,,,,,,,,,,
29th Jan 2025 22:00,,,,,,,,,,,,,,,,,,,,,,,,,,,,,,,,
29th Jan 2025 23:00,,,,,,,,,,,,,,,,,,,,,,,,,,,,,,,,
30th Jan 2025 00:00,,,,,,,,,,,,,,,,,,,,,,,,,,,,,,,,
30th Jan 2025 01:00,,,,,,,,,,,,,,,,,,,,,,,,,,,,,,,,
30th Jan 2025 02:00,,,,,,,,,,,,,,,,,,,,,,,,,,,,,,,,
30th Jan 2025 03:00,,,,,,,,,,,,,,,,,,,,,,,,,,,,,,,,
30th Jan 2025 04:00,,,,,,,,,,,,,,,,,,,,,,,,,,,,,,,,
30th Jan 2025 05:00,,,,,,,,,,,,,,,,,,,,,,,,,,,,,,,,
30th Jan 2025 06:00,,,,,,,,,,,,,,,,,,,,,,,,,,,,,,,,
30th Jan 2025 07:00,,,,,,,,,,,,,,,,,,,,,,,,,,,,,,,,
30th Jan 2025 08:00,,,,,,,,,,,,,,,,,,,,,,,,,,,,,,,,
30th Jan 2025 09:00,,,,,,,,,,,,,,,,,,,,,,,,,,,,,,,,
30th Jan 2025 10:00,,,,,,,,,,,,,,,,,,,,,,,,,,,,,,,,
30th Jan 2025 11:00,,,,,,,,,,,,,,,,,,,,,,,,,,,,,,,,
30th Jan 2025 12:00,,,,,,,,,,,,,,,,,,,,,,,,,,,,,,,,
30th Jan 2025 13:00,,,,,,,,,,,,,,,,,,,,,,,,,,,,,,,,
30th Jan 2025 14:00,,,,,,,,,,,,,,,,,,,,,,,,,,,,,,,,
30th Jan 2025 15:00,,,,,,,,,,,,,,,,,,,,,,,,,,,,,,,,
30th Jan 2025 16:00,,,,,,,,,,,,,,,,,,,,,,,,,,,,,,,,
30th Jan 2025 17:00,,,,,,,,,,,,,,,,,,,,,,,,,,,,,,,,
30th Jan 2025 18:00,,,,,,,,,,,,,,,,,,,,,,,,,,,,,,,,
30th Jan 2025 19:00,,,,,,,,,,,,,,,,,,,,,,,,,,,,,,,,
30th Jan 2025 20:00,,,,,,,,,,,,,,,,,,,,,,,,,,,,,,,,
30th Jan 2025 21:00,,,,,,,,,,,,,,,,,,,,,,,,,,,,,,,,
30th Jan 2025 22:00,,,,,,,,,,,,,,,,,,,,,,,,,,,,,,,,
30th Jan 2025 23:00,,,,,,,,,,,,,,,,,,,,,,,,,,,,,,,,
31st Jan 2025 00:00,,,,,,,,,,,,,,,,,,,,,,,,,,,,,,,,
31st Jan 2025 01:00,,,,,,,,,,,,,,,,,,,,,,,,,,,,,,,,
31st Jan 2025 02:00,,,,,,,,,,,,,,,,,,,,,,,,,,,,,,,,
31st Jan 2025 03:00,,,,,,,,,,,,,,,,,,,,,,,,,,,,,,,,
31st Jan 2025 04:00,,,,,,,,,,,,,,,,,,,,,,,,,,,,,,,,
31st Jan 2025 05:00,,,,,,,,,,,,,,,,,,,,,,,,,,,,,,,,
31st Jan 2025 06:00,,,,,,,,,,,,,,,,,,,,,,,,,,,,,,,,
31st Jan 2025 07:00,,,,,,,,,,,,,,,,,,,,,,,,,,,,,,,,
31st Jan 2025 08:00,,,,,,,,,,,,,,,,,,,,,,,,,,,,,,,,
31st Jan 2025 09:00,,,,,,,,,,,,,,,,,,,,,,,,,,,,,,,,
31st Jan 2025 10:00,,,,,,,,,,,,,,,,,,,,,,,,,,,,,,,,
31st Jan 2025 11:00,,,,,,,,,,,,,,,,,,,,,,,,,,,,,,,,
31st Jan 2025 12:00,,,,,,,,,,,,,,,,,,,,,,,,,,,,,,,,
31st Jan 2025 13:00,,,,,,,,,,,,,,,,,,,,,,,,,,,,,,,,
31st Jan 2025 14:00,,,,,,,,,,,,,,,,,,,,,,,,,,,,,,,,
31st Jan 2025 15:00,,,,,,,,,,,,,,,,,,,,,,,,,,,,,,,,
31st Jan 2025 16:00,,,,,,,,,,,,,,,,,,,,,,,,,,,,,,,,
31st Jan 2025 17:00,,,,,,,,,,,,,,,,,,,,,,,,,,,,,,,,
31st Jan 2025 18:00,,,,,,,,,,,,,,,,,,,,,,,,,,,,,,,,
31st Jan 2025 19:00,,,,,,,,,,,,,,,,,,,,,,,,,,,,,,,,
31st Jan 2025 20:00,,,,,,,,,,,,,,,,,,,,,,,,,,,,,,,,
31st Jan 2025 21:00,,,,,,,,,,,,,,,,,,,,,,,,,,,,,,,,
31st Jan 2025 22:00,,,,,,,,,,,,,,,,,,,,,,,,,,,,,,,,
31st Jan 2025 23:00,,,,,,,,,,,,,,,,,,,,,,,,,,,,,,,,
1st Feb 2025 00:00,,,,,,,,,,,,,,,,,,,,,,,,,,,,,,,,
1st Feb 2025 01:00,,,,,,,,,,,,,,,,,,,,,,,,,,,,,,,,
1st Feb 2025 02:00,,,,,,,,,,,,,,,,,,,,,,,,,,,,,,,,
1st Feb 2025 03:00,,,,,,,,,,,,,,,,,,,,,,,,,,,,,,,,
1st Feb 2025 04:00,,,,,,,,,,,,,,,,,,,,,,,,,,,,,,,,
1st Feb 2025 05:00,,,,,,,,,,,,,,,,,,,,,,,,,,,,,,,,
1st Feb 2025 06:00,,,,,,,,,,,,,,,,,,,,,,,,,,,,,,,,
1st Feb 2025 07:00,,,,,,,,,,,,,,,,,,,,,,,,,,,,,,,,
1st Feb 2025 08:00,,,,,,,,,,,,,,,,,,,,,,,,,,,,,,,,
1st Feb 2025 09:00,,,,,,,,,,,,,,,,,,,,,,,,,,,,,,,,
1st Feb 2025 10:00,,,,,,,,,,,,,,,,,,,,,,,,,,,,,,,,
1st Feb 2025 11:00,,,,,,,,,,,,,,,,,,,,,,,,,,,,,,,,
1st Feb 2025 12:00,,,,,,,,,,,,,,,,,,,,,,,,,,,,,,,,
1st Feb 2025 13:00,,,,,,,,,,,,,,,,,,,,,,,,,,,,,,,,
1st Feb 2025 14:00,,,,,,,,,,,,,,,,,,,,,,,,,,,,,,,,
1st Feb 2025 15:00,,,,,,,,,,,,,,,,,,,,,,,,,,,,,,,,
1st Feb 2025 16:00,,,,,,,,,,,,,,,,,,,,,,,,,,,,,,,,
1st Feb 2025 17:00,,,,,,,,,,,,,,,,,,,,,,,,,,,,,,,,
1st Feb 2025 18:00,,,,,,,,,,,,,,,,,,,,,,,,,,,,,,,,
1st Feb 2025 19:00,,,,,,,,,,,,,,,,,,,,,,,,,,,,,,,,
1st Feb 2025 20:00,,,,,,,,,,,,,,,,,,,,,,,,,,,,,,,,
1st Feb 2025 21:00,,,,,,,,,,,,,,,,,,,,,,,,,,,,,,,,
1st Feb 2025 22:00,,,,,,,,,,,,,,,,,,,,,,,,,,,,,,,,
1st Feb 2025 23:00,,,,,,,,,,,,,,,,,,,,,,,,,,,,,,,,
2nd Feb 2025 00:00,,,,,,,,,,,,,,,,,,,,,,,,,,,,,,,,
2nd Feb 2025 01:00,,,,,,,,,,,,,,,,,,,,,,,,,,,,,,,,
2nd Feb 2025 02:00,,,,,,,,,,,,,,,,,,,,,,,,,,,,,,,,
2nd Feb 2025 03:00,,,,,,,,,,,,,,,,,,,,,,,,,,,,,,,,
2nd Feb 2025 04:00,,,,,,,,,,,,,,,,,,,,,,,,,,,,,,,,
2nd Feb 2025 05:00,,,,,,,,,,,,,,,,,,,,,,,,,,,,,,,,
2nd Feb 2025 06:00,,,,,,,,,,,,,,,,,,,,,,,,,,,,,,,,
2nd Feb 2025 07:00,,,,,,,,,,,,,,,,,,,,,,,,,,,,,,,,
2nd Feb 2025 08:00,,,,,,,,,,,,,,,,,,,,,,,,,,,,,,,,
2nd Feb 2025 09:00,,,,,,,,,,,,,,,,,,,,,,,,,,,,,,,,
2nd Feb 2025 10:00,,,,,,,,,,,,,,,,,,,,,,,,,,,,,,,,
2nd Feb 2025 11:00,,,,,,,,,,,,,,,,,,,,,,,,,,,,,,,,
2nd Feb 2025 12:00,,,,,,,,,,,,,,,,,,,,,,,,,,,,,,,,
2nd Feb 2025 13:00,,,,,,,,,,,,,,,,,,,,,,,,,,,,,,,,
2nd Feb 2025 14:00,,,,,,,,,,,,,,,,,,,,,,,,,,,,,,,,
2nd Feb 2025 15:00,,,,,,,,,,,,,,,,,,,,,,,,,,,,,,,,
2nd Feb 2025 16:00,,,,,,,,,,,,,,,,,,,,,,,,,,,,,,,,
2nd Feb 2025 17:00,,,,,,,,,,,,,,,,,,,,,,,,,,,,,,,,
2nd Feb 2025 18:00,,,,,,,,,,,,,,,,,,,,,,,,,,,,,,,,
2nd Feb 2025 19:00,,,,,,,,,,,,,,,,,,,,,,,,,,,,,,,,
2nd Feb 2025 20:00,,,,,,,,,,,,,,,,,,,,,,,,,,,,,,,,
2nd Feb 2025 21:00,,,,,,,,,,,,,,,,,,,,,,,,,,,,,,,,
2nd Feb 2025 22:00,,,,,,,,,,,,,,,,,,,,,,,,,,,,,,,,
2nd Feb 2025 23:00,,,,,,,,,,,,,,,,,,,,,,,,,,,,,,,,
3rd Feb 2025 00:00,,,,,,,,,,,,,,,,,,,,,,,,,,,,,,,,
3rd Feb 2025 01:00,,,,,,,,,,,,,,,,,,,,,,,,,,,,,,,,
3rd Feb 2025 02:00,,,,,,,,,,,,,,,,,,,,,,,,,,,,,,,,
3rd Feb 2025 03:00,,,,,,,,,,,,,,,,,,,,,,,,,,,,,,,,
3rd Feb 2025 04:00,,,,,,,,,,,,,,,,,,,,,,,,,,,,,,,,
3rd Feb 2025 05:00,,,,,,,,,,,,,,,,,,,,,,,,,,,,,,,,
3rd Feb 2025 06:00,,,,,,,,,,,,,,,,,,,,,,,,,,,,,,,,
3rd Feb 2025 07:00,,,,,,,,,,,,,,,,,,,,,,,,,,,,,,,,
3rd Feb 2025 08:00,,,,,,,,,,,,,,,,,,,,,,,,,,,,,,,,
3rd Feb 2025 09:00,,,,,,,,,,,,,,,,,,,,,,,,,,,,,,,,
3rd Feb 2025 10:00,,,,,,,,,,,,,,,,,,,,,,,,,,,,,,,,
3rd Feb 2025 11:00,,,,,,,,,,,,,,,,,,,,,,,,,,,,,,,,
3rd Feb 2025 12:00,,,,,,,,,,,,,,,,,,,,,,,,,,,,,,,,
3rd Feb 2025 13:00,,,,,,,,,,,,,,,,,,,,,,,,,,,,,,,,
3rd Feb 2025 14:00,,,,,,,,,,,,,,,,,,,,,,,,,,,,,,,,
3rd Feb 2025 15:00,,,,,,,,,,,,,,,,,,,,,,,,,,,,,,,,
3rd Feb 2025 16:00,,,,,,,,,,,,,,,,,,,,,,,,,,,,,,,,
3rd Feb 2025 17:00,,,,,,,,,,,,,,,,,,,,,,,,,,,,,,,,
3rd Feb 2025 18:00,,,,,,,,,,,,,,,,,,,,,,,,,,,,,,,,
3rd Feb 2025 19:00,,,,,,,,,,,,,,,,,,,,,,,,,,,,,,,,
3rd Feb 2025 20:00,,,,,,,,,,,,,,,,,,,,,,,,,,,,,,,,
3rd Feb 2025 21:00,,,,,,,,,,,,,,,,,,,,,,,,,,,,,,,,
3rd Feb 2025 22:00,,,,,,,,,,,,,,,,,,,,,,,,,,,,,,,,
3rd Feb 2025 23:00,,,,,,,,,,,,,,,,,,,,,,,,,,,,,,,,
4th Feb 2025 00:00,,,,,,,,,,,,,,,,,,,,,,,,,,,,,,,,
4th Feb 2025 01:00,,,,,,,,,,,,,,,,,,,,,,,,,,,,,,,,
4th Feb 2025 02:00,,,,,,,,,,,,,,,,,,,,,,,,,,,,,,,,
4th Feb 2025 03:00,,,,,,,,,,,,,,,,,,,,,,,,,,,,,,,,
4th Feb 2025 04:00,,,,,,,,,,,,,,,,,,,,,,,,,,,,,,,,
4th Feb 2025 05:00,,,,,,,,,,,,,,,,,,,,,,,,,,,,,,,,
4th Feb 2025 06:00,,,,,,,,,,,,,,,,,,,,,,,,,,,,,,,,
4th Feb 2025 07:00,,,,,,,,,,,,,,,,,,,,,,,,,,,,,,,,
4th Feb 2025 08:00,,,,,,,,,,,,,,,,,,,,,,,,,,,,,,,,
4th Feb 2025 09:00,,,,,,,,,,,,,,,,,,,,,,,,,,,,,,,,
4th Feb 2025 10:00,,,,,,,,,,,,,,,,,,,,,,,,,,,,,,,,
4th Feb 2025 11:00,,,,,,,,,,,,,,,,,,,,,,,,,,,,,,,,
4th Feb 2025 12:00,,,,,,,,,,,,,,,,,,,,,,,,,,,,,,,,
4th Feb 2025 13:00,,,,,,,,,,,,,,,,,,,,,,,,,,,,,,,,
4th Feb 2025 14:00,,,,,,,,,,,,,,,,,,,,,,,,,,,,,,,,
4th Feb 2025 15:00,,,,,,,,,,,,,,,,,,,,,,,,,,,,,,,,
4th Feb 2025 16:00,,,,,,,,,,,,,,,,,,,,,,,,,,,,,,,,
4th Feb 2025 17:00,,,,,,,,,,,,,,,,,,,,,,,,,,,,,,,,
4th Feb 2025 18:00,,,,,,,,,,,,,,,,,,,,,,,,,,,,,,,,
4th Feb 2025 19:00,,,,,,,,,,,,,,,,,,,,,,,,,,,,,,,,
4th Feb 2025 20:00,,,,,,,,,,,,,,,,,,,,,,,,,,,,,,,,
4th Feb 2025 21:00,,,,,,,,,,,,,,,,,,,,,,,,,,,,,,,,
4th Feb 2025 22:00,,,,,,,,,,,,,,,,,,,,,,,,,,,,,,,,
4th Feb 2025 23:00,,,,,,,,,,,,,,,,,,,,,,,,,,,,,,,,
5th Feb 2025 00:00,,,,,,,,,,,,,,,,,,,,,,,,,,,,,,,,
5th Feb 2025 01:00,,,,,,,,,,,,,,,,,,,,,,,,,,,,,,,,
5th Feb 2025 02:00,,,,,,,,,,,,,,,,,,,,,,,,,,,,,,,,
5th Feb 2025 03:00,,,,,,,,,,,,,,,,,,,,,,,,,,,,,,,,
5th Feb 2025 04:00,,,,,,,,,,,,,,,,,,,,,,,,,,,,,,,,
5th Feb 2025 05:00,,,,,,,,,,,,,,,,,,,,,,,,,,,,,,,,
5th Feb 2025 06:00,,,,,,,,,,,,,,,,,,,,,,,,,,,,,,,,
5th Feb 2025 07:00,,,,,,,,,,,,,,,,,,,,,,,,,,,,,,,,
5th Feb 2025 08:00,,,,,,,,,,,,,,,,,,,,,,,,,,,,,,,,
5th Feb 2025 09:00,,,,,,,,,,,,,,,,,,,,,,,,,,,,,,,,
5th Feb 2025 10:00,,,,,,,,,,,,,,,,,,,,,,,,,,,,,,,,
5th Feb 2025 11:00,,,,,,,,,,,,,,,,,,,,,,,,,,,,,,,,
5th Feb 2025 12:00,,,,,,,,,,,,,,,,,,,,,,,,,,,,,,,,
5th Feb 2025 13:00,,,,,,,,,,,,,,,,,,,,,,,,,,,,,,,,
5th Feb 2025 14:00,,,,,,,,,,,,,,,,,,,,,,,,,,,,,,,,
5th Feb 2025 15:00,,,,,,,,,,,,,,,,,,,,,,,,,,,,,,,,
5th Feb 2025 16:00,,,,,,,,,,,,,,,,,,,,,,,,,,,,,,,,
5th Feb 2025 17:00,,,,,,,,,,,,,,,,,,,,,,,,,,,,,,,,
5th Feb 2025 18:00,,,,,,,,,,,,,,,,,,,,,,,,,,,,,,,,
5th Feb 2025 19:00,,,,,,,,,,,,,,,,,,,,,,,,,,,,,,,,
5th Feb 2025 20:00,,,,,,,,,,,,,,,,,,,,,,,,,,,,,,,,
5th Feb 2025 21:00,,,,,,,,,,,,,,,,,,,,,,,,,,,,,,,,
5th Feb 2025 22:00,,,,,,,,,,,,,,,,,,,,,,,,,,,,,,,,
5th Feb 2025 23:00,,,,,,,,,,,,,,,,,,,,,,,,,,,,,,,,
6th Feb 2025 00:00,,,,,,,,,,,,,,,,,,,,,,,,,,,,,,,,
6th Feb 2025 01:00,,,,,,,,,,,,,,,,,,,,,,,,,,,,,,,,
6th Feb 2025 02:00,,,,,,,,,,,,,,,,,,,,,,,,,,,,,,,,
6th Feb 2025 03:00,,,,,,,,,,,,,,,,,,,,,,,,,,,,,,,,
6th Feb 2025 04:00,,,,,,,,,,,,,,,,,,,,,,,,,,,,,,,,
6th Feb 2025 05:00,,,,,,,,,,,,,,,,,,,,,,,,,,,,,,,,
6th Feb 2025 06:00,,,,,,,,,,,,,,,,,,,,,,,,,,,,,,,,
6th Feb 2025 07:00,,,,,,,,,,,,,,,,,,,,,,,,,,,,,,,,
6th Feb 2025 08:00,,,,,,,,,,,,,,,,,,,,,,,,,,,,,,,,
6th Feb 2025 09:00,,,,,,,,,,,,,,,,,,,,,,,,,,,,,,,,
6th Feb 2025 10:00,,,,,,,,,,,,,,,,,,,,,,,,,,,,,,,,
6th Feb 2025 11:00,,,,,,,,,,,,,,,,,,,,,,,,,,,,,,,,
6th Feb 2025 12:00,,,,,,,,,,,,,,,,,,,,,,,,,,,,,,,,
6th Feb 2025 13:00,,,,,,,,,,,,,,,,,,,,,,,,,,,,,,,,
6th Feb 2025 14:00,,,,,,,,,,,,,,,,,,,,,,,,,,,,,,,,
6th Feb 2025 15:00,,,,,,,,,,,,,,,,,,,,,,,,,,,,,,,,
6th Feb 2025 16:00,,,,,,,,,,,,,,,,,,,,,,,,,,,,,,,,
6th Feb 2025 17:00,,,,,,,,,,,,,,,,,,,,,,,,,,,,,,,,
6th Feb 2025 18:00,,,,,,,,,,,,,,,,,,,,,,,,,,,,,,,,
6th Feb 2025 19:00,,,,,,,,,,,,,,,,,,,,,,,,,,,,,,,,
6th Feb 2025 20:00,,,,,,,,,,,,,,,,,,,,,,,,,,,,,,,,
6th Feb 2025 21:00,,,,,,,,,,,,,,,,,,,,,,,,,,,,,,,,
6th Feb 2025 22:00,,,,,,,,,,,,,,,,,,,,,,,,,,,,,,,,
6th Feb 2025 23:00,,,,,,,,,,,,,,,,,,,,,,,,,,,,,,,,
7th Feb 2025 00:00,,,,,,,,,,,,,,,,,,,,,,,,,,,,,,,,
7th Feb 2025 01:00,,,,,,,,,,,,,,,,,,,,,,,,,,,,,,,,
7th Feb 2025 02:00,,,,,,,,,,,,,,,,,,,,,,,,,,,,,,,,
7th Feb 2025 03:00,,,,,,,,,,,,,,,,,,,,,,,,,,,,,,,,
7th Feb 2025 04:00,,,,,,,,,,,,,,,,,,,,,,,,,,,,,,,,
7th Feb 2025 05:00,,,,,,,,,,,,,,,,,,,,,,,,,,,,,,,,
7th Feb 2025 06:00,,,,,,,,,,,,,,,,,,,,,,,,,,,,,,,,
7th Feb 2025 07:00,,,,,,,,,,,,,,,,,,,,,,,,,,,,,,,,
7th Feb 2025 08:00,,,,,,,,,,,,,,,,,,,,,,,,,,,,,,,,
7th Feb 2025 09:00,,,,,,,,,,,,,,,,,,,,,,,,,,,,,,,,
7th Feb 2025 10:00,,,,,,,,,,,,,,,,,,,,,,,,,,,,,,,,
7th Feb 2025 11:00,,,,,,,,,,,,,,,,,,,,,,,,,,,,,,,,
7th Feb 2025 12:00,,,,,,,,,,,,,,,,,,,,,,,,,,,,,,,,
7th Feb 2025 13:00,,,,,,,,,,,,,,,,,,,,,,,,,,,,,,,,
7th Feb 2025 14:00,,,,,,,,,,,,,,,,,,,,,,,,,,,,,,,,
7th Feb 2025 15:00,,,,,,,,,,,,,,,,,,,,,,,,,,,,,,,,
7th Feb 2025 16:00,,,,,,,,,,,,,,,,,,,,,,,,,,,,,,,,
7th Feb 2025 17:00,,,,,,,,,,,,,,,,,,,,,,,,,,,,,,,,
7th Feb 2025 18:00,,,,,,,,,,,,,,,,,,,,,,,,,,,,,,,,
7th Feb 2025 19:00,,,,,,,,,,,,,,,,,,,,,,,,,,,,,,,,
7th Feb 2025 20:00,,,,,,,,,,,,,,,,,,,,,,,,,,,,,,,,
7th Feb 2025 21:00,,,,,,,,,,,,,,,,,,,,,,,,,,,,,,,,
7th Feb 2025 22:00,,,,,,,,,,,,,,,,,,,,,,,,,,,,,,,,
7th Feb 2025 23:00,,,,,,,,,,,,,,,,,,,,,,,,,,,,,,,,
8th Feb 2025 00:00,,,,,,,,,,,,,,,,,,,,,,,,,,,,,,,,
8th Feb 2025 01:00,,,,,,,,,,,,,,,,,,,,,,,,,,,,,,,,
8th Feb 2025 02:00,,,,,,,,,,,,,,,,,,,,,,,,,,,,,,,,
8th Feb 2025 03:00,,,,,,,,,,,,,,,,,,,,,,,,,,,,,,,,
8th Feb 2025 04:00,,,,,,,,,,,,,,,,,,,,,,,,,,,,,,,,
8th Feb 2025 05:00,,,,,,,,,,,,,,,,,,,,,,,,,,,,,,,,
8th Feb 2025 06:00,,,,,,,,,,,,,,,,,,,,,,,,,,,,,,,,
8th Feb 2025 07:00,,,,,,,,,,,,,,,,,,,,,,,,,,,,,,,,
8th Feb 2025 08:00,,,,,,,,,,,,,,,,,,,,,,,,,,,,,,,,
8th Feb 2025 09:00,,,,,,,,,,,,,,,,,,,,,,,,,,,,,,,,
8th Feb 2025 10:00,,,,,,,,,,,,,,,,,,,,,,,,,,,,,,,,
8th Feb 2025 11:00,,,,,,,,,,,,,,,,,,,,,,,,,,,,,,,,
8th Feb 2025 12:00,,,,,,,,,,,,,,,,,,,,,,,,,,,,,,,,
8th Feb 2025 13:00,,,,,,,,,,,,,,,,,,,,,,,,,,,,,,,,
8th Feb 2025 14:00,,,,,,,,,,,,,,,,,,,,,,,,,,,,,,,,
8th Feb 2025 15:00,,,,,,,,,,,,,,,,,,,,,,,,,,,,,,,,
8th Feb 2025 16:00,,,,,,,,,,,,,,,,,,,,,,,,,,,,,,,,
8th Feb 2025 17:00,,,,,,,,,,,,,,,,,,,,,,,,,,,,,,,,
8th Feb 2025 18:00,,,,,,,,,,,,,,,,,,,,,,,,,,,,,,,,
8th Feb 2025 19:00,,,,,,,,,,,,,,,,,,,,,,,,,,,,,,,,
8th Feb 2025 20:00,,,,,,,,,,,,,,,,,,,,,,,,,,,,,,,,
8th Feb 2025 21:00,,,,,,,,,,,,,,,,,,,,,,,,,,,,,,,,
8th Feb 2025 22:00,,,,,,,,,,,,,,,,,,,,,,,,,,,,,,,,
8th Feb 2025 23:00,,,,,,,,,,,,,,,,,,,,,,,,,,,,,,,,
9th Feb 2025 00:00,,,,,,,,,,,,,,,,,,,,,,,,,,,,,,,,
9th Feb 2025 01:00,,,,,,,,,,,,,,,,,,,,,,,,,,,,,,,,
9th Feb 2025 02:00,,,,,,,,,,,,,,,,,,,,,,,,,,,,,,,,
9th Feb 2025 03:00,,,,,,,,,,,,,,,,,,,,,,,,,,,,,,,,
9th Feb 2025 04:00,,,,,,,,,,,,,,,,,,,,,,,,,,,,,,,,
9th Feb 2025 05:00,,,,,,,,,,,,,,,,,,,,,,,,,,,,,,,,
9th Feb 2025 06:00,,,,,,,,,,,,,,,,,,,,,,,,,,,,,,,,
9th Feb 2025 07:00,,,,,,,,,,,,,,,,,,,,,,,,,,,,,,,,
9th Feb 2025 08:00,,,,,,,,,,,,,,,,,,,,,,,,,,,,,,,,
9th Feb 2025 09:00,,,,,,,,,,,,,,,,,,,,,,,,,,,,,,,,
9th Feb 2025 10:00,,,,,,,,,,,,,,,,,,,,,,,,,,,,,,,,
9th Feb 2025 11:00,,,,,,,,,,,,,,,,,,,,,,,,,,,,,,,,
9th Feb 2025 12:00,,,,,,,,,,,,,,,,,,,,,,,,,,,,,,,,
9th Feb 2025 13:00,,,,,,,,,,,,,,,,,,,,,,,,,,,,,,,,
9th Feb 2025 14:00,,,,,,,,,,,,,,,,,,,,,,,,,,,,,,,,
9th Feb 2025 15:00,,,,,,,,,,,,,,,,,,,,,,,,,,,,,,,,
9th Feb 2025 16:00,,,,,,,,,,,,,,,,,,,,,,,,,,,,,,,,
9th Feb 2025 17:00,,,,,,,,,,,,,,,,,,,,,,,,,,,,,,,,
9th Feb 2025 18:00,,,,,,,,,,,,,,,,,,,,,,,,,,,,,,,,
9th Feb 2025 19:00,,,,,,,,,,,,,,,,,,,,,,,,,,,,,,,,
9th Feb 2025 20:00,,,,,,,,,,,,,,,,,,,,,,,,,,,,,,,,
9th Feb 2025 21:00,,,,,,,,,,,,,,,,,,,,,,,,,,,,,,,,
9th Feb 2025 22:00,,,,,,,,,,,,,,,,,,,,,,,,,,,,,,,,
9th Feb 2025 23:00,,,,,,,,,,,,,,,,,,,,,,,,,,,,,,,,
10th Feb 2025 00:00,,,,,,,,,,,,,,,,,,,,,,,,,,,,,,,,
10th Feb 2025 01:00,,,,,,,,,,,,,,,,,,,,,,,,,,,,,,,,
10th Feb 2025 02:00,,,,,,,,,,,,,,,,,,,,,,,,,,,,,,,,
10th Feb 2025 03:00,,,,,,,,,,,,,,,,,,,,,,,,,,,,,,,,
10th Feb 2025 04:00,,,,,,,,,,,,,,,,,,,,,,,,,,,,,,,,
10th Feb 2025 05:00,,,,,,,,,,,,,,,,,,,,,,,,,,,,,,,,
10th Feb 2025 06:00,,,,,,,,,,,,,,,,,,,,,,,,,,,,,,,,
10th Feb 2025 07:00,,,,,,,,,,,,,,,,,,,,,,,,,,,,,,,,
10th Feb 2025 08:00,,,,,,,,,,,,,,,,,,,,,,,,,,,,,,,,
10th Feb 2025 09:00,,,,,,,,,,,,,,,,,,,,,,,,,,,,,,,,
10th Feb 2025 10:00,,,,,,,,,,,,,,,,,,,,,,,,,,,,,,,,
10th Feb 2025 11:00,,,,,,,,,,,,,,,,,,,,,,,,,,,,,,,,
10th Feb 2025 12:00,,,,,,,,,,,,,,,,,,,,,,,,,,,,,,,,
10th Feb 2025 13:00,,,,,,,,,,,,,,,,,,,,,,,,,,,,,,,,
10th Feb 2025 14:00,,,,,,,,,,,,,,,,,,,,,,,,,,,,,,,,
10th Feb 2025 15:00,,,,,,,,,,,,,,,,,,,,,,,,,,,,,,,,
10th Feb 2025 16:00,,,,,,,,,,,,,,,,,,,,,,,,,,,,,,,,
10th Feb 2025 17:00,,,,,,,,,,,,,,,,,,,,,,,,,,,,,,,,
10th Feb 2025 18:00,,,,,,,,,,,,,,,,,,,,,,,,,,,,,,,,
10th Feb 2025 19:00,,,,,,,,,,,,,,,,,,,,,,,,,,,,,,,,
10th Feb 2025 20:00,,,,,,,,,,,,,,,,,,,,,,,,,,,,,,,,
10th Feb 2025 21:00,,,,,,,,,,,,,,,,,,,,,,,,,,,,,,,,
10th Feb 2025 22:00,,,,,,,,,,,,,,,,,,,,,,,,,,,,,,,,
10th Feb 2025 23:00,,,,,,,,,,,,,,,,,,,,,,,,,,,,,,,,
11th Feb 2025 00:00,,,,,,,,,,,,,,,,,,,,,,,,,,,,,,,,
11th Feb 2025 01:00,,,,,,,,,,,,,,,,,,,,,,,,,,,,,,,,
11th Feb 2025 02:00,,,,,,,,,,,,,,,,,,,,,,,,,,,,,,,,
11th Feb 2025 03:00,,,,,,,,,,,,,,,,,,,,,,,,,,,,,,,,
11th Feb 2025 04:00,,,,,,,,,,,,,,,,,,,,,,,,,,,,,,,,
11th Feb 2025 05:00,,,,,,,,,,,,,,,,,,,,,,,,,,,,,,,,
11th Feb 2025 06:00,,,,,,,,,,,,,,,,,,,,,,,,,,,,,,,,
11th Feb 2025 07:00,,,,,,,,,,,,,,,,,,,,,,,,,,,,,,,,
11th Feb 2025 08:00,,,,,,,,,,,,,,,,,,,,,,,,,,,,,,,,
11th Feb 2025 09:00,,,,,,,,,,,,,,,,,,,,,,,,,,,,,,,,
11th Feb 2025 10:00,,,,,,,,,,,,,,,,,,,,,,,,,,,,,,,,
11th Feb 2025 11:00,,,,,,,,,,,,,,,,,,,,,,,,,,,,,,,,
11th Feb 2025 12:00,,,,,,,,,,,,,,,,,,,,,,,,,,,,,,,,
11th Feb 2025 13:00,,,,,,,,,,,,,,,,,,,,,,,,,,,,,,,,
11th Feb 2025 14:00,,,,,,,,,,,,,,,,,,,,,,,,,,,,,,,,
11th Feb 2025 15:00,,,,,,,,,,,,,,,,,,,,,,,,,,,,,,,,
11th Feb 2025 16:00,,,,,,,,,,,,,,,,,,,,,,,,,,,,,,,,
11th Feb 2025 17:00,,,,,,,,,,,,,,,,,,,,,,,,,,,,,,,,
11th Feb 2025 18:00,,,,,,,,,,,,,,,,,,,,,,,,,,,,,,,,
11th Feb 2025 19:00,,,,,,,,,,,,,,,,,,,,,,,,,,,,,,,,
11th Feb 2025 20:00,,,,,,,,,,,,,,,,,,,,,,,,,,,,,,,,
11th Feb 2025 21:00,,,,,,,,,,,,,,,,,,,,,,,,,,,,,,,,
11th Feb 2025 22:00,,,,,,,,,,,,,,,,,,,,,,,,,,,,,,,,
11th Feb 2025 23:00,,,,,,,,,,,,,,,,,,,,,,,,,,,,,,,,
12th Feb 2025 00:00,,,,,,,,,,,,,,,,,,,,,,,,,,,,,,,,
12th Feb 2025 01:00,,,,,,,,,,,,,,,,,,,,,,,,,,,,,,,,
12th Feb 2025 02:00,,,,,,,,,,,,,,,,,,,,,,,,,,,,,,,,
12th Feb 2025 03:00,,,,,,,,,,,,,,,,,,,,,,,,,,,,,,,,
12th Feb 2025 04:00,,,,,,,,,,,,,,,,,,,,,,,,,,,,,,,,
12th Feb 2025 05:00,,,,,,,,,,,,,,,,,,,,,,,,,,,,,,,,
12th Feb 2025 06:00,,,,,,,,,,,,,,,,,,,,,,,,,,,,,,,,
12th Feb 2025 07:00,,,,,,,,,,,,,,,,,,,,,,,,,,,,,,,,
12th Feb 2025 08:00,,,,,,,,,,,,,,,,,,,,,,,,,,,,,,,,
12th Feb 2025 09:00,,,,,,,,,,,,,,,,,,,,,,,,,,,,,,,,
12th Feb 2025 10:00,,,,,,,,,,,,,,,,,,,,,,,,,,,,,,,,
12th Feb 2025 11:00,,,,,,,,,,,,,,,,,,,,,,,,,,,,,,,,
12th Feb 2025 12:00,,,,,,,,,,,,,,,,,,,,,,,,,,,,,,,,
12th Feb 2025 13:00,,,,,,,,,,,,,,,,,,,,,,,,,,,,,,,,
12th Feb 2025 14:00,,,,,,,,,,,,,,,,,,,,,,,,,,,,,,,,
12th Feb 2025 15:00,,,,,,,,,,,,,,,,,,,,,,,,,,,,,,,,
12th Feb 2025 16:00,,,,,,,,,,,,,,,,,,,,,,,,,,,,,,,,
12th Feb 2025 17:00,,,,,,,,,,,,,,,,,,,,,,,,,,,,,,,,
12th Feb 2025 18:00,,,,,,,,,,,,,,,,,,,,,,,,,,,,,,,,
12th Feb 2025 19:00,,,,,,,,,,,,,,,,,,,,,,,,,,,,,,,,
12th Feb 2025 20:00,,,,,,,,,,,,,,,,,,,,,,,,,,,,,,,,
12th Feb 2025 21:00,,,,,,,,,,,,,,,,,,,,,,,,,,,,,,,,
12th Feb 2025 22:00,,,,,,,,,,,,,,,,,,,,,,,,,,,,,,,,
12th Feb 2025 23:00,,,,,,,,,,,,,,,,,,,,,,,,,,,,,,,,
13th Feb 2025 00:00,,,,,,,,,,,,,,,,,,,,,,,,,,,,,,,,
13th Feb 2025 01:00,,,,,,,,,,,,,,,,,,,,,,,,,,,,,,,,
13th Feb 2025 02:00,,,,,,,,,,,,,,,,,,,,,,,,,,,,,,,,
13th Feb 2025 03:00,,,,,,,,,,,,,,,,,,,,,,,,,,,,,,,,
13th Feb 2025 04:00,,,,,,,,,,,,,,,,,,,,,,,,,,,,,,,,
13th Feb 2025 05:00,,,,,,,,,,,,,,,,,,,,,,,,,,,,,,,,
13th Feb 2025 06:00,,,,,,,,,,,,,,,,,,,,,,,,,,,,,,,,
13th Feb 2025 07:00,,,,,,,,,,,,,,,,,,,,,,,,,,,,,,,,
13th Feb 2025 08:00,,,,,,,,,,,,,,,,,,,,,,,,,,,,,,,,
13th Feb 2025 09:00,,,,,,,,,,,,,,,,,,,,,,,,,,,,,,,,
13th Feb 2025 10:00,,,,,,,,,,,,,,,,,,,,,,,,,,,,,,,,
13th Feb 2025 11:00,,,,,,,,,,,,,,,,,,,,,,,,,,,,,,,,
13th Feb 2025 12:00,,,,,,,,,,,,,,,,,,,,,,,,,,,,,,,,
13th Feb 2025 13:00,,,,,,,,,,,,,,,,,,,,,,,,,,,,,,,,
13th Feb 2025 14:00,,,,,,,,,,,,,,,,,,,,,,,,,,,,,,,,
13th Feb 2025 15:00,,,,,,,,,,,,,,,,,,,,,,,,,,,,,,,,
13th Feb 2025 16:00,,,,,,,,,,,,,,,,,,,,,,,,,,,,,,,,
13th Feb 2025 17:00,,,,,,,,,,,,,,,,,,,,,,,,,,,,,,,,
13th Feb 2025 18:00,,,,,,,,,,,,,,,,,,,,,,,,,,,,,,,,
13th Feb 2025 19:00,,,,,,,,,,,,,,,,,,,,,,,,,,,,,,,,
13th Feb 2025 20:00,,,,,,,,,,,,,,,,,,,,,,,,,,,,,,,,
13th Feb 2025 21:00,,,,,,,,,,,,,,,,,,,,,,,,,,,,,,,,
13th Feb 2025 22:00,,,,,,,,,,,,,,,,,,,,,,,,,,,,,,,,
13th Feb 2025 23:00,,,,,,,,,,,,,,,,,,,,,,,,,,,,,,,,
14th Feb 2025 00:00,,,,,,,,,,,,,,,,,,,,,,,,,,,,,,,,
14th Feb 2025 01:00,,,,,,,,,,,,,,,,,,,,,,,,,,,,,,,,
14th Feb 2025 02:00,,,,,,,,,,,,,,,,,,,,,,,,,,,,,,,,
14th Feb 2025 03:00,,,,,,,,,,,,,,,,,,,,,,,,,,,,,,,,
14th Feb 2025 04:00,,,,,,,,,,,,,,,,,,,,,,,,,,,,,,,,
14th Feb 2025 05:00,,,,,,,,,,,,,,,,,,,,,,,,,,,,,,,,
14th Feb 2025 06:00,,,,,,,,,,,,,,,,,,,,,,,,,,,,,,,,
14th Feb 2025 07:00,,,,,,,,,,,,,,,,,,,,,,,,,,,,,,,,
14th Feb 2025 08:00,,,,,,,,,,,,,,,,,,,,,,,,,,,,,,,,
14th Feb 2025 09:00,,,,,,,,,,,,,,,,,,,,,,,,,,,,,,,,
14th Feb 2025 10:00,,,,,,,,,,,,,,,,,,,,,,,,,,,,,,,,
14th Feb 2025 11:00,,,,,,,,,,,,,,,,,,,,,,,,,,,,,,,,
14th Feb 2025 12:00,,,,,,,,,,,,,,,,,,,,,,,,,,,,,,,,
14th Feb 2025 13:00,,,,,,,,,,,,,,,,,,,,,,,,,,,,,,,,
14th Feb 2025 14:00,,,,,,,,,,,,,,,,,,,,,,,,,,,,,,,,
14th Feb 2025 15:00,,,,,,,,,,,,,,,,,,,,,,,,,,,,,,,,
14th Feb 2025 16:00,,,,,,,,,,,,,,,,,,,,,,,,,,,,,,,,
14th Feb 2025 17:00,,,,,,,,,,,,,,,,,,,,,,,,,,,,,,,,
14th Feb 2025 18:00,,,,,,,,,,,,,,,,,,,,,,,,,,,,,,,,
14th Feb 2025 19:00,,,,,,,,,,,,,,,,,,,,,,,,,,,,,,,,
14th Feb 2025 20:00,,,,,,,,,,,,,,,,,,,,,,,,,,,,,,,,
14th Feb 2025 21:00,,,,,,,,,,,,,,,,,,,,,,,,,,,,,,,,
14th Feb 2025 22:00,,,,,,,,,,,,,,,,,,,,,,,,,,,,,,,,
14th Feb 2025 23:00,,,,,,,,,,,,,,,,,,,,,,,,,,,,,,,,
15th Feb 2025 00:00,,,,,,,,,,,,,,,,,,,,,,,,,,,,,,,,
15th Feb 2025 01:00,,,,,,,,,,,,,,,,,,,,,,,,,,,,,,,,
15th Feb 2025 02:00,,,,,,,,,,,,,,,,,,,,,,,,,,,,,,,,
15th Feb 2025 03:00,,,,,,,,,,,,,,,,,,,,,,,,,,,,,,,,
15th Feb 2025 04:00,,,,,,,,,,,,,,,,,,,,,,,,,,,,,,,,
15th Feb 2025 05:00,,,,,,,,,,,,,,,,,,,,,,,,,,,,,,,,
15th Feb 2025 06:00,,,,,,,,,,,,,,,,,,,,,,,,,,,,,,,,
15th Feb 2025 07:00,,,,,,,,,,,,,,,,,,,,,,,,,,,,,,,,
15th Feb 2025 08:00,,,,,,,,,,,,,,,,,,,,,,,,,,,,,,,,
15th Feb 2025 09:00,,,,,,,,,,,,,,,,,,,,,,,,,,,,,,,,
15th Feb 2025 10:00,,,,,,,,,,,,,,,,,,,,,,,,,,,,,,,,
15th Feb 2025 11:00,,,,,,,,,,,,,,,,,,,,,,,,,,,,,,,,
15th Feb 2025 12:00,,,,,,,,,,,,,,,,,,,,,,,,,,,,,,,,
15th Feb 2025 13:00,,,,,,,,,,,,,,,,,,,,,,,,,,,,,,,,
15th Feb 2025 14:00,,,,,,,,,,,,,,,,,,,,,,,,,,,,,,,,
15th Feb 2025 15:00,,,,,,,,,,,,,,,,,,,,,,,,,,,,,,,,
15th Feb 2025 16:00,,,,,,,,,,,,,,,,,,,,,,,,,,,,,,,,
15th Feb 2025 17:00,,,,,,,,,,,,,,,,,,,,,,,,,,,,,,,,
15th Feb 2025 18:00,,,,,,,,,,,,,,,,,,,,,,,,,,,,,,,,
15th Feb 2025 19:00,,,,,,,,,,,,,,,,,,,,,,,,,,,,,,,,
15th Feb 2025 20:00,,,,,,,,,,,,,,,,,,,,,,,,,,,,,,,,
15th Feb 2025 21:00,,,,,,,,,,,,,,,,,,,,,,,,,,,,,,,,
15th Feb 2025 22:00,,,,,,,,,,,,,,,,,,,,,,,,,,,,,,,,
15th Feb 2025 23:00,,,,,,,,,,,,,,,,,,,,,,,,,,,,,,,,
16th Feb 2025 00:00,,,,,,,,,,,,,,,,,,,,,,,,,,,,,,,,
16th Feb 2025 01:00,,,,,,,,,,,,,,,,,,,,,,,,,,,,,,,,
16th Feb 2025 02:00,,,,,,,,,,,,,,,,,,,,,,,,,,,,,,,,
16th Feb 2025 03:00,,,,,,,,,,,,,,,,,,,,,,,,,,,,,,,,
16th Feb 2025 04:00,,,,,,,,,,,,,,,,,,,,,,,,,,,,,,,,
16th Feb 2025 05:00,,,,,,,,,,,,,,,,,,,,,,,,,,,,,,,,
16th Feb 2025 06:00,,,,,,,,,,,,,,,,,,,,,,,,,,,,,,,,
16th Feb 2025 07:00,,,,,,,,,,,,,,,,,,,,,,,,,,,,,,,,
16th Feb 2025 08:00,,,,,,,,,,,,,,,,,,,,,,,,,,,,,,,,
16th Feb 2025 09:00,,,,,,,,,,,,,,,,,,,,,,,,,,,,,,,,
16th Feb 2025 10:00,,,,,,,,,,,,,,,,,,,,,,,,,,,,,,,,
16th Feb 2025 11:00,,,,,,,,,,,,,,,,,,,,,,,,,,,,,,,,
16th Feb 2025 12:00,,,,,,,,,,,,,,,,,,,,,,,,,,,,,,,,
16th Feb 2025 13:00,,,,,,,,,,,,,,,,,,,,,,,,,,,,,,,,
16th Feb 2025 14:00,,,,,,,,,,,,,,,,,,,,,,,,,,,,,,,,
16th Feb 2025 15:00,,,,,,,,,,,,,,,,,,,,,,,,,,,,,,,,
16th Feb 2025 16:00,,,,,,,,,,,,,,,,,,,,,,,,,,,,,,,,
16th Feb 2025 17:00,,,,,,,,,,,,,,,,,,,,,,,,,,,,,,,,
16th Feb 2025 18:00,,,,,,,,,,,,,,,,,,,,,,,,,,,,,,,,
16th Feb 2025 19:00,,,,,,,,,,,,,,,,,,,,,,,,,,,,,,,,
16th Feb 2025 20:00,,,,,,,,,,,,,,,,,,,,,,,,,,,,,,,,
16th Feb 2025 21:00,,,,,,,,,,,,,,,,,,,,,,,,,,,,,,,,
16th Feb 2025 22:00,,,,,,,,,,,,,,,,,,,,,,,,,,,,,,,,
16th Feb 2025 23:00,,,,,,,,,,,,,,,,,,,,,,,,,,,,,,,,
17th Feb 2025 00:00,,,,,,,,,,,,,,,,,,,,,,,,,,,,,,,,
17th Feb 2025 01:00,,,,,,,,,,,,,,,,,,,,,,,,,,,,,,,,
17th Feb 2025 02:00,,,,,,,,,,,,,,,,,,,,,,,,,,,,,,,,
17th Feb 2025 03:00,,,,,,,,,,,,,,,,,,,,,,,,,,,,,,,,
17th Feb 2025 04:00,,,,,,,,,,,,,,,,,,,,,,,,,,,,,,,,
17th Feb 2025 05:00,,,,,,,,,,,,,,,,,,,,,,,,,,,,,,,,
17th Feb 2025 06:00,,,,,,,,,,,,,,,,,,,,,,,,,,,,,,,,
17th Feb 2025 07:00,,,,,,,,,,,,,,,,,,,,,,,,,,,,,,,,
17th Feb 2025 08:00,,,,,,,,,,,,,,,,,,,,,,,,,,,,,,,,
17th Feb 2025 09:00,,,,,,,,,,,,,,,,,,,,,,,,,,,,,,,,
17th Feb 2025 10:00,,,,,,,,,,,,,,,,,,,,,,,,,,,,,,,,
17th Feb 2025 11:00,,,,,,,,,,,,,,,,,,,,,,,,,,,,,,,,
17th Feb 2025 12:00,,,,,,,,,,,,,,,,,,,,,,,,,,,,,,,,
17th Feb 2025 13:00,,,,,,,,,,,,,,,,,,,,,,,,,,,,,,,,
17th Feb 2025 14:00,,,,,,,,,,,,,,,,,,,,,,,,,,,,,,,,
17th Feb 2025 15:00,,,,,,,,,,,,,,,,,,,,,,,,,,,,,,,,
17th Feb 2025 16:00,,,,,,,,,,,,,,,,,,,,,,,,,,,,,,,,
17th Feb 2025 17:00,,,,,,,,,,,,,,,,,,,,,,,,,,,,,,,,
17th Feb 2025 18:00,,,,,,,,,,,,,,,,,,,,,,,,,,,,,,,,
17th Feb 2025 19:00,,,,,,,,,,,,,,,,,,,,,,,,,,,,,,,,
17th Feb 2025 20:00,,,,,,,,,,,,,,,,,,,,,,,,,,,,,,,,
17th Feb 2025 21:00,,,,,,,,,,,,,,,,,,,,,,,,,,,,,,,,
17th Feb 2025 22:00,,,,,,,,,,,,,,,,,,,,,,,,,,,,,,,,
17th Feb 2025 23:00,,,,,,,,,,,,,,,,,,,,,,,,,,,,,,,,
18th Feb 2025 00:00,,,,,,,,,,,,,,,,,,,,,,,,,,,,,,,,
18th Feb 2025 01:00,,,,,,,,,,,,,,,,,,,,,,,,,,,,,,,,
18th Feb 2025 02:00,,,,,,,,,,,,,,,,,,,,,,,,,,,,,,,,
18th Feb 2025 03:00,,,,,,,,,,,,,,,,,,,,,,,,,,,,,,,,
18th Feb 2025 04:00,,,,,,,,,,,,,,,,,,,,,,,,,,,,,,,,
18th Feb 2025 05:00,,,,,,,,,,,,,,,,,,,,,,,,,,,,,,,,
18th Feb 2025 06:00,,,,,,,,,,,,,,,,,,,,,,,,,,,,,,,,
18th Feb 2025 07:00,,,,,,,,,,,,,,,,,,,,,,,,,,,,,,,,
18th Feb 2025 08:00,,,,,,,,,,,,,,,,,,,,,,,,,,,,,,,,
18th Feb 2025 09:00,,,,,,,,,,,,,,,,,,,,,,,,,,,,,,,,
18th Feb 2025 10:00,,,,,,,,,,,,,,,,,,,,,,,,,,,,,,,,
18th Feb 2025 11:00,,,,,,,,,,,,,,,,,,,,,,,,,,,,,,,,
18th Feb 2025 12:00,,,,,,,,,,,,,,,,,,,,,,,,,,,,,,,,
18th Feb 2025 13:00,,,,,,,,,,,,,,,,,,,,,,,,,,,,,,,,
18th Feb 2025 14:00,,,,,,,,,,,,,,,,,,,,,,,,,,,,,,,,
18th Feb 2025 15:00,,,,,,,,,,,,,,,,,,,,,,,,,,,,,,,,
18th Feb 2025 16:00,,,,,,,,,,,,,,,,,,,,,,,,,,,,,,,,
18th Feb 2025 17:00,,,,,,,,,,,,,,,,,,,,,,,,,,,,,,,,
18th Feb 2025 18:00,,,,,,,,,,,,,,,,,,,,,,,,,,,,,,,,
18th Feb 2025 19:00,,,,,,,,,,,,,,,,,,,,,,,,,,,,,,,,
18th Feb 2025 20:00,,,,,,,,,,,,,,,,,,,,,,,,,,,,,,,,
18th Feb 2025 21:00,,,,,,,,,,,,,,,,,,,,,,,,,,,,,,,,
18th Feb 2025 22:00,,,,,,,,,,,,,,,,,,,,,,,,,,,,,,,,
18th Feb 2025 23:00,,,,,,,,,,,,,,,,,,,,,,,,,,,,,,,,
19th Feb 2025 00:00,,,,,,,,,,,,,,,,,,,,,,,,,,,,,,,,
19th Feb 2025 01:00,,,,,,,,,,,,,,,,,,,,,,,,,,,,,,,,
19th Feb 2025 02:00,,,,,,,,,,,,,,,,,,,,,,,,,,,,,,,,
19th Feb 2025 03:00,,,,,,,,,,,,,,,,,,,,,,,,,,,,,,,,
19th Feb 2025 04:00,,,,,,,,,,,,,,,,,,,,,,,,,,,,,,,,
19th Feb 2025 05:00,,,,,,,,,,,,,,,,,,,,,,,,,,,,,,,,
19th Feb 2025 06:00,,,,,,,,,,,,,,,,,,,,,,,,,,,,,,,,
19th Feb 2025 07:00,,,,,,,,,,,,,,,,,,,,,,,,,,,,,,,,
19th Feb 2025 08:00,,,,,,,,,,,,,,,,,,,,,,,,,,,,,,,,
19th Feb 2025 09:00,,,,,,,,,,,,,,,,,,,,,,,,,,,,,,,,
19th Feb 2025 10:00,,,,,,,,,,,,,,,,,,,,,,,,,,,,,,,,
19th Feb 2025 11:00,,,,,,,,,,,,,,,,,,,,,,,,,,,,,,,,
19th Feb 2025 12:00,,,,,,,,,,,,,,,,,,,,,,,,,,,,,,,,
19th Feb 2025 13:00,,,,,,,,,,,,,,,,,,,,,,,,,,,,,,,,
19th Feb 2025 14:00,,,,,,,,,,,,,,,,,,,,,,,,,,,,,,,,
19th Feb 2025 15:00,,,,,,,,,,,,,,,,,,,,,,,,,,,,,,,,
19th Feb 2025 16:00,,,,,,,,,,,,,,,,,,,,,,,,,,,,,,,,
19th Feb 2025 17:00,,,,,,,,,,,,,,,,,,,,,,,,,,,,,,,,
19th Feb 2025 18:00,,,,,,,,,,,,,,,,,,,,,,,,,,,,,,,,
19th Feb 2025 19:00,,,,,,,,,,,,,,,,,,,,,,,,,,,,,,,,
19th Feb 2025 20:00,,,,,,,,,,,,,,,,,,,,,,,,,,,,,,,,
19th Feb 2025 21:00,,,,,,,,,,,,,,,,,,,,,,,,,,,,,,,,
19th Feb 2025 22:00,,,,,,,,,,,,,,,,,,,,,,,,,,,,,,,,
19th Feb 2025 23:00,,,,,,,,,,,,,,,,,,,,,,,,,,,,,,,,
20th Feb 2025 00:00,,,,,,,,,,,,,,,,,,,,,,,,,,,,,,,,
20th Feb 2025 01:00,,,,,,,,,,,,,,,,,,,,,,,,,,,,,,,,
20th Feb 2025 02:00,,,,,,,,,,,,,,,,,,,,,,,,,,,,,,,,
20th Feb 2025 03:00,,,,,,,,,,,,,,,,,,,,,,,,,,,,,,,,
20th Feb 2025 04:00,,,,,,,,,,,,,,,,,,,,,,,,,,,,,,,,
20th Feb 2025 05:00,,,,,,,,,,,,,,,,,,,,,,,,,,,,,,,,
20th Feb 2025 06:00,,,,,,,,,,,,,,,,,,,,,,,,,,,,,,,,
20th Feb 2025 07:00,,,,,,,,,,,,,,,,,,,,,,,,,,,,,,,,
20th Feb 2025 08:00,,,,,,,,,,,,,,,,,,,,,,,,,,,,,,,,
20th Feb 2025 09:00,,,,,,,,,,,,,,,,,,,,,,,,,,,,,,,,
20th Feb 2025 10:00,,,,,,,,,,,,,,,,,,,,,,,,,,,,,,,,
20th Feb 2025 11:00,,,,,,,,,,,,,,,,,,,,,,,,,,,,,,,,
20th Feb 2025 12:00,,,,,,,,,,,,,,,,,,,,,,,,,,,,,,,,
20th Feb 2025 13:00,,,,,,,,,,,,,,,,,,,,,,,,,,,,,,,,
20th Feb 2025 14:00,,,,,,,,,,,,,,,,,,,,,,,,,,,,,,,,
20th Feb 2025 15:00,,,,,,,,,,,,,,,,,,,,,,,,,,,,,,,,
20th Feb 2025 16:00,,,,,,,,,,,,,,,,,,,,,,,,,,,,,,,,
20th Feb 2025 17:00,,,,,,,,,,,,,,,,,,,,,,,,,,,,,,,,
20th Feb 2025 18:00,,,,,,,,,,,,,,,,,,,,,,,,,,,,,,,,
20th Feb 2025 19:00,,,,,,,,,,,,,,,,,,,,,,,,,,,,,,,,
20th Feb 2025 20:00,,,,,,,,,,,,,,,,,,,,,,,,,,,,,,,,
20th Feb 2025 21:00,,,,,,,,,,,,,,,,,,,,,,,,,,,,,,,,
20th Feb 2025 22:00,,,,,,,,,,,,,,,,,,,,,,,,,,,,,,,,
20th Feb 2025 23:00,,,,,,,,,,,,,,,,,,,,,,,,,,,,,,,,
21st Feb 2025 00:00,,,,,,,,,,,,,,,,,,,,,,,,,,,,,,,,
21st Feb 2025 01:00,,,,,,,,,,,,,,,,,,,,,,,,,,,,,,,,
21st Feb 2025 02:00,,,,,,,,,,,,,,,,,,,,,,,,,,,,,,,,
21st Feb 2025 03:00,,,,,,,,,,,,,,,,,,,,,,,,,,,,,,,,
21st Feb 2025 04:00,,,,,,,,,,,,,,,,,,,,,,,,,,,,,,,,
21st Feb 2025 05:00,,,,,,,,,,,,,,,,,,,,,,,,,,,,,,,,
21st Feb 2025 06:00,,,,,,,,,,,,,,,,,,,,,,,,,,,,,,,,
21st Feb 2025 07:00,,,,,,,,,,,,,,,,,,,,,,,,,,,,,,,,
21st Feb 2025 08:00,,,,,,,,,,,,,,,,,,,,,,,,,,,,,,,,
21st Feb 2025 09:00,,,,,,,,,,,,,,,,,,,,,,,,,,,,,,,,
21st Feb 2025 10:00,,,,,,,,,,,,,,,,,,,,,,,,,,,,,,,,
21st Feb 2025 11:00,,,,,,,,,,,,,,,,,,,,,,,,,,,,,,,,
21st Feb 2025 12:00,,,,,,,,,,,,,,,,,,,,,,,,,,,,,,,,
21st Feb 2025 13:00,,,,,,,,,,,,,,,,,,,,,,,,,,,,,,,,
21st Feb 2025 14:00,,,,,,,,,,,,,,,,,,,,,,,,,,,,,,,,
21st Feb 2025 15:00,,,,,,,,,,,,,,,,,,,,,,,,,,,,,,,,
21st Feb 2025 16:00,,,,,,,,,,,,,,,,,,,,,,,,,,,,,,,,
21st Feb 2025 17:00,,,,,,,,,,,,,,,,,,,,,,,,,,,,,,,,
21st Feb 2025 18:00,,,,,,,,,,,,,,,,,,,,,,,,,,,,,,,,
21st Feb 2025 19:00,,,,,,,,,,,,,,,,,,,,,,,,,,,,,,,,
21st Feb 2025 20:00,,,,,,,,,,,,,,,,,,,,,,,,,,,,,,,,
21st Feb 2025 21:00,,,,,,,,,,,,,,,,,,,,,,,,,,,,,,,,
21st Feb 2025 22:00,,,,,,,,,,,,,,,,,,,,,,,,,,,,,,,,
21st Feb 2025 23:00,,,,,,,,,,,,,,,,,,,,,,,,,,,,,,,,
22nd Feb 2025 00:00,,,,,,,,,,,,,,,,,,,,,,,,,,,,,,,,
22nd Feb 2025 01:00,,,,,,,,,,,,,,,,,,,,,,,,,,,,,,,,
22nd Feb 2025 02:00,,,,,,,,,,,,,,,,,,,,,,,,,,,,,,,,
22nd Feb 2025 03:00,,,,,,,,,,,,,,,,,,,,,,,,,,,,,,,,
22nd Feb 2025 04:00,,,,,,,,,,,,,,,,,,,,,,,,,,,,,,,,
22nd Feb 2025 05:00,,,,,,,,,,,,,,,,,,,,,,,,,,,,,,,,
22nd Feb 2025 06:00,,,,,,,,,,,,,,,,,,,,,,,,,,,,,,,,
22nd Feb 2025 07:00,,,,,,,,,,,,,,,,,,,,,,,,,,,,,,,,
22nd Feb 2025 08:00,,,,,,,,,,,,,,,,,,,,,,,,,,,,,,,,
22nd Feb 2025 09:00,,,,,,,,,,,,,,,,,,,,,,,,,,,,,,,,
22nd Feb 2025 10:00,,,,,,,,,,,,,,,,,,,,,,,,,,,,,,,,
22nd Feb 2025 11:00,,,,,,,,,,,,,,,,,,,,,,,,,,,,,,,,
22nd Feb 2025 12:00,,,,,,,,,,,,,,,,,,,,,,,,,,,,,,,,
22nd Feb 2025 13:00,,,,,,,,,,,,,,,,,,,,,,,,,,,,,,,,
22nd Feb 2025 14:00,,,,,,,,,,,,,,,,,,,,,,,,,,,,,,,,
22nd Feb 2025 15:00,,,,,,,,,,,,,,,,,,,,,,,,,,,,,,,,
22nd Feb 2025 16:00,,,,,,,,,,,,,,,,,,,,,,,,,,,,,,,,
22nd Feb 2025 17:00,,,,,,,,,,,,,,,,,,,,,,,,,,,,,,,,
22nd Feb 2025 18:00,,,,,,,,,,,,,,,,,,,,,,,,,,,,,,,,
22nd Feb 2025 19:00,,,,,,,,,,,,,,,,,,,,,,,,,,,,,,,,
22nd Feb 2025 20:00,,,,,,,,,,,,,,,,,,,,,,,,,,,,,,,,
22nd Feb 2025 21:00,,,,,,,,,,,,,,,,,,,,,,,,,,,,,,,,
22nd Feb 2025 22:00,,,,,,,,,,,,,,,,,,,,,,,,,,,,,,,,
22nd Feb 2025 23:00,,,,,,,,,,,,,,,,,,,,,,,,,,,,,,,,
23rd Feb 2025 00:00,,,,,,,,,,,,,,,,,,,,,,,,,,,,,,,,
23rd Feb 2025 01:00,,,,,,,,,,,,,,,,,,,,,,,,,,,,,,,,
23rd Feb 2025 02:00,,,,,,,,,,,,,,,,,,,,,,,,,,,,,,,,
23rd Feb 2025 03:00,,,,,,,,,,,,,,,,,,,,,,,,,,,,,,,,
23rd Feb 2025 04:00,,,,,,,,,,,,,,,,,,,,,,,,,,,,,,,,
23rd Feb 2025 05:00,,,,,,,,,,,,,,,,,,,,,,,,,,,,,,,,
23rd Feb 2025 06:00,,,,,,,,,,,,,,,,,,,,,,,,,,,,,,,,
23rd Feb 2025 07:00,,,,,,,,,,,,,,,,,,,,,,,,,,,,,,,,
23rd Feb 2025 08:00,,,,,,,,,,,,,,,,,,,,,,,,,,,,,,,,
23rd Feb 2025 09:00,,,,,,,,,,,,,,,,,,,,,,,,,,,,,,,,
23rd Feb 2025 10:00,,,,,,,,,,,,,,,,,,,,,,,,,,,,,,,,
23rd Feb 2025 11:00,,,,,,,,,,,,,,,,,,,,,,,,,,,,,,,,
23rd Feb 2025 12:00,,,,,,,,,,,,,,,,,,,,,,,,,,,,,,,,
23rd Feb 2025 13:00,,,,,,,,,,,,,,,,,,,,,,,,,,,,,,,,
23rd Feb 2025 14:00,,,,,,,,,,,,,,,,,,,,,,,,,,,,,,,,
23rd Feb 2025 15:00,,,,,,,,,,,,,,,,,,,,,,,,,,,,,,,,
23rd Feb 2025 16:00,,,,,,,,,,,,,,,,,,,,,,,,,,,,,,,,
23rd Feb 2025 17:00,,,,,,,,,,,,,,,,,,,,,,,,,,,,,,,,
23rd Feb 2025 18:00,,,,,,,,,,,,,,,,,,,,,,,,,,,,,,,,
23rd Feb 2025 19:00,,,,,,,,,,,,,,,,,,,,,,,,,,,,,,,,
23rd Feb 2025 20:00,,,,,,,,,,,,,,,,,,,,,,,,,,,,,,,,
23rd Feb 2025 21:00,,,,,,,,,,,,,,,,,,,,,,,,,,,,,,,,
23rd Feb 2025 22:00,,,,,,,,,,,,,,,,,,,,,,,,,,,,,,,,
23rd Feb 2025 23:00,,,,,,,,,,,,,,,,,,,,,,,,,,,,,,,,
24th Feb 2025 00:00,,,,,,,,,,,,,,,,,,,,,,,,,,,,,,,,
24th Feb 2025 01:00,,,,,,,,,,,,,,,,,,,,,,,,,,,,,,,,
24th Feb 2025 02:00,,,,,,,,,,,,,,,,,,,,,,,,,,,,,,,,
24th Feb 2025 03:00,,,,,,,,,,,,,,,,,,,,,,,,,,,,,,,,
24th Feb 2025 04:00,,,,,,,,,,,,,,,,,,,,,,,,,,,,,,,,
24th Feb 2025 05:00,,,,,,,,,,,,,,,,,,,,,,,,,,,,,,,,
24th Feb 2025 06:00,,,,,,,,,,,,,,,,,,,,,,,,,,,,,,,,
24th Feb 2025 07:00,,,,,,,,,,,,,,,,,,,,,,,,,,,,,,,,
24th Feb 2025 08:00,,,,,,,,,,,,,,,,,,,,,,,,,,,,,,,,
24th Feb 2025 09:00,,,,,,,,,,,,,,,,,,,,,,,,,,,,,,,,
24th Feb 2025 10:00,,,,,,,,,,,,,,,,,,,,,,,,,,,,,,,,
24th Feb 2025 11:00,,,,,,,,,,,,,,,,,,,,,,,,,,,,,,,,
24th Feb 2025 12:00,,,,,,,,,,,,,,,,,,,,,,,,,,,,,,,,
24th Feb 2025 13:00,,,,,,,,,,,,,,,,,,,,,,,,,,,,,,,,
24th Feb 2025 14:00,,,,,,,,,,,,,,,,,,,,,,,,,,,,,,,,
24th Feb 2025 15:00,,,,,,,,,,,,,,,,,,,,,,,,,,,,,,,,
24th Feb 2025 16:00,,,,,,,,,,,,,,,,,,,,,,,,,,,,,,,,
24th Feb 2025 17:00,,,,,,,,,,,,,,,,,,,,,,,,,,,,,,,,
24th Feb 2025 18:00,,,,,,,,,,,,,,,,,,,,,,,,,,,,,,,,
24th Feb 2025 19:00,,,,,,,,,,,,,,,,,,,,,,,,,,,,,,,,
24th Feb 2025 20:00,,,,,,,,,,,,,,,,,,,,,,,,,,,,,,,,
24th Feb 2025 21:00,,,,,,,,,,,,,,,,,,,,,,,,,,,,,,,,
24th Feb 2025 22:00,,,,,,,,,,,,,,,,,,,,,,,,,,,,,,,,
24th Feb 2025 23:00,,,,,,,,,,,,,,,,,,,,,,,,,,,,,,,,
25th Feb 2025 00:00,,,,,,,,,,,,,,,,,,,,,,,,,,,,,,,,
25th Feb 2025 01:00,,,,,,,,,,,,,,,,,,,,,,,,,,,,,,,,
25th Feb 2025 02:00,,,,,,,,,,,,,,,,,,,,,,,,,,,,,,,,
25th Feb 2025 03:00,,,,,,,,,,,,,,,,,,,,,,,,,,,,,,,,
25th Feb 2025 04:00,,,,,,,,,,,,,,,,,,,,,,,,,,,,,,,,
25th Feb 2025 05:00,,,,,,,,,,,,,,,,,,,,,,,,,,,,,,,,
25th Feb 2025 06:00,,,,,,,,,,,,,,,,,,,,,,,,,,,,,,,,
25th Feb 2025 07:00,,,,,,,,,,,,,,,,,,,,,,,,,,,,,,,,
25th Feb 2025 08:00,,,,,,,,,,,,,,,,,,,,,,,,,,,,,,,,
25th Feb 2025 09:00,,,,,,,,,,,,,,,,,,,,,,,,,,,,,,,,
25th Feb 2025 10:00,,,,,,,,,,,,,,,,,,,,,,,,,,,,,,,,
25th Feb 2025 11:00,,,,,,24,,,,,,,,,,,,,,,,,,,,,,,,,,
25th Feb 2025 12:00,,,,,,6,13,,,,,,,,,,,,,,,,,,,,,,,,,
25th Feb 2025 13:00,,,,,,9,13,,,,,,,,,,,,,,,,,,,,,,,,,
25th Feb 2025 14:00,,,,,,12,26,,,,,,,,,,,,,,,,,,,,,,,,,
25th Feb 2025 15:00,,,,,,11,41,,,,,,,,,,,,,,,,,,,,,,,,,
25th Feb 2025 16:00,,,,,,14,40,,,,,,,,,,,,,,,,,,,,,,,,,
25th Feb 2025 17:00,,,,,,15,16,,,,,,,,,,,,,,,,,,,,,,,,,
25th Feb 2025 18:00,,,,,,31,41,,,,,,,,,,,,,,,,,,,,,,,,,
25th Feb 2025 19:00,,,,,,7,25,,,,,,,,,,,,,,,,,,,,,,,,,
25th Feb 2025 20:00,,,,,,8,21,,,,,,,,,,,,,,,,,,,,,,,,,
25th Feb 2025 21:00,,,,,,11,18,,,,,,,,,,,,,,,,,,,,,,,,,
25th Feb 2025 22:00,,,,,,2,19,,,,,,,,,,,,,,,,,,,,,,,,,
25th Feb 2025 23:00,,,,,,5,6,,,,,,,,,,,,,,,,,,,,,,,,,
26th Feb 2025 00:00,,,,,,9,4,,,,,,,,,,,,,,,,,,,,,,,,,
26th Feb 2025 01:00,,,,,,2,1,,,,,,,,,,,,,,,,,,,,,,,,,
26th Feb 2025 02:00,,,,,,0,0,,,,,,,,,,,,,,,,,,,,,,,,,
26th Feb 2025 03:00,,,,,,1,2,,,,,,,,,,,,,,,,,,,,,,,,,
26th Feb 2025 04:00,,,,,,0,5,,,,,,,,,,,,,,,,,,,,,,,,,
26th Feb 2025 05:00,,,,,,1,7,,,,,,,,,,,,,,,,,,,,,,,,,
26th Feb 2025 06:00,,,,,,5,20,,,,,,,,,,,,,,,,,,,,,,,,,
26th Feb 2025 07:00,,,,,,6,23,,,,,,,,,,,,,,,,,,,,,,,,,
26th Feb 2025 08:00,,,,,,10,32,,,,,,,,,,,,,,,,,,,,,,,,,
26th Feb 2025 09:00,,,,,,7,19,,,,,,,,,,,,,,,,,,,,,,,,,
26th Feb 2025 10:00,,,,,,5,19,,,,,,,,,,,,,,,,,,,,,,,,,
26th Feb 2025 11:00,,,,,,8,5,,,,,,,,,,,,,,,,,,,,,,,,,
26th Feb 2025 12:00,,,,,,6,13,,,,,,,,,,,,,,,,,,,,,,,,,
26th Feb 2025 13:00,,,,,,4,14,,,,,,,,,,,,,,,,,,,,,,,,,
26th Feb 2025 14:00,,,,,,12,16,,,,,,,,,,,,,,,,,,,,,,,,,
26th Feb 2025 15:00,,,,,,4,22,,,,,,,,,,,,,,,,,,,,,,,,,
26th Feb 2025 16:00,,,,,,15,23,,,,,,,,,,,,,,,,,,,,,,,,,
26th Feb 2025 17:00,,,,,,13,27,,,,,,,,,,,,,,,,,,,,,,,,,
26th Feb 2025 18:00,,,,,,13,21,,,,,,,,,,,,,,,,,,,,,,,,,
26th Feb 2025 19:00,,,,,,11,36,,,,,,,,,,,,,,,,,,,,,,,,,
26th Feb 2025 20:00,,,,,,9,17,,,,,,,,,,,,,,,,,,,,,,,,,
26th Feb 2025 21:00,,,,,,4,15,,,,,,,,,,,,,,,,,,,,,,,,,
26th Feb 2025 22:00,,,,,,10,7,,,,,,,,,,,,,,,,,,,,,,,,,
26th Feb 2025 23:00,,,,,,0,7,,,,,,,,,,,,,,,,,,,,,,,,,
27th Feb 2025 00:00,,,,,,2,7,,,,,,,,,,,,,,,,,,,,,,,,,
27th Feb 2025 01:00,,,,,,1,4,,,,,,,,,,,,,,,,,,,,,,,,,
27th Feb 2025 02:00,,,,,,0,2,,,,,,,,,,,,,,,,,,,,,,,,,
27th Feb 2025 03:00,,,,,,1,4,,,,,,,,,,,,,,,,,,,,,,,,,
27th Feb 2025 04:00,,,,,,0,7,,,,,,,,,,,,,,,,,,,,,,,,,
27th Feb 2025 05:00,,,,,,3,17,,,,,,,,,,,,,,,,,,,,,,,,,
27th Feb 2025 06:00,,,,,,6,14,,,,,,,,,,,,,,,,,,,,,,,,,
27th Feb 2025 07:00,,,,,,5,16,,,,,,,,,,,,,,,,,,,,,,,,,
27th Feb 2025 08:00,,,,,,15,19,,,,,,,,,,,,,,,,,,,,,,,,,
27th Feb 2025 09:00,,,,,,8,20,,,,,,,,,,,,,,,,,,,,,,,,,
27th Feb 2025 10:00,,,,,,7,12,,,,,,,,,,,,,,,,,,,,,,,,,
27th Feb 2025 11:00,,,,,,6,10,,,,,,,,,,,,,,,,,,,,,,,,,
27th Feb 2025 12:00,,,,,,7,8,,,,,,,,,,,,,,,,,,,,,,,,,
27th Feb 2025 13:00,,,,,,7,5,,,,,,,,,,,,,,,,,,,,,,,,,
27th Feb 2025 14:00,,,,,,5,13,,,,,,,,,,,,,,,,,,,,,,,,,
27th Feb 2025 15:00,,,,,,16,20,,,,,,,,,,,,,,,,,,,,,,,,,
27th Feb 2025 16:00,,,,,,21,25,,,,,,,,,,,,,,,,,,,,,,,,,
27th Feb 2025 17:00,,,,,,12,46,,,,,,,,,,,,,,,,,,,,,,,,,
27th Feb 2025 18:00,,,,,,13,33,,,,,,,,,,,,,,,,,,,,,,,,,
27th Feb 2025 19:00,,,,,,4,37,,,,,,,,,,,,,,,,,,,,,,,,,
27th Feb 2025 20:00,,,,,,20,14,,,,,,,,,,,,,,,,,,,,,,,,,
27th Feb 2025 21:00,,,,,,11,14,,,,,,,,,,,,,,,,,,,,,,,,,
27th Feb 2025 22:00,,,,,,43,8,,,,,,,,,,,,,,,,,,,,,,,,,
27th Feb 2025 23:00,,,,,,20,6,,,,,,,,,,,,,,,,,,,,,,,,,
28th Feb 2025 00:00,,,,,,10,9,,,,,,,,,,,,,,,,,,,,,,,,,
28th Feb 2025 01:00,,,,,,1,5,,,,,,,,,,,,,,,,,,,,,,,,,
28th Feb 2025 02:00,,,,,,2,2,,,,,,,,,,,,,,,,,,,,,,,,,
28th Feb 2025 03:00,,,,,,2,2,,,,,,,,,,,,,,,,,,,,,,,,,
28th Feb 2025 04:00,,,,,,8,12,,,,,,,,,,,,,,,,,,,,,,,,,
28th Feb 2025 05:00,,,,,,3,8,,,,,,,,,,,,,,,,,,,,,,,,,
28th Feb 2025 06:00,,,,,,30,12,,,,,,,,,,,,,,,,,,,,,,,,,
28th Feb 2025 07:00,,,,,,67,14,,,,,,,,,,,,,,,,,,,,,,,,,
28th Feb 2025 08:00,,,,,,56,19,,,,,,,,,,,,,,,,,,,,,,,,,
28th Feb 2025 09:00,,,,,,91,24,,,,,,,,,,,,,,,,,,,,,,,,,
28th Feb 2025 10:00,,,,,,77,15,,,,,,,,,,,,,,,,,,,,,,,,,
28th Feb 2025 11:00,,,,,,48,23,,,,,,,,,,,,,,,,,,,,,,,,,
28th Feb 2025 12:00,,,,,,65,16,,,,,,,,,,,,,,,,,,,,,,,,,
28th Feb 2025 13:00,,,,,,85,12,,,,,,,,,,,,,,,,,,,,,,,,,
28th Feb 2025 14:00,,,,,,104,16,,,,,,,,,,,,,,,,,,,,,,,,,
28th Feb 2025 15:00,,,,,,91,20,,,,,,,,,,,,,,,,,,,,,,,,,
28th Feb 2025 16:00,,,,,,19,13,,,,,,,,,,,,,,,,,,,,,,,,,
28th Feb 2025 17:00,,,,,,5,14,,,,,,,,,,,,,,,,,,,,,,,,,
28th Feb 2025 18:00,,,,,,5,16,,,,,,,,,,,,,,,,,,,,,,,,,
28th Feb 2025 19:00,,,,,,14,26,,,,,,,,,,,,,,,,,,,,,,,,,
28th Feb 2025 20:00,,,,,,15,37,,,,,,,,,,,,,,,,,,,,,,,,,
28th Feb 2025 21:00,,,,,,24,15,,,,,,,,,,,,,,,,,,,,,,,,,
28th Feb 2025 22:00,,,,,,24,12,,,,,,,,,,,,,,,,,,,,,,,,,
28th Feb 2025 23:00,,,,,,0,7,,,,,,,,,,,,,,,,,,,,,,,,,
1st Mar 2025 00:00,,,,,,0,8,,,,,,,,,,,,,,,,,,,,,,,,,
1st Mar 2025 01:00,,,,,,0,3,,,,,,,,,,,,,,,,,,,,,,,,,
1st Mar 2025 02:00,,,,,,0,2,,,,,,,,,,,,,,,,,,,,,,,,,
1st Mar 2025 03:00,,,,,,0,3,,,,,,,,,,,,,,,,,,,,,,,,,
1st Mar 2025 04:00,,,,,,0,5,,,,,,,,,,,,,,,,,,,,,,,,,
1st Mar 2025 05:00,,,,,,0,7,,,,,,,,,,,,,,,,,,,,,,,,,
1st Mar 2025 06:00,,,,,,0,10,,,,,,,,,,,,,,,,,,,,,,,,,
1st Mar 2025 07:00,,,,,,0,11,,,,,,,,,,,,,,,,,,,,,,,,,
1st Mar 2025 08:00,,,,,,0,13,,,,,,,,,,,,,,,,,,,,,,,,,
1st Mar 2025 09:00,,,,,,0,25,,,,,,,,,,,,,,,,,,,,,,,,,
1st Mar 2025 10:00,,,,,,0,10,,,,,,,,,,,,,,,,,,,,,,,,,
1st Mar 2025 11:00,,,,,,0,10,,,,,,,,,,,,,,,,,,,,,,,,,
1st Mar 2025 12:00,,,,,,0,16,,,,,,,,,,,,,,,,,,,,,,,,,
1st Mar 2025 13:00,,,,,,0,4,,,,,,,,,,,,,,,,,,,,,,,,,
1st Mar 2025 14:00,,,,,,0,6,,,,,,,,,,,,,,,,,,,,,,,,,
1st Mar 2025 15:00,,,,,,0,5,,,,,,,,,,,,,,,,,,,,,,,,,
1st Mar 2025 16:00,,,,,,0,15,,,,,,,,,,,,,,,,,,,,,,,,,
1st Mar 2025 17:00,,,,,,0,13,,,,,,,,,,,,,,,,,,,,,,,,,
1st Mar 2025 18:00,,,,,,0,17,,,,,,,,,,,,,,,,,,,,,,,,,
1st Mar 2025 19:00,,,,,,0,20,,,,,,,,,,,,,,,,,,,,,,,,,
1st Mar 2025 20:00,,,,,,0,25,,,,,,,,,,,,,,,,,,,,,,,,,
1st Mar 2025 21:00,,,,,,0,10,,,,,,,,,,,,,,,,,,,,,,,,,
1st Mar 2025 22:00,,,,,,0,15,,,,,,,,,,,,,,,,,,,,,,,,,
1st Mar 2025 23:00,,,,,,0,12,,,,,,,,,,,,,,,,,,,,,,,,,
2nd Mar 2025 00:00,,,,,,0,10,,,,,,,,,,,,,,,,,,,,,,,,,
2nd Mar 2025 01:00,,,,,,0,6,,,,,,,,,,,,,,,,,,,,,,,,,
2nd Mar 2025 02:00,,,,,,0,1,,,,,,,,,,,,,,,,,,,,,,,,,
2nd Mar 2025 03:00,,,,,,0,8,,,,,,,,,,,,,,,,,,,,,,,,,
2nd Mar 2025 04:00,,,,,,0,2,,,,,,,,,,,,,,,,,,,,,,,,,
2nd Mar 2025 05:00,,,,,,0,3,,,,,,,,,,,,,,,,,,,,,,,,,
2nd Mar 2025 06:00,,,,,,0,5,,,,,,,,,,,,,,,,,,,,,,,,,
2nd Mar 2025 07:00,,,,,,0,9,,,,,,,,,,,,,,,,,,,,,,,,,
2nd Mar 2025 08:00,,,,,,0,15,,,,,,,,,,,,,,,,,,,,,,,,,
2nd Mar 2025 09:00,,,,,,0,10,,,,,,,,,,,,,,,,,,,,,,,,,
2nd Mar 2025 10:00,,,,,,0,19,,,,,,,,,,,,,,,,,,,,,,,,,
2nd Mar 2025 11:00,,,,,,0,9,,,,,,,,,,,,,,,,,,,,,,,,,
2nd Mar 2025 12:00,,,,,,0,12,,,,,,,,,,,,,,,,,,,,,,,,,
2nd Mar 2025 13:00,,,,,,0,24,,,,,,,,,,,,,,,,,,,,,,,,,
2nd Mar 2025 14:00,,,,,,0,24,,,,,,,,,,,,,,,,,,,,,,,,,
2nd Mar 2025 15:00,,,,,,0,8,,,,,,,,,,,,,,,,,,,,,,,,,
2nd Mar 2025 16:00,,,,,,0,26,,,,,,,,,,,,,,,,,,,,,,,,,
2nd Mar 2025 17:00,,,,,,0,34,,,,,,,,,,,,,,,,,,,,,,,,,
2nd Mar 2025 18:00,,,,,,0,20,,,,,,,,,,,,,,,,,,,,,,,,,
2nd Mar 2025 19:00,,,,,,0,20,,,,,,,,,,,,,,,,,,,,,,,,,
2nd Mar 2025 20:00,,,,,,0,19,,,,,,,,,,,,,,,,,,,,,,,,,
2nd Mar 2025 21:00,,,,,,0,13,,,,,,,,,,,,,,,,,,,,,,,,,
2nd Mar 2025 22:00,,,,,,0,13,,,,,,,,,,,,,,,,,,,,,,,,,
2nd Mar 2025 23:00,,,,,,0,3,,,,,,,,,,,,,,,,,,,,,,,,,
3rd Mar 2025 00:00,,,,,,0,4,,,,,,,,,,,,,,,,,,,,,,,,,
3rd Mar 2025 01:00,,,,,,0,1,,,,,,,,,,,,,,,,,,,,,,,,,
3rd Mar 2025 02:00,,,,,,0,2,,,,,,,,,,,,,,,,,,,,,,,,,
3rd Mar 2025 03:00,,,,,,0,5,,,,,,,,,,,,,,,,,,,,,,,,,
3rd Mar 2025 04:00,,,,,,0,7,,,,,,,,,,,,,,,,,,,,,,,,,
3rd Mar 2025 05:00,,,,,,0,8,,,,,,,,,,,,,,,,,,,,,,,,,
3rd Mar 2025 06:00,,,,,,0,17,,,,,,,,,,,,,,,,,,,,,,,,,
3rd Mar 2025 07:00,,,,,,0,18,,,,,,,,,,,,,,,,,,,,,,,,,
3rd Mar 2025 08:00,,,,,,0,37,,,,,,,,,,,,,,,,,,,,,,,,,
3rd Mar 2025 09:00,,,,,,0,15,,,,,,,,,,,,,,,,,,,,,,,,,
3rd Mar 2025 10:00,,,,,,0,15,,,,,,,,,,,,,,,,,,,,,,,,,
3rd Mar 2025 11:00,,,,,,0,24,,,,,,,,,,,,,,,,,,,,,,,,,
3rd Mar 2025 12:00,,,,,,0,15,,,,,,,,,,,,,,,,,,,,,,,,,
3rd Mar 2025 13:00,,,,,,0,16,,,,,,,,,,,,,,,,,,,,,,,,,
3rd Mar 2025 14:00,,,,,,0,19,,,,,,,,,,,,,,,,,,,,,,,,,
3rd Mar 2025 15:00,,,,,,0,26,,,,,,,,,,,,,,,,,,,,,,,,,
3rd Mar 2025 16:00,,,,,,0,21,,,,,,,,,,,,,,,,,,,,,,,,,
3rd Mar 2025 17:00,,,,,,0,26,,,,,,,,,,,,,,,,,,,,,,,,,
3rd Mar 2025 18:00,,,,,,0,24,,,,,,,,,,,,,,,,,,,,,,,,,
3rd Mar 2025 19:00,,,,,,0,12,,,,,,,,,,,,,,,,,,,,,,,,,
3rd Mar 2025 20:00,,,,,,0,7,,,,,,,,,,,,,,,,,,,,,,,,,
3rd Mar 2025 21:00,,,,,,0,10,,,,,,,,,,,,,,,,,,,,,,,,,
3rd Mar 2025 22:00,,,,,,0,16,,,,,,,,,,,,,,,,,,,,,,,,,
3rd Mar 2025 23:00,,,,,,0,12,,,,,,,,,,,,,,,,,,,,,,,,,
4th Mar 2025 00:00,,,,,,0,4,,,,,,,,,,,,,,,,,,,,,,,,,
4th Mar 2025 01:00,,,,,,0,1,,,,,,,,,,,,,,,,,,,,,,,,,
4th Mar 2025 02:00,,,,,,0,2,,,,,,,,,,,,,,,,,,,,,,,,,
4th Mar 2025 03:00,,,,,,0,2,,,,,,,,,,,,,,,,,,,,,,,,,
4th Mar 2025 04:00,,,,,,0,6,,,,,,,,,,,,,,,,,,,,,,,,,
4th Mar 2025 05:00,,,,,,0,14,,,,,,,,,,,,,,,,,,,,,,,,,
4th Mar 2025 06:00,,,,,,0,7,,,,,,,,,,,,,,,,,,,,,,,,,
4th Mar 2025 07:00,,,,,,0,11,,,,,,,,,,,,,,,,,,,,,,,,,
4th Mar 2025 08:00,,,,,,0,30,,,,,,,,,,,,,,,,,,,,,,,,,
4th Mar 2025 09:00,,,,,,0,13,,,,,,,,,,,,,,,,,,,,,,,,,
4th Mar 2025 10:00,,,,,,0,15,,,,,,,,,,,,,,,,,,,,,,,,,
4th Mar 2025 11:00,,,,,,99,3,,,,,,,,,,,,,,,,,,,,,,,,,
4th Mar 2025 12:00,,,,,,,17,23,,,,,,,,,,,,,,,,,,,,,,,,
4th Mar 2025 13:00,,,,,,,11,7,,,,,,,,,,,,,,,,,,,,,,,,
4th Mar 2025 14:00,,,,,,,28,8,,,,,,,,,,,,,,,,,,,,,,,,
4th Mar 2025 15:00,,,,,,,21,23,,,,,,,,,,,,,,,,,,,,,,,,
4th Mar 2025 16:00,,,,,,,19,13,,,,,,,,,,,,,,,,,,,,,,,,
4th Mar 2025 17:00,,,,,,,21,22,,,,,,,,,,,,,,,,,,,,,,,,
4th Mar 2025 18:00,,,,,,,14,14,,,,,,,,,,,,,,,,,,,,,,,,
4th Mar 2025 19:00,,,,,,,17,12,,,,,,,,,,,,,,,,,,,,,,,,
4th Mar 2025 20:00,,,,,,,18,4,,,,,,,,,,,,,,,,,,,,,,,,
4th Mar 2025 21:00,,,,,,,15,3,,,,,,,,,,,,,,,,,,,,,,,,
4th Mar 2025 22:00,,,,,,,8,8,,,,,,,,,,,,,,,,,,,,,,,,
4th Mar 2025 23:00,,,,,,,4,1,,,,,,,,,,,,,,,,,,,,,,,,
5th Mar 2025 00:00,,,,,,,6,1,,,,,,,,,,,,,,,,,,,,,,,,
5th Mar 2025 01:00,,,,,,,1,0,,,,,,,,,,,,,,,,,,,,,,,,
5th Mar 2025 02:00,,,,,,,2,0,,,,,,,,,,,,,,,,,,,,,,,,
5th Mar 2025 03:00,,,,,,,1,0,,,,,,,,,,,,,,,,,,,,,,,,
5th Mar 2025 04:00,,,,,,,9,1,,,,,,,,,,,,,,,,,,,,,,,,
5th Mar 2025 05:00,,,,,,,7,5,,,,,,,,,,,,,,,,,,,,,,,,
5th Mar 2025 06:00,,,,,,,12,4,,,,,,,,,,,,,,,,,,,,,,,,
5th Mar 2025 07:00,,,,,,,14,7,,,,,,,,,,,,,,,,,,,,,,,,
5th Mar 2025 08:00,,,,,,,30,8,,,,,,,,,,,,,,,,,,,,,,,,
5th Mar 2025 09:00,,,,,,,11,5,,,,,,,,,,,,,,,,,,,,,,,,
5th Mar 2025 10:00,,,,,,,21,11,,,,,,,,,,,,,,,,,,,,,,,,
5th Mar 2025 11:00,,,,,,,10,10,,,,,,,,,,,,,,,,,,,,,,,,
5th Mar 2025 12:00,,,,,,,19,12,,,,,,,,,,,,,,,,,,,,,,,,
5th Mar 2025 13:00,,,,,,,8,12,,,,,,,,,,,,,,,,,,,,,,,,
5th Mar 2025 14:00,,,,,,,25,23,,,,,,,,,,,,,,,,,,,,,,,,
5th Mar 2025 15:00,,,,,,,22,26,,,,,,,,,,,,,,,,,,,,,,,,
5th Mar 2025 16:00,,,,,,,19,13,,,,,,,,,,,,,,,,,,,,,,,,
5th Mar 2025 17:00,,,,,,,30,24,,,,,,,,,,,,,,,,,,,,,,,,
5th Mar 2025 18:00,,,,,,,29,13,,,,,,,,,,,,,,,,,,,,,,,,
5th Mar 2025 19:00,,,,,,,27,20,,,,,,,,,,,,,,,,,,,,,,,,
5th Mar 2025 20:00,,,,,,,20,8,,,,,,,,,,,,,,,,,,,,,,,,
5th Mar 2025 21:00,,,,,,,16,9,,,,,,,,,,,,,,,,,,,,,,,,
5th Mar 2025 22:00,,,,,,,38,7,,,,,,,,,,,,,,,,,,,,,,,,
5th Mar 2025 23:00,,,,,,,5,1,,,,,,,,,,,,,,,,,,,,,,,,
6th Mar 2025 00:00,,,,,,,8,0,,,,,,,,,,,,,,,,,,,,,,,,
6th Mar 2025 01:00,,,,,,,0,1,,,,,,,,,,,,,,,,,,,,,,,,
6th Mar 2025 02:00,,,,,,,0,0,,,,,,,,,,,,,,,,,,,,,,,,
6th Mar 2025 03:00,,,,,,,2,1,,,,,,,,,,,,,,,,,,,,,,,,
6th Mar 2025 04:00,,,,,,,6,1,,,,,,,,,,,,,,,,,,,,,,,,
6th Mar 2025 05:00,,,,,,,14,1,,,,,,,,,,,,,,,,,,,,,,,,
6th Mar 2025 06:00,,,,,,,15,3,,,,,,,,,,,,,,,,,,,,,,,,
6th Mar 2025 07:00,,,,,,,19,5,,,,,,,,,,,,,,,,,,,,,,,,
6th Mar 2025 08:00,,,,,,,23,16,,,,,,,,,,,,,,,,,,,,,,,,
6th Mar 2025 09:00,,,,,,,16,10,,,,,,,,,,,,,,,,,,,,,,,,
6th Mar 2025 10:00,,,,,,,11,8,,,,,,,,,,,,,,,,,,,,,,,,
6th Mar 2025 11:00,,,,,,,13,10,,,,,,,,,,,,,,,,,,,,,,,,
6th Mar 2025 12:00,,,,,,,15,6,,,,,,,,,,,,,,,,,,,,,,,,
6th Mar 2025 13:00,,,,,,,15,7,,,,,,,,,,,,,,,,,,,,,,,,
6th Mar 2025 14:00,,,,,,,18,14,,,,,,,,,,,,,,,,,,,,,,,,
6th Mar 2025 15:00,,,,,,,37,21,,,,,,,,,,,,,,,,,,,,,,,,
6th Mar 2025 16:00,,,,,,,23,13,,,,,,,,,,,,,,,,,,,,,,,,
6th Mar 2025 17:00,,,,,,,21,22,,,,,,,,,,,,,,,,,,,,,,,,
6th Mar 2025 18:00,,,,,,,25,23,,,,,,,,,,,,,,,,,,,,,,,,
6th Mar 2025 19:00,,,,,,,14,13,,,,,,,,,,,,,,,,,,,,,,,,
6th Mar 2025 20:00,,,,,,,17,7,,,,,,,,,,,,,,,,,,,,,,,,
6th Mar 2025 21:00,,,,,,,19,2,,,,,,,,,,,,,,,,,,,,,,,,
6th Mar 2025 22:00,,,,,,,12,13,,,,,,,,,,,,,,,,,,,,,,,,
6th Mar 2025 23:00,,,,,,,1,13,,,,,,,,,,,,,,,,,,,,,,,,
7th Mar 2025 00:00,,,,,,,9,0,,,,,,,,,,,,,,,,,,,,,,,,
7th Mar 2025 01:00,,,,,,,1,1,,,,,,,,,,,,,,,,,,,,,,,,
7th Mar 2025 02:00,,,,,,,5,1,,,,,,,,,,,,,,,,,,,,,,,,
7th Mar 2025 03:00,,,,,,,9,0,,,,,,,,,,,,,,,,,,,,,,,,
7th Mar 2025 04:00,,,,,,,2,2,,,,,,,,,,,,,,,,,,,,,,,,
7th Mar 2025 05:00,,,,,,,11,2,,,,,,,,,,,,,,,,,,,,,,,,
7th Mar 2025 06:00,,,,,,,8,9,,,,,,,,,,,,,,,,,,,,,,,,
7th Mar 2025 07:00,,,,,,,25,11,,,,,,,,,,,,,,,,,,,,,,,,
7th Mar 2025 08:00,,,,,,,25,16,,,,,,,,,,,,,,,,,,,,,,,,
7th Mar 2025 09:00,,,,,,,25,11,,,,,,,,,,,,,,,,,,,,,,,,
7th Mar 2025 10:00,,,,,,,9,10,,,,,,,,,,,,,,,,,,,,,,,,
7th Mar 2025 11:00,,,,,,,10,15,,,,,,,,,,,,,,,,,,,,,,,,
7th Mar 2025 12:00,,,,,,,15,11,,,,,,,,,,,,,,,,,,,,,,,,
7th Mar 2025 13:00,,,,,,,23,8,,,,,,,,,,,,,,,,,,,,,,,,
7th Mar 2025 14:00,,,,,,,12,13,,,,,,,,,,,,,,,,,,,,,,,,
7th Mar 2025 15:00,,,,,,,18,16,,,,,,,,,,,,,,,,,,,,,,,,
7th Mar 2025 16:00,,,,,,,16,25,,,,,,,,,,,,,,,,,,,,,,,,
7th Mar 2025 17:00,,,,,,,25,29,,,,,,,,,,,,,,,,,,,,,,,,
7th Mar 2025 18:00,,,,,,,25,30,,,,,,,,,,,,,,,,,,,,,,,,
7th Mar 2025 19:00,,,,,,,19,9,,,,,,,,,,,,,,,,,,,,,,,,
7th Mar 2025 20:00,,,,,,,39,11,,,,,,,,,,,,,,,,,,,,,,,,
7th Mar 2025 21:00,,,,,,,19,5,,,,,,,,,,,,,,,,,,,,,,,,
7th Mar 2025 22:00,,,,,,,12,7,,,,,,,,,,,,,,,,,,,,,,,,
7th Mar 2025 23:00,,,,,,,10,8,,,,,,,,,,,,,,,,,,,,,,,,
8th Mar 2025 00:00,,,,,,,6,2,,,,,,,,,,,,,,,,,,,,,,,,
8th Mar 2025 01:00,,,,,,,5,2,,,,,,,,,,,,,,,,,,,,,,,,
8th Mar 2025 02:00,,,,,,,0,0,,,,,,,,,,,,,,,,,,,,,,,,
8th Mar 2025 03:00,,,,,,,0,0,,,,,,,,,,,,,,,,,,,,,,,,
8th Mar 2025 04:00,,,,,,,5,0,,,,,,,,,,,,,,,,,,,,,,,,
8th Mar 2025 05:00,,,,,,,8,0,,,,,,,,,,,,,,,,,,,,,,,,
8th Mar 2025 06:00,,,,,,,14,3,,,,,,,,,,,,,,,,,,,,,,,,
8th Mar 2025 07:00,,,,,,,14,8,,,,,,,,,,,,,,,,,,,,,,,,
8th Mar 2025 08:00,,,,,,,18,9,,,,,,,,,,,,,,,,,,,,,,,,
8th Mar 2025 09:00,,,,,,,8,8,,,,,,,,,,,,,,,,,,,,,,,,
8th Mar 2025 10:00,,,,,,,18,13,,,,,,,,,,,,,,,,,,,,,,,,
8th Mar 2025 11:00,,,,,,,11,2,,,,,,,,,,,,,,,,,,,,,,,,
8th Mar 2025 12:00,,,,,,,22,15,,,,,,,,,,,,,,,,,,,,,,,,
8th Mar 2025 13:00,,,,,,,17,12,,,,,,,,,,,,,,,,,,,,,,,,
8th Mar 2025 14:00,,,,,,,18,7,,,,,,,,,,,,,,,,,,,,,,,,
8th Mar 2025 15:00,,,,,,,22,13,,,,,,,,,,,,,,,,,,,,,,,,
8th Mar 2025 16:00,,,,,,,29,11,,,,,,,,,,,,,,,,,,,,,,,,
8th Mar 2025 17:00,,,,,,,27,8,,,,,,,,,,,,,,,,,,,,,,,,
8th Mar 2025 18:00,,,,,,,19,6,,,,,,,,,,,,,,,,,,,,,,,,
8th Mar 2025 19:00,,,,,,,17,15,,,,,,,,,,,,,,,,,,,,,,,,
8th Mar 2025 20:00,,,,,,,17,10,,,,,,,,,,,,,,,,,,,,,,,,
8th Mar 2025 21:00,,,,,,,17,11,,,,,,,,,,,,,,,,,,,,,,,,
8th Mar 2025 22:00,,,,,,,11,8,,,,,,,,,,,,,,,,,,,,,,,,
8th Mar 2025 23:00,,,,,,,7,5,,,,,,,,,,,,,,,,,,,,,,,,
9th Mar 2025 00:00,,,,,,,6,3,,,,,,,,,,,,,,,,,,,,,,,,
9th Mar 2025 01:00,,,,,,,1,0,,,,,,,,,,,,,,,,,,,,,,,,
9th Mar 2025 02:00,,,,,,,3,1,,,,,,,,,,,,,,,,,,,,,,,,
9th Mar 2025 03:00,,,,,,,2,0,,,,,,,,,,,,,,,,,,,,,,,,
9th Mar 2025 04:00,,,,,,,4,0,,,,,,,,,,,,,,,,,,,,,,,,
9th Mar 2025 05:00,,,,,,,4,1,,,,,,,,,,,,,,,,,,,,,,,,
9th Mar 2025 06:00,,,,,,,11,6,,,,,,,,,,,,,,,,,,,,,,,,
9th Mar 2025 07:00,,,,,,,9,1,,,,,,,,,,,,,,,,,,,,,,,,
9th Mar 2025 08:00,,,,,,,18,6,,,,,,,,,,,,,,,,,,,,,,,,
9th Mar 2025 09:00,,,,,,,10,4,,,,,,,,,,,,,,,,,,,,,,,,
9th Mar 2025 10:00,,,,,,,28,14,,,,,,,,,,,,,,,,,,,,,,,,
9th Mar 2025 11:00,,,,,,,17,10,,,,,,,,,,,,,,,,,,,,,,,,
9th Mar 2025 12:00,,,,,,,23,18,,,,,,,,,,,,,,,,,,,,,,,,
9th Mar 2025 13:00,,,,,,,9,0,,,,,,,,,,,,,,,,,,,,,,,,
9th Mar 2025 14:00,,,,,,,18,12,,,,,,,,,,,,,,,,,,,,,,,,
9th Mar 2025 15:00,,,,,,,11,13,,,,,,,,,,,,,,,,,,,,,,,,
9th Mar 2025 16:00,,,,,,,18,9,,,,,,,,,,,,,,,,,,,,,,,,
9th Mar 2025 17:00,,,,,,,17,7,,,,,,,,,,,,,,,,,,,,,,,,
9th Mar 2025 18:00,,,,,,,15,11,,,,,,,,,,,,,,,,,,,,,,,,
9th Mar 2025 19:00,,,,,,,11,10,,,,,,,,,,,,,,,,,,,,,,,,
9th Mar 2025 20:00,,,,,,,23,11,,,,,,,,,,,,,,,,,,,,,,,,
9th Mar 2025 21:00,,,,,,,18,5,,,,,,,,,,,,,,,,,,,,,,,,
9th Mar 2025 22:00,,,,,,,16,5,,,,,,,,,,,,,,,,,,,,,,,,
9th Mar 2025 23:00,,,,,,,6,1,,,,,,,,,,,,,,,,,,,,,,,,
10th Mar 2025 00:00,,,,,,,4,1,,,,,,,,,,,,,,,,,,,,,,,,
10th Mar 2025 01:00,,,,,,,0,0,,,,,,,,,,,,,,,,,,,,,,,,
10th Mar 2025 02:00,,,,,,,2,0,,,,,,,,,,,,,,,,,,,,,,,,
10th Mar 2025 03:00,,,,,,,3,0,,,,,,,,,,,,,,,,,,,,,,,,
10th Mar 2025 04:00,,,,,,,4,0,,,,,,,,,,,,,,,,,,,,,,,,
10th Mar 2025 05:00,,,,,,,13,2,,,,,,,,,,,,,,,,,,,,,,,,
10th Mar 2025 06:00,,,,,,,7,5,,,,,,,,,,,,,,,,,,,,,,,,
10th Mar 2025 07:00,,,,,,,18,21,,,,,,,,,,,,,,,,,,,,,,,,
10th Mar 2025 08:00,,,,,,,39,68,,,,,,,,,,,,,,,,,,,,,,,,
10th Mar 2025 09:00,,,,,,,16,6,,,,,,,,,,,,,,,,,,,,,,,,
10th Mar 2025 10:00,,,,,,,24,9,,,,,,,,,,,,,,,,,,,,,,,,
10th Mar 2025 11:00,,,,,,,19,11,,,,,,,,,,,,,,,,,,,,,,,,
10th Mar 2025 12:00,,,,,,,11,16,,,,,,,,,,,,,,,,,,,,,,,,
10th Mar 2025 13:00,,,,,,,22,15,,,,,,,,,,,,,,,,,,,,,,,,
10th Mar 2025 14:00,,,,,,,23,9,,,,,,,,,,,,,,,,,,,,,,,,
10th Mar 2025 15:00,,,,,,,17,22,,,,,,,,,,,,,,,,,,,,,,,,
10th Mar 2025 16:00,,,,,,,32,15,,,,,,,,,,,,,,,,,,,,,,,,
10th Mar 2025 17:00,,,,,,,25,16,,,,,,,,,,,,,,,,,,,,,,,,
10th Mar 2025 18:00,,,,,,,33,17,,,,,,,,,,,,,,,,,,,,,,,,
10th Mar 2025 19:00,,,,,,,17,7,,,,,,,,,,,,,,,,,,,,,,,,
10th Mar 2025 20:00,,,,,,,8,14,,,,,,,,,,,,,,,,,,,,,,,,
10th Mar 2025 21:00,,,,,,,13,4,,,,,,,,,,,,,,,,,,,,,,,,
10th Mar 2025 22:00,,,,,,,14,15,,,,,,,,,,,,,,,,,,,,,,,,
10th Mar 2025 23:00,,,,,,,2,6,,,,,,,,,,,,,,,,,,,,,,,,
11th Mar 2025 00:00,,,,,,,9,0,,,,,,,,,,,,,,,,,,,,,,,,
11th Mar 2025 01:00,,,,,,,0,0,,,,,,,,,,,,,,,,,,,,,,,,
11th Mar 2025 02:00,,,,,,,0,0,,,,,,,,,,,,,,,,,,,,,,,,
11th Mar 2025 03:00,,,,,,,2,1,,,,,,,,,,,,,,,,,,,,,,,,
11th Mar 2025 04:00,,,,,,,4,0,,,,,,,,,,,,,,,,,,,,,,,,
11th Mar 2025 05:00,,,,,,,19,4,,,,,,,,,,,,,,,,,,,,,,,,
11th Mar 2025 06:00,,,,,,,12,4,,,,,,,,,,,,,,,,,,,,,,,,
11th Mar 2025 07:00,,,,,,,9,6,,,,,,,,,,,,,,,,,,,,,,,,
11th Mar 2025 08:00,,,,,,,12,11,,,,,,,,,,,,,,,,,,,,,,,,
11th Mar 2025 09:00,,,,,,,11,3,,,,,,,,,,,,,,,,,,,,,,,,
11th Mar 2025 10:00,,,,,,,15,4,,,,,,,,,,,,,,,,,,,,,,,,
11th Mar 2025 11:00,,,,,,,8,10,,,,,,,,,,,,,,,,,,,,,,,,
11th Mar 2025 12:00,,,,,,,14,6,,,,,,,,,,,,,,,,,,,,,,,,
11th Mar 2025 13:00,,,,,,,14,8,,,,,,,,,,,,,,,,,,,,,,,,
11th Mar 2025 14:00,,,,,,,21,17,,,,,,,,,,,,,,,,,,,,,,,,
11th Mar 2025 15:00,,,,,,,18,28,,,,,,,,,,,,,,,,,,,,,,,,
11th Mar 2025 16:00,,,,,,,17,17,,,,,,,,,,,,,,,,,,,,,,,,
11th Mar 2025 17:00,,,,,,,14,9,,,,,,,,,,,,,,,,,,,,,,,,
11th Mar 2025 18:00,,,,,,,19,15,,,,,,,,,,,,,,,,,,,,,,,,
11th Mar 2025 19:00,,,,,,,18,6,,,,,,,,,,,,,,,,,,,,,,,,
11th Mar 2025 20:00,,,,,,,9,3,,,,,,,,,,,,,,,,,,,,,,,,
11th Mar 2025 21:00,,,,,,,20,4,,,,,,,,,,,,,,,,,,,,,,,,
11th Mar 2025 22:00,,,,,,,10,2,,,,,,,,,,,,,,,,,,,,,,,,
11th Mar 2025 23:00,,,,,,,9,1,,,,,,,,,,,,,,,,,,,,,,,,
12th Mar 2025 00:00,,,,,,,7,1,,,,,,,,,,,,,,,,,,,,,,,,
12th Mar 2025 01:00,,,,,,,0,0,,,,,,,,,,,,,,,,,,,,,,,,
12th Mar 2025 02:00,,,,,,,0,0,,,,,,,,,,,,,,,,,,,,,,,,
12th Mar 2025 03:00,,,,,,,2,0,,,,,,,,,,,,,,,,,,,,,,,,
12th Mar 2025 04:00,,,,,,,7,1,,,,,,,,,,,,,,,,,,,,,,,,
12th Mar 2025 05:00,,,,,,,10,3,,,,,,,,,,,,,,,,,,,,,,,,
12th Mar 2025 06:00,,,,,,,19,3,,,,,,,,,,,,,,,,,,,,,,,,
12th Mar 2025 07:00,,,,,,,17,20,,,,,,,,,,,,,,,,,,,,,,,,
12th Mar 2025 08:00,,,,,,,25,12,,,,,,,,,,,,,,,,,,,,,,,,
12th Mar 2025 09:00,,,,,,,23,16,,,,,,,,,,,,,,,,,,,,,,,,
12th Mar 2025 10:00,,,,,,,18,11,,,,,,,,,,,,,,,,,,,,,,,,
12th Mar 2025 11:00,,,,,,,10,11,,,,,,,,,,,,,,,,,,,,,,,,
12th Mar 2025 12:00,,,,,,,19,12,,,,,,,,,,,,,,,,,,,,,,,,
12th Mar 2025 13:00,,,,,,,16,23,,,,,,,,,,,,,,,,,,,,,,,,
12th Mar 2025 14:00,,,,,,,13,19,,,,,,,,,,,,,,,,,,,,,,,,
12th Mar 2025 15:00,,,,,,,27,20,,,,,,,,,,,,,,,,,,,,,,,,
12th Mar 2025 16:00,,,,,,,14,8,,,,,,,,,,,,,,,,,,,,,,,,
12th Mar 2025 17:00,,,,,,,31,22,,,,,,,,,,,,,,,,,,,,,,,,
12th Mar 2025 18:00,,,,,,,24,22,,,,,,,,,,,,,,,,,,,,,,,,
12th Mar 2025 19:00,,,,,,,19,26,,,,,,,,,,,,,,,,,,,,,,,,
12th Mar 2025 20:00,,,,,,,19,5,,,,,,,,,,,,,,,,,,,,,,,,
12th Mar 2025 21:00,,,,,,,16,10,,,,,,,,,,,,,,,,,,,,,,,,
12th Mar 2025 22:00,,,,,,,24,13,,,,,,,,,,,,,,,,,,,,,,,,
12th Mar 2025 23:00,,,,,,,6,3,,,,,,,,,,,,,,,,,,,,,,,,
13th Mar 2025 00:00,,,,,,,8,3,,,,,,,,,,,,,,,,,,,,,,,,
13th Mar 2025 01:00,,,,,,,2,0,,,,,,,,,,,,,,,,,,,,,,,,
13th Mar 2025 02:00,,,,,,,2,0,,,,,,,,,,,,,,,,,,,,,,,,
13th Mar 2025 03:00,,,,,,,3,0,,,,,,,,,,,,,,,,,,,,,,,,
13th Mar 2025 04:00,,,,,,,5,3,,,,,,,,,,,,,,,,,,,,,,,,
13th Mar 2025 05:00,,,,,,,18,4,,,,,,,,,,,,,,,,,,,,,,,,
13th Mar 2025 06:00,,,,,,,12,4,,,,,,,,,,,,,,,,,,,,,,,,
13th Mar 2025 07:00,,,,,,,23,10,,,,,,,,,,,,,,,,,,,,,,,,
13th Mar 2025 08:00,,,,,,,26,17,,,,,,,,,,,,,,,,,,,,,,,,
13th Mar 2025 09:00,,,,,,,25,11,,,,,,,,,,,,,,,,,,,,,,,,
13th Mar 2025 10:00,,,,,,,16,7,,,,,,,,,,,,,,,,,,,,,,,,
13th Mar 2025 11:00,,,,,,,13,11,,,,,,,,,,,,,,,,,,,,,,,,
13th Mar 2025 12:00,,,,,,,13,9,,,,,,,,,,,,,,,,,,,,,,,,
13th Mar 2025 13:00,,,,,,,4,5,,,,,,,,,,,,,,,,,,,,,,,,
13th Mar 2025 14:00,,,,,,,5,15,,,,,,,,,,,,,,,,,,,,,,,,
13th Mar 2025 15:00,,,,,,,25,25,,,,,,,,,,,,,,,,,,,,,,,,
13th Mar 2025 16:00,,,,,,,18,16,,,,,,,,,,,,,,,,,,,,,,,,
13th Mar 2025 17:00,,,,,,,21,27,,,,,,,,,,,,,,,,,,,,,,,,
13th Mar 2025 18:00,,,,,,,25,16,,,,,,,,,,,,,,,,,,,,,,,,
13th Mar 2025 19:00,,,,,,,23,12,,,,,,,,,,,,,,,,,,,,,,,,
13th Mar 2025 20:00,,,,,,,19,8,,,,,,,,,,,,,,,,,,,,,,,,
13th Mar 2025 21:00,,,,,,,14,6,,,,,,,,,,,,,,,,,,,,,,,,
13th Mar 2025 22:00,,,,,,,20,13,,,,,,,,,,,,,,,,,,,,,,,,
13th Mar 2025 23:00,,,,,,,8,14,,,,,,,,,,,,,,,,,,,,,,,,
14th Mar 2025 00:00,,,,,,,5,1,,,,,,,,,,,,,,,,,,,,,,,,
14th Mar 2025 01:00,,,,,,,0,0,,,,,,,,,,,,,,,,,,,,,,,,
14th Mar 2025 02:00,,,,,,,1,0,,,,,,,,,,,,,,,,,,,,,,,,
14th Mar 2025 03:00,,,,,,,2,0,,,,,,,,,,,,,,,,,,,,,,,,
14th Mar 2025 04:00,,,,,,,6,1,,,,,,,,,,,,,,,,,,,,,,,,
14th Mar 2025 05:00,,,,,,,11,2,,,,,,,,,,,,,,,,,,,,,,,,
14th Mar 2025 06:00,,,,,,,14,9,,,,,,,,,,,,,,,,,,,,,,,,
14th Mar 2025 07:00,,,,,,,14,8,,,,,,,,,,,,,,,,,,,,,,,,
14th Mar 2025 08:00,,,,,,,19,17,,,,,,,,,,,,,,,,,,,,,,,,
14th Mar 2025 09:00,,,,,,,16,18,,,,,,,,,,,,,,,,,,,,,,,,
14th Mar 2025 10:00,,,,,,,10,9,,,,,,,,,,,,,,,,,,,,,,,,
14th Mar 2025 11:00,,,,,,,12,12,,,,,,,,,,,,,,,,,,,,,,,,
14th Mar 2025 12:00,,,,,,,9,20,,,,,,,,,,,,,,,,,,,,,,,,
14th Mar 2025 13:00,,,,,,,11,9,,,,,,,,,,,,,,,,,,,,,,,,
14th Mar 2025 14:00,,,,,,,27,12,,,,,,,,,,,,,,,,,,,,,,,,
14th Mar 2025 15:00,,,,,,,40,19,,,,,,,,,,,,,,,,,,,,,,,,
14th Mar 2025 16:00,,,,,,,11,17,,,,,,,,,,,,,,,,,,,,,,,,
14th Mar 2025 17:00,,,,,,,15,9,,,,,,,,,,,,,,,,,,,,,,,,
14th Mar 2025 18:00,,,,,,,18,22,,,,,,,,,,,,,,,,,,,,,,,,
14th Mar 2025 19:00,,,,,,,19,25,,,,,,,,,,,,,,,,,,,,,,,,
14th Mar 2025 20:00,,,,,,,18,10,,,,,,,,,,,,,,,,,,,,,,,,
14th Mar 2025 21:00,,,,,,,10,9,,,,,,,,,,,,,,,,,,,,,,,,
14th Mar 2025 22:00,,,,,,,5,10,,,,,,,,,,,,,,,,,,,,,,,,
14th Mar 2025 23:00,,,,,,,4,5,,,,,,,,,,,,,,,,,,,,,,,,
15th Mar 2025 00:00,,,,,,,8,3,,,,,,,,,,,,,,,,,,,,,,,,
15th Mar 2025 01:00,,,,,,,5,3,,,,,,,,,,,,,,,,,,,,,,,,
15th Mar 2025 02:00,,,,,,,3,0,,,,,,,,,,,,,,,,,,,,,,,,
15th Mar 2025 03:00,,,,,,,2,0,,,,,,,,,,,,,,,,,,,,,,,,
15th Mar 2025 04:00,,,,,,,6,0,,,,,,,,,,,,,,,,,,,,,,,,
15th Mar 2025 05:00,,,,,,,8,1,,,,,,,,,,,,,,,,,,,,,,,,
15th Mar 2025 06:00,,,,,,,15,21,,,,,,,,,,,,,,,,,,,,,,,,
15th Mar 2025 07:00,,,,,,,18,15,,,,,,,,,,,,,,,,,,,,,,,,
15th Mar 2025 08:00,,,,,,,11,16,,,,,,,,,,,,,,,,,,,,,,,,
15th Mar 2025 09:00,,,,,,,11,14,,,,,,,,,,,,,,,,,,,,,,,,
15th Mar 2025 10:00,,,,,,,25,8,,,,,,,,,,,,,,,,,,,,,,,,
15th Mar 2025 11:00,,,,,,,11,11,,,,,,,,,,,,,,,,,,,,,,,,
15th Mar 2025 12:00,,,,,,,18,13,,,,,,,,,,,,,,,,,,,,,,,,
15th Mar 2025 13:00,,,,,,,25,13,,,,,,,,,,,,,,,,,,,,,,,,
15th Mar 2025 14:00,,,,,,,5,9,,,,,,,,,,,,,,,,,,,,,,,,
15th Mar 2025 15:00,,,,,,,7,13,,,,,,,,,,,,,,,,,,,,,,,,
15th Mar 2025 16:00,,,,,,,16,10,,,,,,,,,,,,,,,,,,,,,,,,
15th Mar 2025 17:00,,,,,,,15,7,,,,,,,,,,,,,,,,,,,,,,,,
15th Mar 2025 18:00,,,,,,,17,7,,,,,,,,,,,,,,,,,,,,,,,,
15th Mar 2025 19:00,,,,,,,5,12,,,,,,,,,,,,,,,,,,,,,,,,
15th Mar 2025 20:00,,,,,,,4,4,,,,,,,,,,,,,,,,,,,,,,,,
15th Mar 2025 21:00,,,,,,,8,7,,,,,,,,,,,,,,,,,,,,,,,,
15th Mar 2025 22:00,,,,,,,13,6,,,,,,,,,,,,,,,,,,,,,,,,
15th Mar 2025 23:00,,,,,,,8,8,,,,,,,,,,,,,,,,,,,,,,,,
16th Mar 2025 00:00,,,,,,,5,3,,,,,,,,,,,,,,,,,,,,,,,,
16th Mar 2025 01:00,,,,,,,3,0,,,,,,,,,,,,,,,,,,,,,,,,
16th Mar 2025 02:00,,,,,,,4,0,,,,,,,,,,,,,,,,,,,,,,,,
16th Mar 2025 03:00,,,,,,,0,1,,,,,,,,,,,,,,,,,,,,,,,,
16th Mar 2025 04:00,,,,,,,2,1,,,,,,,,,,,,,,,,,,,,,,,,
16th Mar 2025 05:00,,,,,,,5,2,,,,,,,,,,,,,,,,,,,,,,,,
16th Mar 2025 06:00,,,,,,,7,3,,,,,,,,,,,,,,,,,,,,,,,,
16th Mar 2025 07:00,,,,,,,24,8,,,,,,,,,,,,,,,,,,,,,,,,
16th Mar 2025 08:00,,,,,,,5,6,,,,,,,,,,,,,,,,,,,,,,,,
16th Mar 2025 09:00,,,,,,,,,,,,,,,,,,,,,,,,,,,,,,,,
16th Mar 2025 10:00,,,,,,,,,,,,,,,,,,,,,,,,,,,,,,,,
16th Mar 2025 11:00,,,,,,,,,,,,,,,,,,,,,,,,,,,,,,,,
16th Mar 2025 12:00,,,,,,,,,,,,,,,,,,,,,,,,,,,,,,,,
16th Mar 2025 13:00,,,,,,,,,,,,,,,,,,,,,,,,,,,,,,,,
16th Mar 2025 14:00,,,,,,,,,,,,,,,,,,,,,,,,,,,,,,,,
16th Mar 2025 15:00,,,,,,,,,,,,,,,,,,,,,,,,,,,,,,,,
16th Mar 2025 16:00,,,,,,,,,,,,,,,,,,,,,,,,,,,,,,,,
16th Mar 2025 17:00,,,,,,,,,,,,,,,,,,,,,,,,,,,,,,,,
16th Mar 2025 18:00,,,,,,,,,,,,,,,,,,,,,,,,,,,,,,,,
16th Mar 2025 19:00,,,,,,,,,,,,,,,,,,,,,,,,,,,,,,,,
16th Mar 2025 20:00,,,,,,,,,,,,,,,,,,,,,,,,,,,,,,,,
16th Mar 2025 21:00,,,,,,,,,,,,,,,,,,,,,,,,,,,,,,,,
16th Mar 2025 22:00,,,,,,,,,,,,,,,,,,,,,,,,,,,,,,,,
16th Mar 2025 23:00,,,,,,,,,,,,,,,,,,,,,,,,,,,,,,,,
17th Mar 2025 00:00,,,,,,,,,,,,,,,,,,,,,,,,,,,,,,,,
17th Mar 2025 01:00,,,,,,,,,,,,,,,,,,,,,,,,,,,,,,,,
17th Mar 2025 02:00,,,,,,,,,,,,,,,,,,,,,,,,,,,,,,,,
17th Mar 2025 03:00,,,,,,,,,,,,,,,,,,,,,,,,,,,,,,,,
17th Mar 2025 04:00,,,,,,,,,,,,,,,,,,,,,,,,,,,,,,,,
17th Mar 2025 05:00,,,,,,,,,,,,,,,,,,,,,,,,,,,,,,,,
17th Mar 2025 06:00,,,,,,,,,,,,,,,,,,,,,,,,,,,,,,,,
17th Mar 2025 07:00,,,,,,,,,,,,,,,,,,,,,,,,,,,,,,,,
17th Mar 2025 08:00,,,,,,,,,,,,,,,,,,,,,,,,,,,,,,,,
17th Mar 2025 09:00,,,,,,,,,,,,,,,,,,,,,,,,,,,,,,,,
17th Mar 2025 10:00,,,,,,,,,,,,,,,,,,,,,,,,,,,,,,,,
17th Mar 2025 11:00,,,,,,,,,,,,,,,,,,,,,,,,,,,,,,,,
17th Mar 2025 12:00,,,,,,,,,,,,,,,,,,,,,,,,,,,,,,,,
17th Mar 2025 13:00,,,,,,,,,,,,,,,,,,,,,,,,,,,,,,,,
17th Mar 2025 14:00,,,,,,,,,,,,,,,,,,,,,,,,,,,,,,,,
17th Mar 2025 15:00,,,,,,,,,,,,,,,,,,,,,,,,,,,,,,,,
17th Mar 2025 16:00,,,,,,,,,,,,,,,,,,,,,,,,,,,,,,,,
17th Mar 2025 17:00,,,,,,,,,,,,,,,,,,,,,,,,,,,,,,,,
17th Mar 2025 18:00,,,,,,,,,,,,,,,,,,,,,,,,,,,,,,,,
17th Mar 2025 19:00,,,,,,,,,,,,,,,,,,,,,,,,,,,,,,,,
17th Mar 2025 20:00,,,,,,,,,,,,,,,,,,,,,,,,,,,,,,,,
17th Mar 2025 21:00,,,,,,,,,,,,,,,,,,,,,,,,,,,,,,,,
17th Mar 2025 22:00,,,,,,,,,,,,,,,,,,,,,,,,,,,,,,,,
17th Mar 2025 23:00,,,,,,,,,,,,,,,,,,,,,,,,,,,,,,,,
18th Mar 2025 00:00,,,,,,,,,,,,,,,,,,,,,,,,,,,,,,,,
18th Mar 2025 01:00,,,,,,,,,,,,,,,,,,,,,,,,,,,,,,,,
18th Mar 2025 02:00,,,,,,,,,,,,,,,,,,,,,,,,,,,,,,,,
18th Mar 2025 03:00,,,,,,,,,,,,,,,,,,,,,,,,,,,,,,,,
18th Mar 2025 04:00,,,,,,,,,,,,,,,,,,,,,,,,,,,,,,,,
18th Mar 2025 05:00,,,,,,,,,,,,,,,,,,,,,,,,,,,,,,,,
18th Mar 2025 06:00,,,,,,,,,,,,,,,,,,,,,,,,,,,,,,,,
18th Mar 2025 07:00,,,,,,,,,,,,,,,,,,,,,,,,,,,,,,,,
18th Mar 2025 08:00,,,,,,,,,,,,,,,,,,,,,,,,,,,,,,,,
18th Mar 2025 09:00,,,,,,,,,,,,,,,,,,,,,,,,,,,,,,,,
18th Mar 2025 10:00,,,,,,,,,,,,,,,,,,,,,,,,,,,,,,,,
18th Mar 2025 11:00,,,,,,,,,,,,,,,,,,,,,,,,,,,,,,,,
18th Mar 2025 12:00,,,,,,,,,,,,,,,,,,,,,,,,,,,,,,,,
18th Mar 2025 13:00,,,,,,,,,,,,,,,,,,,,,,,,,,,,,,,,
18th Mar 2025 14:00,,,,,,,,,,,,,,,,,,,,,,,,,,,,,,,,
18th Mar 2025 15:00,,,,,,,,,,,,,,,,,,,,,,,,,,,,,,,,
18th Mar 2025 16:00,,,,,,,,,,,,,,,,,,,,,,,,,,,,,,,,
18th Mar 2025 17:00,,,,,,,,,,,,,,,,,,,,,,,,,,,,,,,,
18th Mar 2025 18:00,,,,,,,,,,,,,,,,,,,,,,,,,,,,,,,,
18th Mar 2025 19:00,,,,,,,,,,,,,,,,,,,,,,,,,,,,,,,,
18th Mar 2025 20:00,,,,,,,,,,,,,,,,,,,,,,,,,,,,,,,,
18th Mar 2025 21:00,,,,,,,,,,,,,,,,,,,,,,,,,,,,,,,,
18th Mar 2025 22:00,,,,,,,,,,,,,,,,,,,,,,,,,,,,,,,,
18th Mar 2025 23:00,,,,,,,,,,,,,,,,,,,,,,,,,,,,,,,,
19th Mar 2025 00:00,,,,,,,,,,,,,,,,,,,,,,,,,,,,,,,,
19th Mar 2025 01:00,,,,,,,,,,,,,,,,,,,,,,,,,,,,,,,,
19th Mar 2025 02:00,,,,,,,,,,,,,,,,,,,,,,,,,,,,,,,,
19th Mar 2025 03:00,,,,,,,,,,,,,,,,,,,,,,,,,,,,,,,,
19th Mar 2025 04:00,,,,,,,,,,,,,,,,,,,,,,,,,,,,,,,,
19th Mar 2025 05:00,,,,,,,,,,,,,,,,,,,,,,,,,,,,,,,,
19th Mar 2025 06:00,,,,,,,,,,,,,,,,,,,,,,,,,,,,,,,,
19th Mar 2025 07:00,,,,,,,,,,,,,,,,,,,,,,,,,,,,,,,,
19th Mar 2025 08:00,,,,,,,,,,,,,,,,,,,,,,,,,,,,,,,,
19th Mar 2025 09:00,,,,,,,,,,,,,,,,,,,,,,,,,,,,,,,,
19th Mar 2025 10:00,,,,,,,,,,,,,,,,,,,,,,,,,,,,,,,,
19th Mar 2025 11:00,,,,,,,,,,,,,,,,,,,,,,,,,,,,,,,,
19th Mar 2025 12:00,,,,,,,,,,,,,,,,,,,,,,,,,,,,,,,,
19th Mar 2025 13:00,,,,,,,,,,,,,,,,,,,,,,,,,,,,,,,,
19th Mar 2025 14:00,,,,,,,,,,,,,,,,,,,,,,,,,,,,,,,,
19th Mar 2025 15:00,,,,,,,,,,,,,,,,,,,,,,,,,,,,,,,,
19th Mar 2025 16:00,,,,,,,,,,,,,,,,,,,,,,,,,,,,,,,,
19th Mar 2025 17:00,,,,,,,,,,,,,,,,,,,,,,,,,,,,,,,,
19th Mar 2025 18:00,,,,,,,,,,,,,,,,,,,,,,,,,,,,,,,,
19th Mar 2025 19:00,,,,,,,,,,,,,,,,,,,,,,,,,,,,,,,,
19th Mar 2025 20:00,,,,,,,,,,,,,,,,,,,,,,,,,,,,,,,,
19th Mar 2025 21:00,,,,,,,,,,,,,,,,,,,,,,,,,,,,,,,,
19th Mar 2025 22:00,,,,,,,,,,,,,,,,,,,,,,,,,,,,,,,,
19th Mar 2025 23:00,,,,,,,,,,,,,,,,,,,,,,,,,,,,,,,,
20th Mar 2025 00:00,,,,,,,,,,,,,,,,,,,,,,,,,,,,,,,,
20th Mar 2025 01:00,,,,,,,,,,,,,,,,,,,,,,,,,,,,,,,,
20th Mar 2025 02:00,,,,,,,,,,,,,,,,,,,,,,,,,,,,,,,,
20th Mar 2025 03:00,,,,,,,,,,,,,,,,,,,,,,,,,,,,,,,,
20th Mar 2025 04:00,,,,,,,,,,,,,,,,,,,,,,,,,,,,,,,,
20th Mar 2025 05:00,,,,,,,,,,,,,,,,,,,,,,,,,,,,,,,,
20th Mar 2025 06:00,,,,,,,,,,,,,,,,,,,,,,,,,,,,,,,,
20th Mar 2025 07:00,,,,,,,,,,,,,,,,,,,,,,,,,,,,,,,,
20th Mar 2025 08:00,,,,,,,,,,,,,,,,,,,,,,,,,,,,,,,,
20th Mar 2025 09:00,,,,,,,,,,,,,,,,,,,,,,,,,,,,,,,,
20th Mar 2025 10:00,,,,,,,,,,,,,,,,,,,,,,,,,,,,,,,,
20th Mar 2025 11:00,,,,,,,,,,,,,,,,,,,,,,,,,,,,,,,,
20th Mar 2025 12:00,,,,,,,,,,,,,,,,,,,,,,,,,,,,,,,,
20th Mar 2025 13:00,,,,,,,,,,,,,,,,,,,,,,,,,,,,,,,,
20th Mar 2025 14:00,,,,,,,,,,,,,,,,,,,,,,,,,,,,,,,,
20th Mar 2025 15:00,,,,,,,,,,,,,,,,,,,,,,,,,,,,,,,,
20th Mar 2025 16:00,,,,,,,,,,,,,,,,,,,,,,,,,,,,,,,,
20th Mar 2025 17:00,,,,,,,,,,,,,,,,,,,,,,,,,,,,,,,,
20th Mar 2025 18:00,,,,,,,,,,,,,,,,,,,,,,,,,,,,,,,,
20th Mar 2025 19:00,,,,,,,,,,,,,,,,,,,,,,,,,,,,,,,,
20th Mar 2025 20:00,,,,,,,,,,,,,,,,,,,,,,,,,,,,,,,,
20th Mar 2025 21:00,,,,,,,,,,,,,,,,,,,,,,,,,,,,,,,,
20th Mar 2025 22:00,,,,,,,,,,,,,,,,,,,,,,,,,,,,,,,,
20th Mar 2025 23:00,,,,,,,,,,,,,,,,,,,,,,,,,,,,,,,,
21st Mar 2025 00:00,,,,,,,,,,,,,,,,,,,,,,,,,,,,,,,,
21st Mar 2025 01:00,,,,,,,,,,,,,,,,,,,,,,,,,,,,,,,,
21st Mar 2025 02:00,,,,,,,,,,,,,,,,,,,,,,,,,,,,,,,,
21st Mar 2025 03:00,,,,,,,,,,,,,,,,,,,,,,,,,,,,,,,,
21st Mar 2025 04:00,,,,,,,,,,,,,,,,,,,,,,,,,,,,,,,,
21st Mar 2025 05:00,,,,,,,,,,,,,,,,,,,,,,,,,,,,,,,,
21st Mar 2025 06:00,,,,,,,,,,,,,,,,,,,,,,,,,,,,,,,,
21st Mar 2025 07:00,,,,,,,,,,,,,,,,,,,,,,,,,,,,,,,,
21st Mar 2025 08:00,,,,,,,,,,,,,,,,,,,,,,,,,,,,,,,,
21st Mar 2025 09:00,,,,,,,,,,,,,,,,,,,,,,,,,,,,,,,,
21st Mar 2025 10:00,,,,,,,,,,,,,,,,,,,,,,,,,,,,,,,,
21st Mar 2025 11:00,,,,,,,,,,,,,,,,,,,,,,,,,,,,,,,,
21st Mar 2025 12:00,,,,,,,,,,,,,,,,,,,,,,,,,,,,,,,,
21st Mar 2025 13:00,,,,,,,,,,,,,,,,,,,,,,,,,,,,,,,,
21st Mar 2025 14:00,,,,,,,,,,,,,,,,,,,,,,,,,,,,,,,,
21st Mar 2025 15:00,,,,,,,,,,,,,,,,,,,,,,,,,,,,,,,,
21st Mar 2025 16:00,,,,,,,,,,,,,,,,,,,,,,,,,,,,,,,,
21st Mar 2025 17:00,,,,,,,,,,,,,,,,,,,,,,,,,,,,,,,,
21st Mar 2025 18:00,,,,,,,,,,,,,,,,,,,,,,,,,,,,,,,,
21st Mar 2025 19:00,,,,,,,,,,,,,,,,,,,,,,,,,,,,,,,,
21st Mar 2025 20:00,,,,,,,,,,,,,,,,,,,,,,,,,,,,,,,,
21st Mar 2025 21:00,,,,,,,,,,,,,,,,,,,,,,,,,,,,,,,,
21st Mar 2025 22:00,,,,,,,,,,,,,,,,,,,,,,,,,,,,,,,,
21st Mar 2025 23:00,,,,,,,,,,,,,,,,,,,,,,,,,,,,,,,,
22nd Mar 2025 00:00,,,,,,,,,,,,,,,,,,,,,,,,,,,,,,,,
22nd Mar 2025 01:00,,,,,,,,,,,,,,,,,,,,,,,,,,,,,,,,
22nd Mar 2025 02:00,,,,,,,,,,,,,,,,,,,,,,,,,,,,,,,,
22nd Mar 2025 03:00,,,,,,,,,,,,,,,,,,,,,,,,,,,,,,,,
22nd Mar 2025 04:00,,,,,,,,,,,,,,,,,,,,,,,,,,,,,,,,
22nd Mar 2025 05:00,,,,,,,,,,,,,,,,,,,,,,,,,,,,,,,,
22nd Mar 2025 06:00,,,,,,,,,,,,,,,,,,,,,,,,,,,,,,,,
22nd Mar 2025 07:00,,,,,,,,,,,,,,,,,,,,,,,,,,,,,,,,
22nd Mar 2025 08:00,,,,,,,,,,,,,,,,,,,,,,,,,,,,,,,,
22nd Mar 2025 09:00,,,,,,,,,,,,,,,,,,,,,,,,,,,,,,,,
22nd Mar 2025 10:00,,,,,,,,,,,,,,,,,,,,,,,,,,,,,,,,
22nd Mar 2025 11:00,,,,,,,,,,,,,,,,,,,,,,,,,,,,,,,,
22nd Mar 2025 12:00,,,,,,,,,,,,,,,,,,,,,,,,,,,,,,,,
22nd Mar 2025 13:00,,,,,,,,,,,,,,,,,,,,,,,,,,,,,,,,
22nd Mar 2025 14:00,,,,,,,,,,,,,,,,,,,,,,,,,,,,,,,,
22nd Mar 2025 15:00,,,,,,,,,,,,,,,,,,,,,,,,,,,,,,,,
22nd Mar 2025 16:00,,,,,,,,,,,,,,,,,,,,,,,,,,,,,,,,
22nd Mar 2025 17:00,,,,,,,,,,,,,,,,,,,,,,,,,,,,,,,,
22nd Mar 2025 18:00,,,,,,,,,,,,,,,,,,,,,,,,,,,,,,,,
22nd Mar 2025 19:00,,,,,,,,,,,,,,,,,,,,,,,,,,,,,,,,
22nd Mar 2025 20:00,,,,,,,,,,,,,,,,,,,,,,,,,,,,,,,,
22nd Mar 2025 21:00,,,,,,,,,,,,,,,,,,,,,,,,,,,,,,,,
22nd Mar 2025 22:00,,,,,,,,,,,,,,,,,,,,,,,,,,,,,,,,
22nd Mar 2025 23:00,,,,,,,,,,,,,,,,,,,,,,,,,,,,,,,,
23rd Mar 2025 00:00,,,,,,,,,,,,,,,,,,,,,,,,,,,,,,,,
23rd Mar 2025 01:00,,,,,,,,,,,,,,,,,,,,,,,,,,,,,,,,
23rd Mar 2025 02:00,,,,,,,,,,,,,,,,,,,,,,,,,,,,,,,,
23rd Mar 2025 03:00,,,,,,,,,,,,,,,,,,,,,,,,,,,,,,,,
23rd Mar 2025 04:00,,,,,,,,,,,,,,,,,,,,,,,,,,,,,,,,
23rd Mar 2025 05:00,,,,,,,,,,,,,,,,,,,,,,,,,,,,,,,,
23rd Mar 2025 06:00,,,,,,,,,,,,,,,,,,,,,,,,,,,,,,,,
23rd Mar 2025 07:00,,,,,,,,,,,,,,,,,,,,,,,,,,,,,,,,
23rd Mar 2025 08:00,,,,,,,,,,,,,,,,,,,,,,,,,,,,,,,,
23rd Mar 2025 09:00,,,,,,,,,,,,,,,,,,,,,,,,,,,,,,,,
23rd Mar 2025 10:00,,,,,,,,,,,,,,,,,,,,,,,,,,,,,,,,
23rd Mar 2025 11:00,,,,,,,,,,,,,,,,,,,,,,,,,,,,,,,,
23rd Mar 2025 12:00,,,,,,,,,,,,,,,,,,,,,,,,,,,,,,,,
23rd Mar 2025 13:00,,,,,,,,,,,,,,,,,,,,,,,,,,,,,,,,
23rd Mar 2025 14:00,,,,,,,,,,,,,,,,,,,,,,,,,,,,,,,,
23rd Mar 2025 15:00,,,,,,,,,,,,,,,,,,,,,,,,,,,,,,,,
23rd Mar 2025 16:00,,,,,,,,,,,,,,,,,,,,,,,,,,,,,,,,
23rd Mar 2025 17:00,,,,,,,,,,,,,,,,,,,,,,,,,,,,,,,,
23rd Mar 2025 18:00,,,,,,,,,,,,,,,,,,,,,,,,,,,,,,,,
23rd Mar 2025 19:00,,,,,,,,,,,,,,,,,,,,,,,,,,,,,,,,
23rd Mar 2025 20:00,,,,,,,,,,,,,,,,,,,,,,,,,,,,,,,,
23rd Mar 2025 21:00,,,,,,,,,,,,,,,,,,,,,,,,,,,,,,,,
23rd Mar 2025 22:00,,,,,,,,,,,,,,,,,,,,,,,,,,,,,,,,
23rd Mar 2025 23:00,,,,,,,,,,,,,,,,,,,,,,,,,,,,,,,,
24th Mar 2025 00:00,,,,,,,,,,,,,,,,,,,,,,,,,,,,,,,,
24th Mar 2025 01:00,,,,,,,,,,,,,,,,,,,,,,,,,,,,,,,,
24th Mar 2025 02:00,,,,,,,,,,,,,,,,,,,,,,,,,,,,,,,,
24th Mar 2025 03:00,,,,,,,,,,,,,,,,,,,,,,,,,,,,,,,,
24th Mar 2025 04:00,,,,,,,,,,,,,,,,,,,,,,,,,,,,,,,,
24th Mar 2025 05:00,,,,,,,,,,,,,,,,,,,,,,,,,,,,,,,,
24th Mar 2025 06:00,,,,,,,,,,,,,,,,,,,,,,,,,,,,,,,,
24th Mar 2025 07:00,,,,,,,,,,,,,,,,,,,,,,,,,,,,,,,,
24th Mar 2025 08:00,,,,,,,,,,,,,,,,,,,,,,,,,,,,,,,,
24th Mar 2025 09:00,,,,,,,,,,,,,,,,,,,,,,,,,,,,,,,,
24th Mar 2025 10:00,,,,,,,,,,,,,,,,,,,,,,,,,,,,,,,,
24th Mar 2025 11:00,,,,,,,,,,,,,,,,,,,,,,,,,,,,,,,,
24th Mar 2025 12:00,,,,,,,,,,,,,,,,,,,,,,,,,,,,,,,,
24th Mar 2025 13:00,,,,,,,,,,,,,,,,,,,,,,,,,,,,,,,,
24th Mar 2025 14:00,,,,,,,,,,,,,,,,,,,,,,,,,,,,,,,,
24th Mar 2025 15:00,,,,,,,,,,,,,,,,,,,,,,,,,,,,,,,,
24th Mar 2025 16:00,,,,,,,,,,,,,,,,,,,,,,,,,,,,,,,,
24th Mar 2025 17:00,,,,,,,,,,,,,,,,,,,,,,,,,,,,,,,,
24th Mar 2025 18:00,,,,,,,,,,,,,,,,,,,,,,,,,,,,,,,,
24th Mar 2025 19:00,,,,,,,,,,,,,,,,,,,,,,,,,,,,,,,,
24th Mar 2025 20:00,,,,,,,,,,,,,,,,,,,,,,,,,,,,,,,,
24th Mar 2025 21:00,,,,,,,,,,,,,,,,,,,,,,,,,,,,,,,,
24th Mar 2025 22:00,,,,,,,,,,,,,,,,,,,,,,,,,,,,,,,,
24th Mar 2025 23:00,,,,,,,,,,,,,,,,,,,,,,,,,,,,,,,,
25th Mar 2025 00:00,,,,,,,,,,,,,,,,,,,,,,,,,,,,,,,,
25th Mar 2025 01:00,,,,,,,,,,,,,,,,,,,,,,,,,,,,,,,,
25th Mar 2025 02:00,,,,,,,,,,,,,,,,,,,,,,,,,,,,,,,,
25th Mar 2025 03:00,,,,,,,,,,,,,,,,,,,,,,,,,,,,,,,,
25th Mar 2025 04:00,,,,,,,,,,,,,,,,,,,,,,,,,,,,,,,,
25th Mar 2025 05:00,,,,,,,,,,,,,,,,,,,,,,,,,,,,,,,,
25th Mar 2025 06:00,,,,,,,,,,,,,,,,,,,,,,,,,,,,,,,,
25th Mar 2025 07:00,,,,,,,,,,,,,,,,,,,,,,,,,,,,,,,,
25th Mar 2025 08:00,,,,,,,,,,,,,,,,,,,,,,,,,,,,,,,,
25th Mar 2025 09:00,,,,,,,,,,,,,,,,,,,,,,,,,,,,,,,,
25th Mar 2025 10:00,,,,,,,,,,,,,,,,,,,,,,,,,,,,,,,,
25th Mar 2025 11:00,,,,,,,,,,,,,,,,,,,,,,,,,,,,,,,,
25th Mar 2025 12:00,,,,,,,,,,,,,,,,,,,,,,,,,,,,,,,,
25th Mar 2025 13:00,,,,,,,,,,,,,,,,,,,,,,,,,,,,,,,,
25th Mar 2025 14:00,,,,,,,,,,,,,,,,,,,,,,,,,,,,,,,,
25th Mar 2025 15:00,,,,,,,,,,,,,,,,,,,,,,,,,,,,,,,,
25th Mar 2025 16:00,,,,,,,,,,,,,,,,,,,,,,,,,,,,,,,,
25th Mar 2025 17:00,,,,,,,,,,,,,,,,,,,,,,,,,,,,,,,,
25th Mar 2025 18:00,,,,,,,,,,,,,,,,,,,,,,,,,,,,,,,,
25th Mar 2025 19:00,,,,,,,,,,,,,,,,,,,,,,,,,,,,,,,,
25th Mar 2025 20:00,,,,,,,,,,,,,,,,,,,,,,,,,,,,,,,,
25th Mar 2025 21:00,,,,,,,,,,,,,,,,,,,,,,,,,,,,,,,,
25th Mar 2025 22:00,,,,,,,,,,,,,,,,,,,,,,,,,,,,,,,,
25th Mar 2025 23:00,,,,,,,,,,,,,,,,,,,,,,,,,,,,,,,,
26th Mar 2025 00:00,,,,,,,,,,,,,,,,,,,,,,,,,,,,,,,,
26th Mar 2025 01:00,,,,,,,,,,,,,,,,,,,,,,,,,,,,,,,,
26th Mar 2025 02:00,,,,,,,,,,,,,,,,,,,,,,,,,,,,,,,,
26th Mar 2025 03:00,,,,,,,,,,,,,,,,,,,,,,,,,,,,,,,,
26th Mar 2025 04:00,,,,,,,,,,,,,,,,,,,,,,,,,,,,,,,,
26th Mar 2025 05:00,,,,,,,,,,,,,,,,,,,,,,,,,,,,,,,,
26th Mar 2025 06:00,,,,,,,,,,,,,,,,,,,,,,,,,,,,,,,,
26th Mar 2025 07:00,,,,,,,,,,,,,,,,,,,,,,,,,,,,,,,,
26th Mar 2025 08:00,,,,,,,,,,,,,,,,,,,,,,,,,,,,,,,,
26th Mar 2025 09:00,,,,,,,,,,,,,,,,,,,,,,,,,,,,,,,,
26th Mar 2025 10:00,,,,,,,,,,,,,,,,,,,,,,,,,,,,,,,,
26th Mar 2025 11:00,,,,,,,,,,,,,,,,,,,,,,,,,,,,,,,,
26th Mar 2025 12:00,,,,,,,,,,,,,,,,,,,,,,,,,,,,,,,,
26th Mar 2025 13:00,,,,,,,,,,,,,,,,,,,,,,,,,,,,,,,,
26th Mar 2025 14:00,,,,,,,,,,,,,,,,,,,,,,,,,,,,,,,,
26th Mar 2025 15:00,,,,,,,,,,,,,,,,,,,,,,,,,,,,,,,,
26th Mar 2025 16:00,,,,,,,,,,,,,,,,,,,,,,,,,,,,,,,,
26th Mar 2025 17:00,,,,,,,,,,,,,,,,,,,,,,,,,,,,,,,,
26th Mar 2025 18:00,,,,,,,,,,,,,,,,,,,,,,,,,,,,,,,,
26th Mar 2025 19:00,,,,,,,,,,,,,,,,,,,,,,,,,,,,,,,,
26th Mar 2025 20:00,,,,,,,,,,,,,,,,,,,,,,,,,,,,,,,,
26th Mar 2025 21:00,,,,,,,,,,,,,,,,,,,,,,,,,,,,,,,,
26th Mar 2025 22:00,,,,,,,,,,,,,,,,,,,,,,,,,,,,,,,,
26th Mar 2025 23:00,,,,,,,,,,,,,,,,,,,,,,,,,,,,,,,,
27th Mar 2025 00:00,,,,,,,,,,,,,,,,,,,,,,,,,,,,,,,,
27th Mar 2025 01:00,,,,,,,,,,,,,,,,,,,,,,,,,,,,,,,,
27th Mar 2025 02:00,,,,,,,,,,,,,,,,,,,,,,,,,,,,,,,,
27th Mar 2025 03:00,,,,,,,,,,,,,,,,,,,,,,,,,,,,,,,,
27th Mar 2025 04:00,,,,,,,,,,,,,,,,,,,,,,,,,,,,,,,,
27th Mar 2025 05:00,,,,,,,,,,,,,,,,,,,,,,,,,,,,,,,,
27th Mar 2025 06:00,,,,,,,,,,,,,,,,,,,,,,,,,,,,,,,,
27th Mar 2025 07:00,,,,,,,,,,,,,,,,,,,,,,,,,,,,,,,,
27th Mar 2025 08:00,,,,,,,,,,,,,,,,,,,,,,,,,,,,,,,,
27th Mar 2025 09:00,,,,,,,,,,,,,,,,,,,,,,,,,,,,,,,,
27th Mar 2025 10:00,,,,,,,,,,,,,,,,,,,,,,,,,,,,,,,,
27th Mar 2025 11:00,,,,,,,,,,,,,,,,,,,,,,,,,,,,,,,,
27th Mar 2025 12:00,,,,,,,,,,,,,,,,,,,,,,,,,,,,,,,,
27th Mar 2025 13:00,,,,,,,,,,,,,,,,,,,,,,,,,,,,,,,,
27th Mar 2025 14:00,,,,,,,,,,,,,,,,,,,,,,,,,,,,,,,,
27th Mar 2025 15:00,,,,,,,,,,,,,,,,,,,,,,,,,,,,,,,,
27th Mar 2025 16:00,,,,,,,,,,,,,,,,,,,,,,,,,,,,,,,,
27th Mar 2025 17:00,,,,,,,,,,,,,,,,,,,,,,,,,,,,,,,,
27th Mar 2025 18:00,,,,,,,,,,,,,,,,,,,,,,,,,,,,,,,,
27th Mar 2025 19:00,,,,,,,,,,,,,,,,,,,,,,,,,,,,,,,,
27th Mar 2025 20:00,,,,,,,,,,,,,,,,,,,,,,,,,,,,,,,,
27th Mar 2025 21:00,,,,,,,,,,,,,,,,,,,,,,,,,,,,,,,,
27th Mar 2025 22:00,,,,,,,,,,,,,,,,,,,,,,,,,,,,,,,,
27th Mar 2025 23:00,,,,,,,,,,,,,,,,,,,,,,,,,,,,,,,,
28th Mar 2025 00:00,,,,,,,,,,,,,,,,,,,,,,,,,,,,,,,,
28th Mar 2025 01:00,,,,,,,,,,,,,,,,,,,,,,,,,,,,,,,,
28th Mar 2025 02:00,,,,,,,,,,,,,,,,,,,,,,,,,,,,,,,,
28th Mar 2025 03:00,,,,,,,,,,,,,,,,,,,,,,,,,,,,,,,,
28th Mar 2025 04:00,,,,,,,,,,,,,,,,,,,,,,,,,,,,,,,,
28th Mar 2025 05:00,,,,,,,,,,,,,,,,,,,,,,,,,,,,,,,,
28th Mar 2025 06:00,,,,,,,,,,,,,,,,,,,,,,,,,,,,,,,,
28th Mar 2025 07:00,,,,,,,,,,,,,,,,,,,,,,,,,,,,,,,,
28th Mar 2025 08:00,,,,,,,,,,,,,,,,,,,,,,,,,,,,,,,,
28th Mar 2025 09:00,,,,,,,,,,,,,,,,,,,,,,,,,,,,,,,,
28th Mar 2025 10:00,,,,,,,,,,,,,,,,,,,,,,,,,,,,,,,,
28th Mar 2025 11:00,,,,,,,,,,,,,,,,,,,,,,,,,,,,,,,,
28th Mar 2025 12:00,,,,,,,,,,,,,,,,,,,,,,,,,,,,,,,,
28th Mar 2025 13:00,,,,,,,,,,,,,,,,,,,,,,,,,,,,,,,,
28th Mar 2025 14:00,,,,,,,,,,,,,,,,,,,,,,,,,,,,,,,,
28th Mar 2025 15:00,,,,,,,,,,,,,,,,,,,,,,,,,,,,,,,,
28th Mar 2025 16:00,,,,,,,,,,,,,,,,,,,,,,,,,,,,,,,,
28th Mar 2025 17:00,,,,,,,,,,,,,,,,,,,,,,,,,,,,,,,,
28th Mar 2025 18:00,,,,,,,,,,,,,,,,,,,,,,,,,,,,,,,,
28th Mar 2025 19:00,,,,,,,,,,,,,,,,,,,,,,,,,,,,,,,,
28th Mar 2025 20:00,,,,,,,,,,,,,,,,,,,,,,,,,,,,,,,,
28th Mar 2025 21:00,,,,,,,,,,,,,,,,,,,,,,,,,,,,,,,,
28th Mar 2025 22:00,,,,,,,,,,,,,,,,,,,,,,,,,,,,,,,,
28th Mar 2025 23:00,,,,,,,,,,,,,,,,,,,,,,,,,,,,,,,,
29th Mar 2025 00:00,,,,,,,,,,,,,,,,,,,,,,,,,,,,,,,,
29th Mar 2025 01:00,,,,,,,,,,,,,,,,,,,,,,,,,,,,,,,,
29th Mar 2025 02:00,,,,,,,,,,,,,,,,,,,,,,,,,,,,,,,,
29th Mar 2025 03:00,,,,,,,,,,,,,,,,,,,,,,,,,,,,,,,,
29th Mar 2025 04:00,,,,,,,,,,,,,,,,,,,,,,,,,,,,,,,,
29th Mar 2025 05:00,,,,,,,,,,,,,,,,,,,,,,,,,,,,,,,,
29th Mar 2025 06:00,,,,,,,,,,,,,,,,,,,,,,,,,,,,,,,,
29th Mar 2025 07:00,,,,,,,,,,,,,,,,,,,,,,,,,,,,,,,,
29th Mar 2025 08:00,,,,,,,,,,,,,,,,,,,,,,,,,,,,,,,,
29th Mar 2025 09:00,,,,,,,,,,,,,,,,,,,,,,,,,,,,,,,,
29th Mar 2025 10:00,,,,,,,,,,,,,,,,,,,,,,,,,,,,,,,,
29th Mar 2025 11:00,,,,,,,,,,,,,,,,,,,,,,,,,,,,,,,,
29th Mar 2025 12:00,,,,,,,,,,,,,,,,,,,,,,,,,,,,,,,,
29th Mar 2025 13:00,,,,,,,,,,,,,,,,,,,,,,,,,,,,,,,,
29th Mar 2025 14:00,,,,,,,,,,,,,,,,,,,,,,,,,,,,,,,,
29th Mar 2025 15:00,,,,,,,,,,,,,,,,,,,,,,,,,,,,,,,,
29th Mar 2025 16:00,,,,,,,,,,,,,,,,,,,,,,,,,,,,,,,,
29th Mar 2025 17:00,,,,,,,,,,,,,,,,,,,,,,,,,,,,,,,,
29th Mar 2025 18:00,,,,,,,,,,,,,,,,,,,,,,,,,,,,,,,,
29th Mar 2025 19:00,,,,,,,,,,,,,,,,,,,,,,,,,,,,,,,,
29th Mar 2025 20:00,,,,,,,,,,,,,,,,,,,,,,,,,,,,,,,,
29th Mar 2025 21:00,,,,,,,,,,,,,,,,,,,,,,,,,,,,,,,,
29th Mar 2025 22:00,,,,,,,,,,,,,,,,,,,,,,,,,,,,,,,,
29th Mar 2025 23:00,,,,,,,,,,,,,,,,,,,,,,,,,,,,,,,,
30th Mar 2025 00:00,,,,,,,,,,,,,,,,,,,,,,,,,,,,,,,,
30th Mar 2025 01:00,,,,,,,,,,,,,,,,,,,,,,,,,,,,,,,,
30th Mar 2025 02:00,,,,,,,,,,,,,,,,,,,,,,,,,,,,,,,,
30th Mar 2025 03:00,,,,,,,,,,,,,,,,,,,,,,,,,,,,,,,,
30th Mar 2025 04:00,,,,,,,,,,,,,,,,,,,,,,,,,,,,,,,,
30th Mar 2025 05:00,,,,,,,,,,,,,,,,,,,,,,,,,,,,,,,,
30th Mar 2025 06:00,,,,,,,,,,,,,,,,,,,,,,,,,,,,,,,,
30th Mar 2025 07:00,,,,,,,,,,,,,,,,,,,,,,,,,,,,,,,,
30th Mar 2025 08:00,,,,,,,,,,,,,,,,,,,,,,,,,,,,,,,,
30th Mar 2025 09:00,,,,,,,,,,,,,,,,,,,,,,,,,,,,,,,,
30th Mar 2025 10:00,,,,,,,,,,,,,,,,,,,,,,,,,,,,,,,,
30th Mar 2025 11:00,,,,,,,,,,,,,,,,,,,,,,,,,,,,,,,,
30th Mar 2025 12:00,,,,,,,,,,,,,,,,,,,,,,,,,,,,,,,,
30th Mar 2025 13:00,,,,,,,,,,,,,,,,,,,,,,,,,,,,,,,,
30th Mar 2025 14:00,,,,,,,,,,,,,,,,,,,,,,,,,,,,,,,,
30th Mar 2025 15:00,,,,,,,,,,,,,,,,,,,,,,,,,,,,,,,,
30th Mar 2025 16:00,,,,,,,,,,,,,,,,,,,,,,,,,,,,,,,,
30th Mar 2025 17:00,,,,,,,,,,,,,,,,,,,,,,,,,,,,,,,,
30th Mar 2025 18:00,,,,,,,,,,,,,,,,,,,,,,,,,,,,,,,,
30th Mar 2025 19:00,,,,,,,,,,,,,,,,,,,,,,,,,,,,,,,,
30th Mar 2025 20:00,,,,,,,,,,,,,,,,,,,,,,,,,,,,,,,,
30th Mar 2025 21:00,,,,,,,,,,,,,,,,,,,,,,,,,,,,,,,,
30th Mar 2025 22:00,,,,,,,,,,,,,,,,,,,,,,,,,,,,,,,,
30th Mar 2025 23:00,,,,,,,,,,,,,,,,,,,,,,,,,,,,,,,,
31st Mar 2025 00:00,,,,,,,,,,,,,,,,,,,,,,,,,,,,,,,,
31st Mar 2025 01:00,,,,,,,,,,,,,,,,,,,,,,,,,,,,,,,,
31st Mar 2025 02:00,,,,,,,,,,,,,,,,,,,,,,,,,,,,,,,,
31st Mar 2025 03:00,,,,,,,,,,,,,,,,,,,,,,,,,,,,,,,,
31st Mar 2025 04:00,,,,,,,,,,,,,,,,,,,,,,,,,,,,,,,,
31st Mar 2025 05:00,,,,,,,,,,,,,,,,,,,,,,,,,,,,,,,,
31st Mar 2025 06:00,,,,,,,,,,,,,,,,,,,,,,,,,,,,,,,,
31st Mar 2025 07:00,,,,,,,,,,,,,,,,,,,,,,,,,,,,,,,,
31st Mar 2025 08:00,,,,,,,,,,,,,,,,,,,,,,,,,,,,,,,,
31st Mar 2025 09:00,,,,,,,,,,,,,,,,,,,,,,,,,,,,,,,,
31st Mar 2025 10:00,,,,,,,,,,,,,,,,,,,,,,,,,,,,,,,,
31st Mar 2025 11:00,,,,,,,,,,,,,,,,,,,,,,,,,,,,,,,,
31st Mar 2025 12:00,,,,,,,,,,,,,,,,,,,,,,,,,,,,,,,,
31st Mar 2025 13:00,,,,,,,,,,,,,,,,,,,,,,,,,,,,,,,,
31st Mar 2025 14:00,,,,,,,,,,,,,,,,,,,,,,,,,,,,,,,,
31st Mar 2025 15:00,,,,,,,,,,,,,,,,,,,,,,,,,,,,,,,,
31st Mar 2025 16:00,,,,,,,,,,,,,,,,,,,,,,,,,,,,,,,,
31st Mar 2025 17:00,,,,,,,,,,,,,,,,,,,,,,,,,,,,,,,,
31st Mar 2025 18:00,,,,,,,,,,,,,,,,,,,,,,,,,,,,,,,,
31st Mar 2025 19:00,,,,,,,,,,,,,,,,,,,,,,,,,,,,,,,,
31st Mar 2025 20:00,,,,,,,,,,,,,,,,,,,,,,,,,,,,,,,,
31st Mar 2025 21:00,,,,,,,,,,,,,,,,,,,,,,,,,,,,,,,,
31st Mar 2025 22:00,,,,,,,,,,,,,,,,,,,,,,,,,,,,,,,,
31st Mar 2025 23:00,,,,,,,,,,,,,,,,,,,,,,,,,,,,,,,,
1st Apr 2025 00:00,,,,,,,,,,,,,,,,,,,,,,,,,,,,,,,,
1st Apr 2025 01:00,,,,,,,,,,,,,,,,,,,,,,,,,,,,,,,,
1st Apr 2025 02:00,,,,,,,,,,,,,,,,,,,,,,,,,,,,,,,,
1st Apr 2025 03:00,,,,,,,,,,,,,,,,,,,,,,,,,,,,,,,,
1st Apr 2025 04:00,,,,,,,,,,,,,,,,,,,,,,,,,,,,,,,,
1st Apr 2025 05:00,,,,,,,,,,,,,,,,,,,,,,,,,,,,,,,,
1st Apr 2025 06:00,,,,,,,,,,,,,,,,,,,,,,,,,,,,,,,,
1st Apr 2025 07:00,,,,,,,,,,,,,,,,,,,,,,,,,,,,,,,,
1st Apr 2025 08:00,,,,,,,,,,,,,,,,,,,,,,,,,,,,,,,,
1st Apr 2025 09:00,,,,,,,,,,,,,,,,,,,,,,,,,,,,,,,,
1st Apr 2025 10:00,,,,,,,,,,,,,,,,,,,,,,,,,,,,,,,,
1st Apr 2025 11:00,,,,,,,,,,,,,,,,,,,,,,,,,,,,,,,,
1st Apr 2025 12:00,,,,,,,,,,,,,,,,,,,,,,,,,,,,,,,,
1st Apr 2025 13:00,,,,,,,,,,,,,,,,,,,,,,,,,,,,,,,,
1st Apr 2025 14:00,,,,,,,,,,,,,,,,,,,,,,,,,,,,,,,,
1st Apr 2025 15:00,,,,,,,,,,,,,,,,,,,,,,,,,,,,,,,,
1st Apr 2025 16:00,,,,,,,,,,,,,,,,,,,,,,,,,,,,,,,,
1st Apr 2025 17:00,,,,,,,,,,,,,,,,,,,,,,,,,,,,,,,,
1st Apr 2025 18:00,,,,,,,,,,,,,,,,,,,,,,,,,,,,,,,,
1st Apr 2025 19:00,,,,,,,,,,,,,,,,,,,,,,,,,,,,,,,,
1st Apr 2025 20:00,,,,,,,,,,,,,,,,,,,,,,,,,,,,,,,,
1st Apr 2025 21:00,,,,,,,,,,,,,,,,,,,,,,,,,,,,,,,,
1st Apr 2025 22:00,,,,,,,,,,,,,,,,,,,,,,,,,,,,,,,,
1st Apr 2025 23:00,,,,,,,,,,,,,,,,,,,,,,,,,,,,,,,,
2nd Apr 2025 00:00,,,,,,,,,,,,,,,,,,,,,,,,,,,,,,,,
2nd Apr 2025 01:00,,,,,,,,,,,,,,,,,,,,,,,,,,,,,,,,
2nd Apr 2025 02:00,,,,,,,,,,,,,,,,,,,,,,,,,,,,,,,,
2nd Apr 2025 03:00,,,,,,,,,,,,,,,,,,,,,,,,,,,,,,,,
2nd Apr 2025 04:00,,,,,,,,,,,,,,,,,,,,,,,,,,,,,,,,
2nd Apr 2025 05:00,,,,,,,,,,,,,,,,,,,,,,,,,,,,,,,,
2nd Apr 2025 06:00,,,,,,,,,,,,,,,,,,,,,,,,,,,,,,,,
2nd Apr 2025 07:00,,,,,,,,,,,,,,,,,,,,,,,,,,,,,,,,
2nd Apr 2025 08:00,,,,,,,,,,,,,,,,,,,,,,,,,,,,,,,,
2nd Apr 2025 09:00,,,,,,,,,,,,,,,,,,,,,,,,,,,,,,,,
2nd Apr 2025 10:00,,,,,,,,,,,,,,,,,,,,,,,,,,,,,,,,
2nd Apr 2025 11:00,,,,,,,,,,,,,,,,,,,,,,,,,,,,,,,,
2nd Apr 2025 12:00,,,,,,,,,,,,,,,,,,,,,,,,,,,,,,,,
2nd Apr 2025 13:00,,,,,,,,,,,,,,,,,,,,,,,,,,,,,,,,
2nd Apr 2025 14:00,,,,,,,,,,,,,,,,,,,,,,,,,,,,,,,,
2nd Apr 2025 15:00,,,,,,,,,,,,,,,,,,,,,,,,,,,,,,,,
2nd Apr 2025 16:00,,,,,,,,,,,,,,,,,,,,,,,,,,,,,,,,
2nd Apr 2025 17:00,,,,,,,,,,,,,,,,,,,,,,,,,,,,,,,,
2nd Apr 2025 18:00,,,,,,,,,,,,,,,,,,,,,,,,,,,,,,,,
2nd Apr 2025 19:00,,,,,,,,,,,,,,,,,,,,,,,,,,,,,,,,
2nd Apr 2025 20:00,,,,,,,,,,,,,,,,,,,,,,,,,,,,,,,,
2nd Apr 2025 21:00,,,,,,,,,,,,,,,,,,,,,,,,,,,,,,,,
2nd Apr 2025 22:00,,,,,,,,,,,,,,,,,,,,,,,,,,,,,,,,
2nd Apr 2025 23:00,,,,,,,,,,,,,,,,,,,,,,,,,,,,,,,,
3rd Apr 2025 00:00,,,,,,,,,,,,,,,,,,,,,,,,,,,,,,,,
3rd Apr 2025 01:00,,,,,,,,,,,,,,,,,,,,,,,,,,,,,,,,
3rd Apr 2025 02:00,,,,,,,,,,,,,,,,,,,,,,,,,,,,,,,,
3rd Apr 2025 03:00,,,,,,,,,,,,,,,,,,,,,,,,,,,,,,,,
3rd Apr 2025 04:00,,,,,,,,,,,,,,,,,,,,,,,,,,,,,,,,
3rd Apr 2025 05:00,,,,,,,,,,,,,,,,,,,,,,,,,,,,,,,,
3rd Apr 2025 06:00,,,,,,,,,,,,,,,,,,,,,,,,,,,,,,,,
3rd Apr 2025 07:00,,,,,,,,,,,,,,,,,,,,,,,,,,,,,,,,
3rd Apr 2025 08:00,,,,,,,,,,,,,,,,,,,,,,,,,,,,,,,,
3rd Apr 2025 09:00,,,,,,,,,,,,,,,,,,,,,,,,,,,,,,,,
3rd Apr 2025 10:00,,,,,,,,,,,,,,,,,,,,,,,,,,,,,,,,
3rd Apr 2025 11:00,,,,,,,,,,,,,,,,,,,,,,,,,,,,,,,,
3rd Apr 2025 12:00,,,,,,,,,,,,,,,,,,,,,,,,,,,,,,,,
3rd Apr 2025 13:00,,,,,,,,,,,,,,,,,,,,,,,,,,,,,,,,
3rd Apr 2025 14:00,,,,,,,,,,,,,,,,,,,,,,,,,,,,,,,,
3rd Apr 2025 15:00,,,,,,,,,,,,,,,,,,,,,,,,,,,,,,,,
3rd Apr 2025 16:00,,,,,,,,,,,,,,,,,,,,,,,,,,,,,,,,
3rd Apr 2025 17:00,,,,,,,,,,,,,,,,,,,,,,,,,,,,,,,,
3rd Apr 2025 18:00,,,,,,,,,,,,,,,,,,,,,,,,,,,,,,,,
3rd Apr 2025 19:00,,,,,,,,,,,,,,,,,,,,,,,,,,,,,,,,
3rd Apr 2025 20:00,,,,,,,,,,,,,,,,,,,,,,,,,,,,,,,,
3rd Apr 2025 21:00,,,,,,,,,,,,,,,,,,,,,,,,,,,,,,,,
3rd Apr 2025 22:00,,,,,,,,,,,,,,,,,,,,,,,,,,,,,,,,
3rd Apr 2025 23:00,,,,,,,,,,,,,,,,,,,,,,,,,,,,,,,,
4th Apr 2025 00:00,,,,,,,,,,,,,,,,,,,,,,,,,,,,,,,,
4th Apr 2025 01:00,,,,,,,,,,,,,,,,,,,,,,,,,,,,,,,,
4th Apr 2025 02:00,,,,,,,,,,,,,,,,,,,,,,,,,,,,,,,,
4th Apr 2025 03:00,,,,,,,,,,,,,,,,,,,,,,,,,,,,,,,,
4th Apr 2025 04:00,,,,,,,,,,,,,,,,,,,,,,,,,,,,,,,,
4th Apr 2025 05:00,,,,,,,,,,,,,,,,,,,,,,,,,,,,,,,,
4th Apr 2025 06:00,,,,,,,,,,,,,,,,,,,,,,,,,,,,,,,,
4th Apr 2025 07:00,,,,,,,,,,,,,,,,,,,,,,,,,,,,,,,,
4th Apr 2025 08:00,,,,,,,,,,,,,,,,,,,,,,,,,,,,,,,,
4th Apr 2025 09:00,,,,,,,,,,,,,,,,,,,,,,,,,,,,,,,,
4th Apr 2025 10:00,,,,,,,,,,,,,,,,,,,,,,,,,,,,,,,,
4th Apr 2025 11:00,,,,,,,,,,,,,,,,,,,,,,,,,,,,,,,,
4th Apr 2025 12:00,,,,,,,,,,,,,,,,,,,,,,,,,,,,,,,,
4th Apr 2025 13:00,,,,,,,,,,,,,,,,,,,,,,,,,,,,,,,,
4th Apr 2025 14:00,,,,,,,,,,,,,,,,,,,,,,,,,,,,,,,,
4th Apr 2025 15:00,,,,,,,,,,,,,,,,,,,,,,,,,,,,,,,,
4th Apr 2025 16:00,,,,,,,,,,,,,,,,,,,,,,,,,,,,,,,,
4th Apr 2025 17:00,,,,,,,,,,,,,,,,,,,,,,,,,,,,,,,,
4th Apr 2025 18:00,,,,,,,,,,,,,,,,,,,,,,,,,,,,,,,,
4th Apr 2025 19:00,,,,,,,,,,,,,,,,,,,,,,,,,,,,,,,,
4th Apr 2025 20:00,,,,,,,,,,,,,,,,,,,,,,,,,,,,,,,,
4th Apr 2025 21:00,,,,,,,,,,,,,,,,,,,,,,,,,,,,,,,,
4th Apr 2025 22:00,,,,,,,,,,,,,,,,,,,,,,,,,,,,,,,,
4th Apr 2025 23:00,,,,,,,,,,,,,,,,,,,,,,,,,,,,,,,,
5th Apr 2025 00:00,,,,,,,,,,,,,,,,,,,,,,,,,,,,,,,,
5th Apr 2025 01:00,,,,,,,,,,,,,,,,,,,,,,,,,,,,,,,,
5th Apr 2025 02:00,,,,,,,,,,,,,,,,,,,,,,,,,,,,,,,,
5th Apr 2025 03:00,,,,,,,,,,,,,,,,,,,,,,,,,,,,,,,,
5th Apr 2025 04:00,,,,,,,,,,,,,,,,,,,,,,,,,,,,,,,,
5th Apr 2025 05:00,,,,,,,,,,,,,,,,,,,,,,,,,,,,,,,,
5th Apr 2025 06:00,,,,,,,,,,,,,,,,,,,,,,,,,,,,,,,,
5th Apr 2025 07:00,,,,,,,,,,,,,,,,,,,,,,,,,,,,,,,,
5th Apr 2025 08:00,,,,,,,,,,,,,,,,,,,,,,,,,,,,,,,,
5th Apr 2025 09:00,,,,,,,,,,,,,,,,,,,,,,,,,,,,,,,,
5th Apr 2025 10:00,,,,,,,,,,,,,,,,,,,,,,,,,,,,,,,,
5th Apr 2025 11:00,,,,,,,,,,,,,,,,,,,,,,,,,,,,,,,,
5th Apr 2025 12:00,,,,,,,,,,,,,,,,,,,,,,,,,,,,,,,,
5th Apr 2025 13:00,,,,,,,,,,,,,,,,,,,,,,,,,,,,,,,,
5th Apr 2025 14:00,,,,,,,,,,,,,,,,,,,,,,,,,,,,,,,,
5th Apr 2025 15:00,,,,,,,,,,,,,,,,,,,,,,,,,,,,,,,,
5th Apr 2025 16:00,,,,,,,,,,,,,,,,,,,,,,,,,,,,,,,,
5th Apr 2025 17:00,,,,,,,,,,,,,,,,,,,,,,,,,,,,,,,,
5th Apr 2025 18:00,,,,,,,,,,,,,,,,,,,,,,,,,,,,,,,,
5th Apr 2025 19:00,,,,,,,,,,,,,,,,,,,,,,,,,,,,,,,,
5th Apr 2025 20:00,,,,,,,,,,,,,,,,,,,,,,,,,,,,,,,,
5th Apr 2025 21:00,,,,,,,,,,,,,,,,,,,,,,,,,,,,,,,,
5th Apr 2025 22:00,,,,,,,,,,,,,,,,,,,,,,,,,,,,,,,,
5th Apr 2025 23:00,,,,,,,,,,,,,,,,,,,,,,,,,,,,,,,,
6th Apr 2025 00:00,,,,,,,,,,,,,,,,,,,,,,,,,,,,,,,,
6th Apr 2025 01:00,,,,,,,,,,,,,,,,,,,,,,,,,,,,,,,,
6th Apr 2025 02:00,,,,,,,,,,,,,,,,,,,,,,,,,,,,,,,,
6th Apr 2025 03:00,,,,,,,,,,,,,,,,,,,,,,,,,,,,,,,,
6th Apr 2025 04:00,,,,,,,,,,,,,,,,,,,,,,,,,,,,,,,,
6th Apr 2025 05:00,,,,,,,,,,,,,,,,,,,,,,,,,,,,,,,,
6th Apr 2025 06:00,,,,,,,,,,,,,,,,,,,,,,,,,,,,,,,,
6th Apr 2025 07:00,,,,,,,,,,,,,,,,,,,,,,,,,,,,,,,,
6th Apr 2025 08:00,,,,,,,,,,,,,,,,,,,,,,,,,,,,,,,,
6th Apr 2025 09:00,,,,,,,,,,,,,,,,,,,,,,,,,,,,,,,,
6th Apr 2025 10:00,,,,,,,,,,,,,,,,,,,,,,,,,,,,,,,,
6th Apr 2025 11:00,,,,,,,,,,,,,,,,,,,,,,,,,,,,,,,,
6th Apr 2025 12:00,,,,,,,,,,,,,,,,,,,,,,,,,,,,,,,,
6th Apr 2025 13:00,,,,,,,,,,,,,,,,,,,,,,,,,,,,,,,,
6th Apr 2025 14:00,,,,,,,,,,,,,,,,,,,,,,,,,,,,,,,,
6th Apr 2025 15:00,,,,,,,,,,,,,,,,,,,,,,,,,,,,,,,,
6th Apr 2025 16:00,,,,,,,,,,,,,,,,,,,,,,,,,,,,,,,,
6th Apr 2025 17:00,,,,,,,,,,,,,,,,,,,,,,,,,,,,,,,,
6th Apr 2025 18:00,,,,,,,,,,,,,,,,,,,,,,,,,,,,,,,,
6th Apr 2025 19:00,,,,,,,,,,,,,,,,,,,,,,,,,,,,,,,,
6th Apr 2025 20:00,,,,,,,,,,,,,,,,,,,,,,,,,,,,,,,,
6th Apr 2025 21:00,,,,,,,,,,,,,,,,,,,,,,,,,,,,,,,,
6th Apr 2025 22:00,,,,,,,,,,,,,,,,,,,,,,,,,,,,,,,,
6th Apr 2025 23:00,,,,,,,,,,,,,,,,,,,,,,,,,,,,,,,,
7th Apr 2025 00:00,,,,,,,,,,,,,,,,,,,,,,,,,,,,,,,,
7th Apr 2025 01:00,,,,,,,,,,,,,,,,,,,,,,,,,,,,,,,,
7th Apr 2025 02:00,,,,,,,,,,,,,,,,,,,,,,,,,,,,,,,,
7th Apr 2025 03:00,,,,,,,,,,,,,,,,,,,,,,,,,,,,,,,,
7th Apr 2025 04:00,,,,,,,,,,,,,,,,,,,,,,,,,,,,,,,,
7th Apr 2025 05:00,,,,,,,,,,,,,,,,,,,,,,,,,,,,,,,,
7th Apr 2025 06:00,,,,,,,,,,,,,,,,,,,,,,,,,,,,,,,,
7th Apr 2025 07:00,,,,,,,,,,,,,,,,,,,,,,,,,,,,,,,,
7th Apr 2025 08:00,,,,,,,,,,,,,,,,,,,,,,,,,,,,,,,,
7th Apr 2025 09:00,,,,,,,,,,,,,,,,,,,,,,,,,,,,,,,,
7th Apr 2025 10:00,,,,,,,,,,,,,,,,,,,,,,,,,,,,,,,,
7th Apr 2025 11:00,,,,,,,,,,,,,,,,,,,,,,,,,,,,,,,,
7th Apr 2025 12:00,,,,,,,,,,,,,,,,,,,,,,,,,,,,,,,,
7th Apr 2025 13:00,,,,,,,,,,,,,,,,,,,,,,,,,,,,,,,,
7th Apr 2025 14:00,,,,,,,,,,,,,,,,,,,,,,,,,,,,,,,,
7th Apr 2025 15:00,,,,,,,,,,,,,,,,,,,,,,,,,,,,,,,,
7th Apr 2025 16:00,,,,,,,,,,,,,,,,,,,,,,,,,,,,,,,,
7th Apr 2025 17:00,,,,,,,,,,,,,,,,,,,,,,,,,,,,,,,,
7th Apr 2025 18:00,,,,,,,,,,,,,,,,,,,,,,,,,,,,,,,,
7th Apr 2025 19:00,,,,,,,,,,,,,,,,,,,,,,,,,,,,,,,,
7th Apr 2025 20:00,,,,,,,,,,,,,,,,,,,,,,,,,,,,,,,,
7th Apr 2025 21:00,,,,,,,,,,,,,,,,,,,,,,,,,,,,,,,,
7th Apr 2025 22:00,,,,,,,,,,,,,,,,,,,,,,,,,,,,,,,,
7th Apr 2025 23:00,,,,,,,,,,,,,,,,,,,,,,,,,,,,,,,,
8th Apr 2025 00:00,,,,,,,,,,,,,,,,,,,,,,,,,,,,,,,,
8th Apr 2025 01:00,,,,,,,,,,,,,,,,,,,,,,,,,,,,,,,,
8th Apr 2025 02:00,,,,,,,,,,,,,,,,,,,,,,,,,,,,,,,,
8th Apr 2025 03:00,,,,,,,,,,,,,,,,,,,,,,,,,,,,,,,,
8th Apr 2025 04:00,,,,,,,,,,,,,,,,,,,,,,,,,,,,,,,,
8th Apr 2025 05:00,,,,,,,,,,,,,,,,,,,,,,,,,,,,,,,,
8th Apr 2025 06:00,,,,,,,,,,,,,,,,,,,,,,,,,,,,,,,,
8th Apr 2025 07:00,,,,,,,,,,,,,,,,,,,,,,,,,,,,,,,,
8th Apr 2025 08:00,,,,,,,,,,,,,,,,,,,,,,,,,,,,,,,,
8th Apr 2025 09:00,,,,,,,,,,,,,,,,,,,,,,,,,,,,,,,,
8th Apr 2025 10:00,,,,,,,,,,,,,,,,,,,,,,,,,,,,,,,,
8th Apr 2025 11:00,,,,,,,,,,,,,,,,,,,,,,,,,,,,,,,,
8th Apr 2025 12:00,,,,,,,,,,,,,,,,,,,,,,,,,,,,,,,,
8th Apr 2025 13:00,,,,,,,,,,,,,,,,,,,,,,,,,,,,,,,,
8th Apr 2025 14:00,,,,,,,,,,,,,,,,,,,,,,,,,,,,,,,,
8th Apr 2025 15:00,,,,,,,,,,,,,,,,,,,,,,,,,,,,,,,,
8th Apr 2025 16:00,,,,,,,,,,,,,,,,,,,,,,,,,,,,,,,,
8th Apr 2025 17:00,,,,,,,,,,,,,,,,,,,,,,,,,,,,,,,,
8th Apr 2025 18:00,,,,,,,,,,,,,,,,,,,,,,,,,,,,,,,,
8th Apr 2025 19:00,,,,,,,,,,,,,,,,,,,,,,,,,,,,,,,,
8th Apr 2025 20:00,,,,,,,,,,,,,,,,,,,,,,,,,,,,,,,,
8th Apr 2025 21:00,,,,,,,,,,,,,,,,,,,,,,,,,,,,,,,,
8th Apr 2025 22:00,,,,,,,,,,,,,,,,,,,,,,,,,,,,,,,,
8th Apr 2025 23:00,,,,,,,,,,,,,,,,,,,,,,,,,,,,,,,,
9th Apr 2025 00:00,,,,,,,,,,,,,,,,,,,,,,,,,,,,,,,,
9th Apr 2025 01:00,,,,,,,,,,,,,,,,,,,,,,,,,,,,,,,,
9th Apr 2025 02:00,,,,,,,,,,,,,,,,,,,,,,,,,,,,,,,,
9th Apr 2025 03:00,,,,,,,,,,,,,,,,,,,,,,,,,,,,,,,,
9th Apr 2025 04:00,,,,,,,,,,,,,,,,,,,,,,,,,,,,,,,,
9th Apr 2025 05:00,,,,,,,,,,,,,,,,,,,,,,,,,,,,,,,,
9th Apr 2025 06:00,,,,,,,,,,,,,,,,,,,,,,,,,,,,,,,,
9th Apr 2025 07:00,,,,,,,,,,,,,,,,,,,,,,,,,,,,,,,,
9th Apr 2025 08:00,,,,,,,,,,,,,,,,,,,,,,,,,,,,,,,,
9th Apr 2025 09:00,,,,,,,,,,,,,,,,,,,,,,,,,,,,,,,,
9th Apr 2025 10:00,,,,,,,,,,,,,,,,,,,,,,,,,,,,,,,,
9th Apr 2025 11:00,,,,,,,,,,,,,,,,,,,,,,,,,,,,,,,,
9th Apr 2025 12:00,,,,,,,,,,,,,,,,,,,,,,,,,,,,,,,,
9th Apr 2025 13:00,,,,,,,,,,,,,,,,,,,,,,,,,,,,,,,,
9th Apr 2025 14:00,,,,,,,,,,,,,,,,,,,,,,,,,,,,,,,,
9th Apr 2025 15:00,,,,,,,,,,,,,,,,,,,,,,,,,,,,,,,,
9th Apr 2025 16:00,,,,,,,,,,,,,,,,,,,,,,,,,,,,,,,,
9th Apr 2025 17:00,,,,,,,,,,,,,,,,,,,,,,,,,,,,,,,,
9th Apr 2025 18:00,,,,,,,,,,,,,,,,,,,,,,,,,,,,,,,,
9th Apr 2025 19:00,,,,,,,,,,,,,,,,,,,,,,,,,,,,,,,,
9th Apr 2025 20:00,,,,,,,,,,,,,,,,,,,,,,,,,,,,,,,,
9th Apr 2025 21:00,,,,,,,,,,,,,,,,,,,,,,,,,,,,,,,,
9th Apr 2025 22:00,,,,,,,,,,,,,,,,,,,,,,,,,,,,,,,,
9th Apr 2025 23:00,,,,,,,,,,,,,,,,,,,,,,,,,,,,,,,,
10th Apr 2025 00:00,,,,,,,,,,,,,,,,,,,,,,,,,,,,,,,,
10th Apr 2025 01:00,,,,,,,,,,,,,,,,,,,,,,,,,,,,,,,,
10th Apr 2025 02:00,,,,,,,,,,,,,,,,,,,,,,,,,,,,,,,,
10th Apr 2025 03:00,,,,,,,,,,,,,,,,,,,,,,,,,,,,,,,,
10th Apr 2025 04:00,,,,,,,,,,,,,,,,,,,,,,,,,,,,,,,,
10th Apr 2025 05:00,,,,,,,,,,,,,,,,,,,,,,,,,,,,,,,,
10th Apr 2025 06:00,,,,,,,,,,,,,,,,,,,,,,,,,,,,,,,,
10th Apr 2025 07:00,,,,,,,,,,,,,,,,,,,,,,,,,,,,,,,,
10th Apr 2025 08:00,,,,,,,,,,,,,,,,,,,,,,,,,,,,,,,,
10th Apr 2025 09:00,,,,,,,,,,,,,,,,,,,,,,,,,,,,,,,,
10th Apr 2025 10:00,,,,,,,,,,,,,,,,,,,,,,,,,,,,,,,,
10th Apr 2025 11:00,,,,,,,,,,,,,,,,,,,,,,,,,,,,,,,,
10th Apr 2025 12:00,,,,,,,,,,,,,,,,,,,,,,,,,,,,,,,,
10th Apr 2025 13:00,,,,,,,,,,,,,,,,,,,,,,,,,,,,,,,,
10th Apr 2025 14:00,,,,,,,,,,,,,,,,,,,,,,,,,,,,,,,,
10th Apr 2025 15:00,,,,,,,,,,,,,,,,,,,,,,,,,,,,,,,,
10th Apr 2025 16:00,,,,,,,,,,,,,,,,,,,,,,,,,,,,,,,,
10th Apr 2025 17:00,,,,,,,,,,,,,,,,,,,,,,,,,,,,,,,,
10th Apr 2025 18:00,,,,,,,,,,,,,,,,,,,,,,,,,,,,,,,,
10th Apr 2025 19:00,,,,,,,,,,,,,,,,,,,,,,,,,,,,,,,,
10th Apr 2025 20:00,,,,,,,,,,,,,,,,,,,,,,,,,,,,,,,,
10th Apr 2025 21:00,,,,,,,,,,,,,,,,,,,,,,,,,,,,,,,,
10th Apr 2025 22:00,,,,,,,,,,,,,,,,,,,,,,,,,,,,,,,,
10th Apr 2025 23:00,,,,,,,,,,,,,,,,,,,,,,,,,,,,,,,,
11th Apr 2025 00:00,,,,,,,,,,,,,,,,,,,,,,,,,,,,,,,,
11th Apr 2025 01:00,,,,,,,,,,,,,,,,,,,,,,,,,,,,,,,,
11th Apr 2025 02:00,,,,,,,,,,,,,,,,,,,,,,,,,,,,,,,,
11th Apr 2025 03:00,,,,,,,,,,,,,,,,,,,,,,,,,,,,,,,,
11th Apr 2025 04:00,,,,,,,,,,,,,,,,,,,,,,,,,,,,,,,,
11th Apr 2025 05:00,,,,,,,,,,,,,,,,,,,,,,,,,,,,,,,,
11th Apr 2025 06:00,,,,,,,,,,,,,,,,,,,,,,,,,,,,,,,,
11th Apr 2025 07:00,,,,,,,,,,,,,,,,,,,,,,,,,,,,,,,,
11th Apr 2025 08:00,,,,,,,,,,,,,,,,,,,,,,,,,,,,,,,,
11th Apr 2025 09:00,,,,,,,,,,,,,,,,,,,,,,,,,,,,,,,,
11th Apr 2025 10:00,,,,,,,,,,,,,,,,,,,,,,,,,,,,,,,,
11th Apr 2025 11:00,,,,,,,,,,,,,,,,,,,,,,,,,,,,,,,,
11th Apr 2025 12:00,,,,,,,,,,,,,,,,,,,,,,,,,,,,,,,,
11th Apr 2025 13:00,,,,,,,,,,,,,,,,,,,,,,,,,,,,,,,,
11th Apr 2025 14:00,,,,,,,,,,,,,,,,,,,,,,,,,,,,,,,,
11th Apr 2025 15:00,,,,,,,,,,,,,,,,,,,,,,,,,,,,,,,,
11th Apr 2025 16:00,,,,,,,,,,,,,,,,,,,,,,,,,,,,,,,,
11th Apr 2025 17:00,,,,,,,,,,,,,,,,,,,,,,,,,,,,,,,,
11th Apr 2025 18:00,,,,,,,,,,,,,,,,,,,,,,,,,,,,,,,,
11th Apr 2025 19:00,,,,,,,,,,,,,,,,,,,,,,,,,,,,,,,,
11th Apr 2025 20:00,,,,,,,,,,,,,,,,,,,,,,,,,,,,,,,,
11th Apr 2025 21:00,,,,,,,,,,,,,,,,,,,,,,,,,,,,,,,,
11th Apr 2025 22:00,,,,,,,,,,,,,,,,,,,,,,,,,,,,,,,,
11th Apr 2025 23:00,,,,,,,,,,,,,,,,,,,,,,,,,,,,,,,,
12th Apr 2025 00:00,,,,,,,,,,,,,,,,,,,,,,,,,,,,,,,,
12th Apr 2025 01:00,,,,,,,,,,,,,,,,,,,,,,,,,,,,,,,,
12th Apr 2025 02:00,,,,,,,,,,,,,,,,,,,,,,,,,,,,,,,,
12th Apr 2025 03:00,,,,,,,,,,,,,,,,,,,,,,,,,,,,,,,,
12th Apr 2025 04:00,,,,,,,,,,,,,,,,,,,,,,,,,,,,,,,,
12th Apr 2025 05:00,,,,,,,,,,,,,,,,,,,,,,,,,,,,,,,,
12th Apr 2025 06:00,,,,,,,,,,,,,,,,,,,,,,,,,,,,,,,,
12th Apr 2025 07:00,,,,,,,,,,,,,,,,,,,,,,,,,,,,,,,,
12th Apr 2025 08:00,,,,,,,,,,,,,,,,,,,,,,,,,,,,,,,,
12th Apr 2025 09:00,,,,,,,,,,,,,,,,,,,,,,,,,,,,,,,,
12th Apr 2025 10:00,,,,,,,,,,,,,,,,,,,,,,,,,,,,,,,,
12th Apr 2025 11:00,,,,,,,,,,,,,,,,,,,,,,,,,,,,,,,,
12th Apr 2025 12:00,,,,,,,,,,,,,,,,,,,,,,,,,,,,,,,,
12th Apr 2025 13:00,,,,,,,,,,,,,,,,,,,,,,,,,,,,,,,,
12th Apr 2025 14:00,,,,,,,,,,,,,,,,,,,,,,,,,,,,,,,,
12th Apr 2025 15:00,,,,,,,,,,,,,,,,,,,,,,,,,,,,,,,,
12th Apr 2025 16:00,,,,,,,,,,,,,,,,,,,,,,,,,,,,,,,,
12th Apr 2025 17:00,,,,,,,,,,,,,,,,,,,,,,,,,,,,,,,,
12th Apr 2025 18:00,,,,,,,,,,,,,,,,,,,,,,,,,,,,,,,,
12th Apr 2025 19:00,,,,,,,,,,,,,,,,,,,,,,,,,,,,,,,,
12th Apr 2025 20:00,,,,,,,,,,,,,,,,,,,,,,,,,,,,,,,,
12th Apr 2025 21:00,,,,,,,,,,,,,,,,,,,,,,,,,,,,,,,,
12th Apr 2025 22:00,,,,,,,,,,,,,,,,,,,,,,,,,,,,,,,,
12th Apr 2025 23:00,,,,,,,,,,,,,,,,,,,,,,,,,,,,,,,,
13th Apr 2025 00:00,,,,,,,,,,,,,,,,,,,,,,,,,,,,,,,,
13th Apr 2025 01:00,,,,,,,,,,,,,,,,,,,,,,,,,,,,,,,,
13th Apr 2025 02:00,,,,,,,,,,,,,,,,,,,,,,,,,,,,,,,,
13th Apr 2025 03:00,,,,,,,,,,,,,,,,,,,,,,,,,,,,,,,,
13th Apr 2025 04:00,,,,,,,,,,,,,,,,,,,,,,,,,,,,,,,,
13th Apr 2025 05:00,,,,,,,,,,,,,,,,,,,,,,,,,,,,,,,,
13th Apr 2025 06:00,,,,,,,,,,,,,,,,,,,,,,,,,,,,,,,,
13th Apr 2025 07:00,,,,,,,,,,,,,,,,,,,,,,,,,,,,,,,,
13th Apr 2025 08:00,,,,,,,,,,,,,,,,,,,,,,,,,,,,,,,,
13th Apr 2025 09:00,,,,,,,,,,,,,,,,,,,,,,,,,,,,,,,,
13th Apr 2025 10:00,,,,,,,,,,,,,,,,,,,,,,,,,,,,,,,,
13th Apr 2025 11:00,,,,,,,,,,,,,,,,,,,,,,,,,,,,,,,,
13th Apr 2025 12:00,,,,,,,,,,,,,,,,,,,,,,,,,,,,,,,,
13th Apr 2025 13:00,,,,,,,,,,,,,,,,,,,,,,,,,,,,,,,,
13th Apr 2025 14:00,,,,,,,,,,,,,,,,,,,,,,,,,,,,,,,,
13th Apr 2025 15:00,,,,,,,,,,,,,,,,,,,,,,,,,,,,,,,,
13th Apr 2025 16:00,,,,,,,,,,,,,,,,,,,,,,,,,,,,,,,,
13th Apr 2025 17:00,,,,,,,,,,,,,,,,,,,,,,,,,,,,,,,,
13th Apr 2025 18:00,,,,,,,,,,,,,,,,,,,,,,,,,,,,,,,,
13th Apr 2025 19:00,,,,,,,,,,,,,,,,,,,,,,,,,,,,,,,,
13th Apr 2025 20:00,,,,,,,,,,,,,,,,,,,,,,,,,,,,,,,,
13th Apr 2025 21:00,,,,,,,,,,,,,,,,,,,,,,,,,,,,,,,,
13th Apr 2025 22:00,,,,,,,,,,,,,,,,,,,,,,,,,,,,,,,,
13th Apr 2025 23:00,,,,,,,,,,,,,,,,,,,,,,,,,,,,,,,,
14th Apr 2025 00:00,,,,,,,,,,,,,,,,,,,,,,,,,,,,,,,,
14th Apr 2025 01:00,,,,,,,,,,,,,,,,,,,,,,,,,,,,,,,,
14th Apr 2025 02:00,,,,,,,,,,,,,,,,,,,,,,,,,,,,,,,,
14th Apr 2025 03:00,,,,,,,,,,,,,,,,,,,,,,,,,,,,,,,,
14th Apr 2025 04:00,,,,,,,,,,,,,,,,,,,,,,,,,,,,,,,,
14th Apr 2025 05:00,,,,,,,,,,,,,,,,,,,,,,,,,,,,,,,,
14th Apr 2025 06:00,,,,,,,,,,,,,,,,,,,,,,,,,,,,,,,,
14th Apr 2025 07:00,,,,,,,,,,,,,,,,,,,,,,,,,,,,,,,,
14th Apr 2025 08:00,,,,,,,,,,,,,,,,,,,,,,,,,,,,,,,,
14th Apr 2025 09:00,,,,,,,,,,,,,,,,,,,,,,,,,,,,,,,,
14th Apr 2025 10:00,,,,,,,,,,,,,,,,,,,,,,,,,,,,,,,,
14th Apr 2025 11:00,,,,,,,,,,,,,,,,,,,,,,,,,,,,,,,,
14th Apr 2025 12:00,,,,,,,,,,,,,,,,,,,,,,,,,,,,,,,,
14th Apr 2025 13:00,,,,,,,,,,,,,,,,,,,,,,,,,,,,,,,,
14th Apr 2025 14:00,,,,,,,,,,,,,,,,,,,,,,,,,,,,,,,,
14th Apr 2025 15:00,,,,,,,,,,,,,,,,,,,,,,,,,,,,,,,,
14th Apr 2025 16:00,,,,,,,,,,,,,,,,,,,,,,,,,,,,,,,,
14th Apr 2025 17:00,,,,,,,,,,,,,,,,,,,,,,,,,,,,,,,,
14th Apr 2025 18:00,,,,,,,,,,,,,,,,,,,,,,,,,,,,,,,,
14th Apr 2025 19:00,,,,,,,,,,,,,,,,,,,,,,,,,,,,,,,,
14th Apr 2025 20:00,,,,,,,,,,,,,,,,,,,,,,,,,,,,,,,,
14th Apr 2025 21:00,,,,,,,,,,,,,,,,,,,,,,,,,,,,,,,,
14th Apr 2025 22:00,,,,,,,,,,,,,,,,,,,,,,,,,,,,,,,,
14th Apr 2025 23:00,,,,,,,,,,,,,,,,,,,,,,,,,,,,,,,,
15th Apr 2025 00:00,,,,,,,,,,,,,,,,,,,,,,,,,,,,,,,,
15th Apr 2025 01:00,,,,,,,,,,,,,,,,,,,,,,,,,,,,,,,,
15th Apr 2025 02:00,,,,,,,,,,,,,,,,,,,,,,,,,,,,,,,,
15th Apr 2025 03:00,,,,,,,,,,,,,,,,,,,,,,,,,,,,,,,,
15th Apr 2025 04:00,,,,,,,,,,,,,,,,,,,,,,,,,,,,,,,,
15th Apr 2025 05:00,,,,,,,,,,,,,,,,,,,,,,,,,,,,,,,,
15th Apr 2025 06:00,,,,,,,,,,,,,,,,,,,,,,,,,,,,,,,,
15th Apr 2025 07:00,,,,,,,,,,,,,,,,,,,,,,,,,,,,,,,,
15th Apr 2025 08:00,,,,,,,,,,,,,,,,,,,,,,,,,,,,,,,,
15th Apr 2025 09:00,,,,,,,,,,,,,,,,,,,,,,,,,,,,,,,,
15th Apr 2025 10:00,,,,,,,,,,,,,,,,,,,,,,,,,,,,,,,,
15th Apr 2025 11:00,,,,,,,,,,,,,,,,,,,,,,,,,,,,,,,,
15th Apr 2025 12:00,,,,,,,,,,,,,,,,,,,,,,,,,,,,,,,,
15th Apr 2025 13:00,,,,,,,,,,,,,,,,,,,,,,,,,,,,,,,,
15th Apr 2025 14:00,,,,,,,,,,,,,,,,,,,,,,,,,,,,,,,,
15th Apr 2025 15:00,,,,,,,,,,,,,,,,,,,,,,,,,,,,,,,,
15th Apr 2025 16:00,,,,,,,,,,,,,,,,,,,,,,,,,,,,,,,,
15th Apr 2025 17:00,,,,,,,,,,,,,,,,,,,,,,,,,,,,,,,,
15th Apr 2025 18:00,,,,,,,,,,,,,,,,,,,,,,,,,,,,,,,,
15th Apr 2025 19:00,,,,,,,,,,,,,,,,,,,,,,,,,,,,,,,,
15th Apr 2025 20:00,,,,,,,,,,,,,,,,,,,,,,,,,,,,,,,,
15th Apr 2025 21:00,,,,,,,,,,,,,,,,,,,,,,,,,,,,,,,,
15th Apr 2025 22:00,,,,,,,,,,,,,,,,,,,,,,,,,,,,,,,,
15th Apr 2025 23:00,,,,,,,,,,,,,,,,,,,,,,,,,,,,,,,,
16th Apr 2025 00:00,,,,,,,,,,,,,,,,,,,,,,,,,,,,,,,,
16th Apr 2025 01:00,,,,,,,,,,,,,,,,,,,,,,,,,,,,,,,,
16th Apr 2025 02:00,,,,,,,,,,,,,,,,,,,,,,,,,,,,,,,,
16th Apr 2025 03:00,,,,,,,,,,,,,,,,,,,,,,,,,,,,,,,,
16th Apr 2025 04:00,,,,,,,,,,,,,,,,,,,,,,,,,,,,,,,,
16th Apr 2025 05:00,,,,,,,,,,,,,,,,,,,,,,,,,,,,,,,,
16th Apr 2025 06:00,,,,,,,,,,,,,,,,,,,,,,,,,,,,,,,,
16th Apr 2025 07:00,,,,,,,,,,,,,,,,,,,,,,,,,,,,,,,,
16th Apr 2025 08:00,,,,,,,,,,,,,,,,,,,,,,,,,,,,,,,,
16th Apr 2025 09:00,,,,,,,,,,,,,,,,,,,,,,,,,,,,,,,,
16th Apr 2025 10:00,,,,,,,,,,,,,,,,,,,,,,,,,,,,,,,,
16th Apr 2025 11:00,,,,,,,,,,,,,,,,,,,,,,,,,,,,,,,,
16th Apr 2025 12:00,,,,,,,,,,,,,,,,,,,,,,,,,,,,,,,,
16th Apr 2025 13:00,,,,,,,,,,,,,,,,,,,,,,,,,,,,,,,,
16th Apr 2025 14:00,,,,,,,,,,,,,,,,,,,,,,,,,,,,,,,,
16th Apr 2025 15:00,,,,,,,,,,,,,,,,,,,,,,,,,,,,,,,,
16th Apr 2025 16:00,,,,,,,,,,,,,,,,,,,,,,,,,,,,,,,,
16th Apr 2025 17:00,,,,,,,,,,,,,,,,,,,,,,,,,,,,,,,,
16th Apr 2025 18:00,,,,,,,,,,,,,,,,,,,,,,,,,,,,,,,,
16th Apr 2025 19:00,,,,,,,,,,,,,,,,,,,,,,,,,,,,,,,,
16th Apr 2025 20:00,,,,,,,,,,,,,,,,,,,,,,,,,,,,,,,,
16th Apr 2025 21:00,,,,,,,,,,,,,,,,,,,,,,,,,,,,,,,,
16th Apr 2025 22:00,,,,,,,,,,,,,,,,,,,,,,,,,,,,,,,,
16th Apr 2025 23:00,,,,,,,,,,,,,,,,,,,,,,,,,,,,,,,,
17th Apr 2025 00:00,,,,,,,,,,,,,,,,,,,,,,,,,,,,,,,,
17th Apr 2025 01:00,,,,,,,,,,,,,,,,,,,,,,,,,,,,,,,,
17th Apr 2025 02:00,,,,,,,,,,,,,,,,,,,,,,,,,,,,,,,,
17th Apr 2025 03:00,,,,,,,,,,,,,,,,,,,,,,,,,,,,,,,,
17th Apr 2025 04:00,,,,,,,,,,,,,,,,,,,,,,,,,,,,,,,,
17th Apr 2025 05:00,,,,,,,,,,,,,,,,,,,,,,,,,,,,,,,,
17th Apr 2025 06:00,,,,,,,,,,,,,,,,,,,,,,,,,,,,,,,,
17th Apr 2025 07:00,,,,,,,,,,,,,,,,,,,,,,,,,,,,,,,,
17th Apr 2025 08:00,,,,,,,,,,,,,,,,,,,,,,,,,,,,,,,,
17th Apr 2025 09:00,,,,,,,,,,,,,,,,,,,,,,,,,,,,,,,,
17th Apr 2025 10:00,,,,,,,,,,,,,,,,,,,,,,,,,,,,,,,,
17th Apr 2025 11:00,,,,,,,,,,,,,,,,,,,,,,,,,,,,,,,,
17th Apr 2025 12:00,,,,,,,,,,,,,,,,,,,,,,,,,,,,,,,,
17th Apr 2025 13:00,,,,,,,,,,,,,,,,,,,,,,,,,,,,,,,,
17th Apr 2025 14:00,,,,,,,,,,,,,,,,,,,,,,,,,,,,,,,,
17th Apr 2025 15:00,,,,,,,,,,,,,,,,,,,,,,,,,,,,,,,,
17th Apr 2025 16:00,,,,,,,,,,,,,,,,,,,,,,,,,,,,,,,,
17th Apr 2025 17:00,,,,,,,,,,,,,,,,,,,,,,,,,,,,,,,,
17th Apr 2025 18:00,,,,,,,,,,,,,,,,,,,,,,,,,,,,,,,,
17th Apr 2025 19:00,,,,,,,,,,,,,,,,,,,,,,,,,,,,,,,,
17th Apr 2025 20:00,,,,,,,,,,,,,,,,,,,,,,,,,,,,,,,,
17th Apr 2025 21:00,,,,,,,,,,,,,,,,,,,,,,,,,,,,,,,,
17th Apr 2025 22:00,,,,,,,,,,,,,,,,,,,,,,,,,,,,,,,,
17th Apr 2025 23:00,,,,,,,,,,,,,,,,,,,,,,,,,,,,,,,,
18th Apr 2025 00:00,,,,,,,,,,,,,,,,,,,,,,,,,,,,,,,,
18th Apr 2025 01:00,,,,,,,,,,,,,,,,,,,,,,,,,,,,,,,,
18th Apr 2025 02:00,,,,,,,,,,,,,,,,,,,,,,,,,,,,,,,,
18th Apr 2025 03:00,,,,,,,,,,,,,,,,,,,,,,,,,,,,,,,,
18th Apr 2025 04:00,,,,,,,,,,,,,,,,,,,,,,,,,,,,,,,,
18th Apr 2025 05:00,,,,,,,,,,,,,,,,,,,,,,,,,,,,,,,,
18th Apr 2025 06:00,,,,,,,,,,,,,,,,,,,,,,,,,,,,,,,,
18th Apr 2025 07:00,,,,,,,,,,,,,,,,,,,,,,,,,,,,,,,,
18th Apr 2025 08:00,,,,,,,,,,,,,,,,,,,,,,,,,,,,,,,,
18th Apr 2025 09:00,,,,,,,,,,,,,,,,,,,,,,,,,,,,,,,,
18th Apr 2025 10:00,,,,,,,,,,,,,,,,,,,,,,,,,,,,,,,,
18th Apr 2025 11:00,,,,,,,,,,,,,,,,,,,,,,,,,,,,,,,,
18th Apr 2025 12:00,,,,,,,,,,,,,,,,,,,,,,,,,,,,,,,,
18th Apr 2025 13:00,,,,,,,,,,,,,,,,,,,,,,,,,,,,,,,,
18th Apr 2025 14:00,,,,,,,,,,,,,,,,,,,,,,,,,,,,,,,,
18th Apr 2025 15:00,,,,,,,,,,,,,,,,,,,,,,,,,,,,,,,,
18th Apr 2025 16:00,,,,,,,,,,,,,,,,,,,,,,,,,,,,,,,,
18th Apr 2025 17:00,,,,,,,,,,,,,,,,,,,,,,,,,,,,,,,,
18th Apr 2025 18:00,,,,,,,,,,,,,,,,,,,,,,,,,,,,,,,,
18th Apr 2025 19:00,,,,,,,,,,,,,,,,,,,,,,,,,,,,,,,,
18th Apr 2025 20:00,,,,,,,,,,,,,,,,,,,,,,,,,,,,,,,,
18th Apr 2025 21:00,,,,,,,,,,,,,,,,,,,,,,,,,,,,,,,,
18th Apr 2025 22:00,,,,,,,,,,,,,,,,,,,,,,,,,,,,,,,,
18th Apr 2025 23:00,,,,,,,,,,,,,,,,,,,,,,,,,,,,,,,,
19th Apr 2025 00:00,,,,,,,,,,,,,,,,,,,,,,,,,,,,,,,,
19th Apr 2025 01:00,,,,,,,,,,,,,,,,,,,,,,,,,,,,,,,,
19th Apr 2025 02:00,,,,,,,,,,,,,,,,,,,,,,,,,,,,,,,,
19th Apr 2025 03:00,,,,,,,,,,,,,,,,,,,,,,,,,,,,,,,,
19th Apr 2025 04:00,,,,,,,,,,,,,,,,,,,,,,,,,,,,,,,,
19th Apr 2025 05:00,,,,,,,,,,,,,,,,,,,,,,,,,,,,,,,,
19th Apr 2025 06:00,,,,,,,,,,,,,,,,,,,,,,,,,,,,,,,,
19th Apr 2025 07:00,,,,,,,,,,,,,,,,,,,,,,,,,,,,,,,,
19th Apr 2025 08:00,,,,,,,,,,,,,,,,,,,,,,,,,,,,,,,,
19th Apr 2025 09:00,,,,,,,,,,,,,,,,,,,,,,,,,,,,,,,,
19th Apr 2025 10:00,,,,,,,,,,,,,,,,,,,,,,,,,,,,,,,,
19th Apr 2025 11:00,,,,,,,,,,,,,,,,,,,,,,,,,,,,,,,,
19th Apr 2025 12:00,,,,,,,,,,,,,,,,,,,,,,,,,,,,,,,,
19th Apr 2025 13:00,,,,,,,,,,,,,,,,,,,,,,,,,,,,,,,,
19th Apr 2025 14:00,,,,,,,,,,,,,,,,,,,,,,,,,,,,,,,,
19th Apr 2025 15:00,,,,,,,,,,,,,,,,,,,,,,,,,,,,,,,,
19th Apr 2025 16:00,,,,,,,,,,,,,,,,,,,,,,,,,,,,,,,,
19th Apr 2025 17:00,,,,,,,,,,,,,,,,,,,,,,,,,,,,,,,,
19th Apr 2025 18:00,,,,,,,,,,,,,,,,,,,,,,,,,,,,,,,,
19th Apr 2025 19:00,,,,,,,,,,,,,,,,,,,,,,,,,,,,,,,,
19th Apr 2025 20:00,,,,,,,,,,,,,,,,,,,,,,,,,,,,,,,,
19th Apr 2025 21:00,,,,,,,,,,,,,,,,,,,,,,,,,,,,,,,,
19th Apr 2025 22:00,,,,,,,,,,,,,,,,,,,,,,,,,,,,,,,,
19th Apr 2025 23:00,,,,,,,,,,,,,,,,,,,,,,,,,,,,,,,,
20th Apr 2025 00:00,,,,,,,,,,,,,,,,,,,,,,,,,,,,,,,,
20th Apr 2025 01:00,,,,,,,,,,,,,,,,,,,,,,,,,,,,,,,,
20th Apr 2025 02:00,,,,,,,,,,,,,,,,,,,,,,,,,,,,,,,,
20th Apr 2025 03:00,,,,,,,,,,,,,,,,,,,,,,,,,,,,,,,,
20th Apr 2025 04:00,,,,,,,,,,,,,,,,,,,,,,,,,,,,,,,,
20th Apr 2025 05:00,,,,,,,,,,,,,,,,,,,,,,,,,,,,,,,,
20th Apr 2025 06:00,,,,,,,,,,,,,,,,,,,,,,,,,,,,,,,,
20th Apr 2025 07:00,,,,,,,,,,,,,,,,,,,,,,,,,,,,,,,,
20th Apr 2025 08:00,,,,,,,,,,,,,,,,,,,,,,,,,,,,,,,,
20th Apr 2025 09:00,,,,,,,,,,,,,,,,,,,,,,,,,,,,,,,,
20th Apr 2025 10:00,,,,,,,,,,,,,,,,,,,,,,,,,,,,,,,,
20th Apr 2025 11:00,,,,,,,,,,,,,,,,,,,,,,,,,,,,,,,,
20th Apr 2025 12:00,,,,,,,,,,,,,,,,,,,,,,,,,,,,,,,,
20th Apr 2025 13:00,,,,,,,,,,,,,,,,,,,,,,,,,,,,,,,,
20th Apr 2025 14:00,,,,,,,,,,,,,,,,,,,,,,,,,,,,,,,,
20th Apr 2025 15:00,,,,,,,,,,,,,,,,,,,,,,,,,,,,,,,,
20th Apr 2025 16:00,,,,,,,,,,,,,,,,,,,,,,,,,,,,,,,,
20th Apr 2025 17:00,,,,,,,,,,,,,,,,,,,,,,,,,,,,,,,,
20th Apr 2025 18:00,,,,,,,,,,,,,,,,,,,,,,,,,,,,,,,,
20th Apr 2025 19:00,,,,,,,,,,,,,,,,,,,,,,,,,,,,,,,,
20th Apr 2025 20:00,,,,,,,,,,,,,,,,,,,,,,,,,,,,,,,,
20th Apr 2025 21:00,,,,,,,,,,,,,,,,,,,,,,,,,,,,,,,,
20th Apr 2025 22:00,,,,,,,,,,,,,,,,,,,,,,,,,,,,,,,,
20th Apr 2025 23:00,,,,,,,,,,,,,,,,,,,,,,,,,,,,,,,,
21st Apr 2025 00:00,,,,,,,,,,,,,,,,,,,,,,,,,,,,,,,,
21st Apr 2025 01:00,,,,,,,,,,,,,,,,,,,,,,,,,,,,,,,,
21st Apr 2025 02:00,,,,,,,,,,,,,,,,,,,,,,,,,,,,,,,,
21st Apr 2025 03:00,,,,,,,,,,,,,,,,,,,,,,,,,,,,,,,,
21st Apr 2025 04:00,,,,,,,,,,,,,,,,,,,,,,,,,,,,,,,,
21st Apr 2025 05:00,,,,,,,,,,,,,,,,,,,,,,,,,,,,,,,,
21st Apr 2025 06:00,,,,,,,,,,,,,,,,,,,,,,,,,,,,,,,,
21st Apr 2025 07:00,,,,,,,,,,,,,,,,,,,,,,,,,,,,,,,,
21st Apr 2025 08:00,,,,,,,,,,,,,,,,,,,,,,,,,,,,,,,,
21st Apr 2025 09:00,,,,,,,,,,,,,,,,,,,,,,,,,,,,,,,,
21st Apr 2025 10:00,,,,,,,,,,,,,,,,,,,,,,,,,,,,,,,,
21st Apr 2025 11:00,,,,,,,,,,,,,,,,,,,,,,,,,,,,,,,,
21st Apr 2025 12:00,,,,,,,,,,,,,,,,,,,,,,,,,,,,,,,,
21st Apr 2025 13:00,,,,,,,,,,,,,,,,,,,,,,,,,,,,,,,,
21st Apr 2025 14:00,,,,,,,,,,,,,,,,,,,,,,,,,,,,,,,,
21st Apr 2025 15:00,,,,,,,,,,,,,,,,,,,,,,,,,,,,,,,,
21st Apr 2025 16:00,,,,,,,,,,,,,,,,,,,,,,,,,,,,,,,,
21st Apr 2025 17:00,,,,,,,,,,,,,,,,,,,,,,,,,,,,,,,,
21st Apr 2025 18:00,,,,,,,,,,,,,,,,,,,,,,,,,,,,,,,,
21st Apr 2025 19:00,,,,,,,,,,,,,,,,,,,,,,,,,,,,,,,,
21st Apr 2025 20:00,,,,,,,,,,,,,,,,,,,,,,,,,,,,,,,,
21st Apr 2025 21:00,,,,,,,,,,,,,,,,,,,,,,,,,,,,,,,,
21st Apr 2025 22:00,,,,,,,,,,,,,,,,,,,,,,,,,,,,,,,,
21st Apr 2025 23:00,,,,,,,,,,,,,,,,,,,,,,,,,,,,,,,,
22nd Apr 2025 00:00,,,,,,,,,,,,,,,,,,,,,,,,,,,,,,,,
22nd Apr 2025 01:00,,,,,,,,,,,,,,,,,,,,,,,,,,,,,,,,
22nd Apr 2025 02:00,,,,,,,,,,,,,,,,,,,,,,,,,,,,,,,,
22nd Apr 2025 03:00,,,,,,,,,,,,,,,,,,,,,,,,,,,,,,,,
22nd Apr 2025 04:00,,,,,,,,,,,,,,,,,,,,,,,,,,,,,,,,
22nd Apr 2025 05:00,,,,,,,,,,,,,,,,,,,,,,,,,,,,,,,,
22nd Apr 2025 06:00,,,,,,,,,,,,,,,,,,,,,,,,,,,,,,,,
22nd Apr 2025 07:00,,,,,,,,,,,,,,,,,,,,,,,,,,,,,,,,
22nd Apr 2025 08:00,,,,,,,,,,,,,,,,,,,,,,,,,,,,,,,,
22nd Apr 2025 09:00,,,,,,,,,,,,,,,,,,,,,,,,,,,,,,,,
22nd Apr 2025 10:00,,,,,,,,,,,,,,,,,,,,,,,,,,,,,,,,
22nd Apr 2025 11:00,,,,,,,,,,,,,,,,,,,,,,,,,,,,,,,,
22nd Apr 2025 12:00,,,,,,,,,,,,,,,,,,,,,,,,,,,,,,,,
22nd Apr 2025 13:00,,,,,,,,,,,,,,,,,,,,,,,,,,,,,,,,
22nd Apr 2025 14:00,,,,,,,,,,,,,,,,,,,,,,,,,,,,,,,,
22nd Apr 2025 15:00,,,,,,,,,,,,,,,,,,,,,,,,,,,,,,,,
22nd Apr 2025 16:00,,,,,,,,,,,,,,,,,,,,,,,,,,,,,,,,
22nd Apr 2025 17:00,,,,,,,,,,,,,,,,,,,,,,,,,,,,,,,,
22nd Apr 2025 18:00,,,,,,,,,,,,,,,,,,,,,,,,,,,,,,,,
22nd Apr 2025 19:00,,,,,,,,,,,,,,,,,,,,,,,,,,,,,,,,
22nd Apr 2025 20:00,,,,,,,,,,,,,,,,,,,,,,,,,,,,,,,,
22nd Apr 2025 21:00,,,,,,,,,,,,,,,,,,,,,,,,,,,,,,,,
22nd Apr 2025 22:00,,,,,,,,,,,,,,,,,,,,,,,,,,,,,,,,
22nd Apr 2025 23:00,,,,,,,,,,,,,,,,,,,,,,,,,,,,,,,,
23rd Apr 2025 00:00,,,,,,,,,,,,,,,,,,,,,,,,,,,,,,,,
23rd Apr 2025 01:00,,,,,,,,,,,,,,,,,,,,,,,,,,,,,,,,
23rd Apr 2025 02:00,,,,,,,,,,,,,,,,,,,,,,,,,,,,,,,,
23rd Apr 2025 03:00,,,,,,,,,,,,,,,,,,,,,,,,,,,,,,,,
23rd Apr 2025 04:00,,,,,,,,,,,,,,,,,,,,,,,,,,,,,,,,
23rd Apr 2025 05:00,,,,,,,,,,,,,,,,,,,,,,,,,,,,,,,,
23rd Apr 2025 06:00,,,,,,,,,,,,,,,,,,,,,,,,,,,,,,,,
23rd Apr 2025 07:00,,,,,,,,,,,,,,,,,,,,,,,,,,,,,,,,
23rd Apr 2025 08:00,,,,,,,,,,,,,,,,,,,,,,,,,,,,,,,,
23rd Apr 2025 09:00,,,,,,,,,,,,,,,,,,,,,,,,,,,,,,,,
23rd Apr 2025 10:00,,,,,,,,,,,,,,,,,,,,,,,,,,,,,,,,
23rd Apr 2025 11:00,,,,,,,,,,,,,,,,,,,,,,,,,,,,,,,,
23rd Apr 2025 12:00,,,,,,,,,,,,,,,,,,,,,,,,,,,,,,,,
23rd Apr 2025 13:00,,,,,,,,,,,,,,,,,,,,,,,,,,,,,,,,
23rd Apr 2025 14:00,,,,,,,,,,,,,,,,,,,,,,,,,,,,,,,,
23rd Apr 2025 15:00,,,,,,,,,,,,,,,,,,,,,,,,,,,,,,,,
23rd Apr 2025 16:00,,,,,,,,,,,,,,,,,,,,,,,,,,,,,,,,
23rd Apr 2025 17:00,,,,,,,,,,,,,,,,,,,,,,,,,,,,,,,,
23rd Apr 2025 18:00,,,,,,,,,,,,,,,,,,,,,,,,,,,,,,,,
23rd Apr 2025 19:00,,,,,,,,,,,,,,,,,,,,,,,,,,,,,,,,
23rd Apr 2025 20:00,,,,,,,,,,,,,,,,,,,,,,,,,,,,,,,,
23rd Apr 2025 21:00,,,,,,,,,,,,,,,,,,,,,,,,,,,,,,,,
23rd Apr 2025 22:00,,,,,,,,,,,,,,,,,,,,,,,,,,,,,,,,
23rd Apr 2025 23:00,,,,,,,,,,,,,,,,,,,,,,,,,,,,,,,,
24th Apr 2025 00:00,,,,,,,,,,,,,,,,,,,,,,,,,,,,,,,,
24th Apr 2025 01:00,,,,,,,,,,,,,,,,,,,,,,,,,,,,,,,,
24th Apr 2025 02:00,,,,,,,,,,,,,,,,,,,,,,,,,,,,,,,,
24th Apr 2025 03:00,,,,,,,,,,,,,,,,,,,,,,,,,,,,,,,,
24th Apr 2025 04:00,,,,,,,,,,,,,,,,,,,,,,,,,,,,,,,,
24th Apr 2025 05:00,,,,,,,,,,,,,,,,,,,,,,,,,,,,,,,,
24th Apr 2025 06:00,,,,,,,,,,,,,,,,,,,,,,,,,,,,,,,,
24th Apr 2025 07:00,,,,,,,,,,,,,,,,,,,,,,,,,,,,,,,,
24th Apr 2025 08:00,,,,,,,,,,,,,,,,,,,,,,,,,,,,,,,,
24th Apr 2025 09:00,,,,,,,,,,,,,,,,,,,,,,,,,,,,,,,,
24th Apr 2025 10:00,,,,,,,,,,,,,,,,,,,,,,,,,,,,,,,,
24th Apr 2025 11:00,,,,,,,,,,,,,,,,,,,,,,,,,,,,,,,,
24th Apr 2025 12:00,,,,,,,,,,,,,,,,,,,,,,,,,,,,,,,,
24th Apr 2025 13:00,,,,,,,,,,,,,,,,,,,,,,,,,,,,,,,,
24th Apr 2025 14:00,,,,,,,,,,,,,,,,,,,,,,,,,,,,,,,,
24th Apr 2025 15:00,,,,,,,,,,,,,,,,,,,,,,,,,,,,,,,,
24th Apr 2025 16:00,,,,,,,,,,,,,,,,,,,,,,,,,,,,,,,,
24th Apr 2025 17:00,,,,,,,,,,,,,,,,,,,,,,,,,,,,,,,,
24th Apr 2025 18:00,,,,,,,,,,,,,,,,,,,,,,,,,,,,,,,,
24th Apr 2025 19:00,,,,,,,,,,,,,,,,,,,,,,,,,,,,,,,,
24th Apr 2025 20:00,,,,,,,,,,,,,,,,,,,,,,,,,,,,,,,,
24th Apr 2025 21:00,,,,,,,,,,,,,,,,,,,,,,,,,,,,,,,,
24th Apr 2025 22:00,,,,,,,,,,,,,,,,,,,,,,,,,,,,,,,,
24th Apr 2025 23:00,,,,,,,,,,,,,,,,,,,,,,,,,,,,,,,,
25th Apr 2025 00:00,,,,,,,,,,,,,,,,,,,,,,,,,,,,,,,,
25th Apr 2025 01:00,,,,,,,,,,,,,,,,,,,,,,,,,,,,,,,,
25th Apr 2025 02:00,,,,,,,,,,,,,,,,,,,,,,,,,,,,,,,,
25th Apr 2025 03:00,,,,,,,,,,,,,,,,,,,,,,,,,,,,,,,,
25th Apr 2025 04:00,,,,,,,,,,,,,,,,,,,,,,,,,,,,,,,,
25th Apr 2025 05:00,,,,,,,,,,,,,,,,,,,,,,,,,,,,,,,,
25th Apr 2025 06:00,,,,,,,,,,,,,,,,,,,,,,,,,,,,,,,,
25th Apr 2025 07:00,,,,,,,,,,,,,,,,,,,,,,,,,,,,,,,,
25th Apr 2025 08:00,,,,,,,,,,,,,,,,,,,,,,,,,,,,,,,,
25th Apr 2025 09:00,,,,,,,,,,,,,,,,,,,,,,,,,,,,,,,,
25th Apr 2025 10:00,,,,,,,,,,,,,,,,,,,,,,,,,,,,,,,,
25th Apr 2025 11:00,,,,,,,,,,,,,,,,,,,,,,,,,,,,,,,,
25th Apr 2025 12:00,,,,,,,,,,,,,,,,,,,,,,,,,,,,,,,,
25th Apr 2025 13:00,,,,,,,,,,,,,,,,,,,,,,,,,,,,,,,,
25th Apr 2025 14:00,,,,,,,,,,,,,,,,,,,,,,,,,,,,,,,,
25th Apr 2025 15:00,,,,,,,,,,,,,,,,,,,,,,,,,,,,,,,,
25th Apr 2025 16:00,,,,,,,,,,,,,,,,,,,,,,,,,,,,,,,,
25th Apr 2025 17:00,,,,,,,,,,,,,,,,,,,,,,,,,,,,,,,,
25th Apr 2025 18:00,,,,,,,,,,,,,,,,,,,,,,,,,,,,,,,,
25th Apr 2025 19:00,,,,,,,,,,,,,,,,,,,,,,,,,,,,,,,,
25th Apr 2025 20:00,,,,,,,,,,,,,,,,,,,,,,,,,,,,,,,,
25th Apr 2025 21:00,,,,,,,,,,,,,,,,,,,,,,,,,,,,,,,,
25th Apr 2025 22:00,,,,,,,,,,,,,,,,,,,,,,,,,,,,,,,,
25th Apr 2025 23:00,,,,,,,,,,,,,,,,,,,,,,,,,,,,,,,,
26th Apr 2025 00:00,,,,,,,,,,,,,,,,,,,,,,,,,,,,,,,,
26th Apr 2025 01:00,,,,,,,,,,,,,,,,,,,,,,,,,,,,,,,,
26th Apr 2025 02:00,,,,,,,,,,,,,,,,,,,,,,,,,,,,,,,,
26th Apr 2025 03:00,,,,,,,,,,,,,,,,,,,,,,,,,,,,,,,,
26th Apr 2025 04:00,,,,,,,,,,,,,,,,,,,,,,,,,,,,,,,,
26th Apr 2025 05:00,,,,,,,,,,,,,,,,,,,,,,,,,,,,,,,,
26th Apr 2025 06:00,,,,,,,,,,,,,,,,,,,,,,,,,,,,,,,,
26th Apr 2025 07:00,,,,,,,,,,,,,,,,,,,,,,,,,,,,,,,,
26th Apr 2025 08:00,,,,,,,,,,,,,,,,,,,,,,,,,,,,,,,,
26th Apr 2025 09:00,,,,,,,,,,,,,,,,,,,,,,,,,,,,,,,,
26th Apr 2025 10:00,,,,,,,,,,,,,,,,,,,,,,,,,,,,,,,,
26th Apr 2025 11:00,,,,,,,,,,,,,,,,,,,,,,,,,,,,,,,,
26th Apr 2025 12:00,,,,,,,,,,,,,,,,,,,,,,,,,,,,,,,,
26th Apr 2025 13:00,,,,,,,,,,,,,,,,,,,,,,,,,,,,,,,,
26th Apr 2025 14:00,,,,,,,,,,,,,,,,,,,,,,,,,,,,,,,,
26th Apr 2025 15:00,,,,,,,,,,,,,,,,,,,,,,,,,,,,,,,,
26th Apr 2025 16:00,,,,,,,,,,,,,,,,,,,,,,,,,,,,,,,,
26th Apr 2025 17:00,,,,,,,,,,,,,,,,,,,,,,,,,,,,,,,,
26th Apr 2025 18:00,,,,,,,,,,,,,,,,,,,,,,,,,,,,,,,,
26th Apr 2025 19:00,,,,,,,,,,,,,,,,,,,,,,,,,,,,,,,,
26th Apr 2025 20:00,,,,,,,,,,,,,,,,,,,,,,,,,,,,,,,,
26th Apr 2025 21:00,,,,,,,,,,,,,,,,,,,,,,,,,,,,,,,,
26th Apr 2025 22:00,,,,,,,,,,,,,,,,,,,,,,,,,,,,,,,,
26th Apr 2025 23:00,,,,,,,,,,,,,,,,,,,,,,,,,,,,,,,,
27th Apr 2025 00:00,,,,,,,,,,,,,,,,,,,,,,,,,,,,,,,,
27th Apr 2025 01:00,,,,,,,,,,,,,,,,,,,,,,,,,,,,,,,,
27th Apr 2025 02:00,,,,,,,,,,,,,,,,,,,,,,,,,,,,,,,,
27th Apr 2025 03:00,,,,,,,,,,,,,,,,,,,,,,,,,,,,,,,,
27th Apr 2025 04:00,,,,,,,,,,,,,,,,,,,,,,,,,,,,,,,,
27th Apr 2025 05:00,,,,,,,,,,,,,,,,,,,,,,,,,,,,,,,,
27th Apr 2025 06:00,,,,,,,,,,,,,,,,,,,,,,,,,,,,,,,,
27th Apr 2025 07:00,,,,,,,,,,,,,,,,,,,,,,,,,,,,,,,,
27th Apr 2025 08:00,,,,,,,,,,,,,,,,,,,,,,,,,,,,,,,,
27th Apr 2025 09:00,,,,,,,,,,,,,,,,,,,,,,,,,,,,,,,,
27th Apr 2025 10:00,,,,,,,,,,,,,,,,,,,,,,,,,,,,,,,,
27th Apr 2025 11:00,,,,,,,,,,,,,,,,,,,,,,,,,,,,,,,,
27th Apr 2025 12:00,,,,,,,,,,,,,,,,,,,,,,,,,,,,,,,,
27th Apr 2025 13:00,,,,,,,,,,,,,,,,,,,,,,,,,,,,,,,,
27th Apr 2025 14:00,,,,,,,,,,,,,,,,,,,,,,,,,,,,,,,,
27th Apr 2025 15:00,,,,,,,,,,,,,,,,,,,,,,,,,,,,,,,,
27th Apr 2025 16:00,,,,,,,,,,,,,,,,,,,,,,,,,,,,,,,,
27th Apr 2025 17:00,,,,,,,,,,,,,,,,,,,,,,,,,,,,,,,,
27th Apr 2025 18:00,,,,,,,,,,,,,,,,,,,,,,,,,,,,,,,,
27th Apr 2025 19:00,,,,,,,,,,,,,,,,,,,,,,,,,,,,,,,,
27th Apr 2025 20:00,,,,,,,,,,,,,,,,,,,,,,,,,,,,,,,,
27th Apr 2025 21:00,,,,,,,,,,,,,,,,,,,,,,,,,,,,,,,,
27th Apr 2025 22:00,,,,,,,,,,,,,,,,,,,,,,,,,,,,,,,,
27th Apr 2025 23:00,,,,,,,,,,,,,,,,,,,,,,,,,,,,,,,,
28th Apr 2025 00:00,,,,,,,,,,,,,,,,,,,,,,,,,,,,,,,,
28th Apr 2025 01:00,,,,,,,,,,,,,,,,,,,,,,,,,,,,,,,,
28th Apr 2025 02:00,,,,,,,,,,,,,,,,,,,,,,,,,,,,,,,,
28th Apr 2025 03:00,,,,,,,,,,,,,,,,,,,,,,,,,,,,,,,,
28th Apr 2025 04:00,,,,,,,,,,,,,,,,,,,,,,,,,,,,,,,,
28th Apr 2025 05:00,,,,,,,,,,,,,,,,,,,,,,,,,,,,,,,,
28th Apr 2025 06:00,,,,,,,,,,,,,,,,,,,,,,,,,,,,,,,,
28th Apr 2025 07:00,,,,,,,,,,,,,,,,,,,,,,,,,,,,,,,,
28th Apr 2025 08:00,,,,,,,,,,,,,,,,,,,,,,,,,,,,,,,,
28th Apr 2025 09:00,,,,,,,,,,,,,,,,,,,,,,,,,,,,,,,,
28th Apr 2025 10:00,,,,,,,,,,,,,,,,,,,,,,,,,,,,,,,,
28th Apr 2025 11:00,,,,,,,,,,,,,,,,,,,,,,,,,,,,,,,,
28th Apr 2025 12:00,,,,,,,,,,,,,,,,,,,,,,,,,,,,,,,,
28th Apr 2025 13:00,,,,,,,,,,,,,,,,,,,,,,,,,,,,,,,,
28th Apr 2025 14:00,,,,,,,,,,,,,,,,,,,,,,,,,,,,,,,,
28th Apr 2025 15:00,,,,,,,,,,,,,,,,,,,,,,,,,,,,,,,,
28th Apr 2025 16:00,,,,,,,,,,,,,,,,,,,,,,,,,,,,,,,,
28th Apr 2025 17:00,,,,,,,,,,,,,,,,,,,,,,,,,,,,,,,,
28th Apr 2025 18:00,,,,,,,,,,,,,,,,,,,,,,,,,,,,,,,,
28th Apr 2025 19:00,,,,,,,,,,,,,,,,,,,,,,,,,,,,,,,,
28th Apr 2025 20:00,,,,,,,,,,,,,,,,,,,,,,,,,,,,,,,,
28th Apr 2025 21:00,,,,,,,,,,,,,,,,,,,,,,,,,,,,,,,,
28th Apr 2025 22:00,,,,,,,,,,,,,,,,,,,,,,,,,,,,,,,,
28th Apr 2025 23:00,,,,,,,,,,,,,,,,,,,,,,,,,,,,,,,,
29th Apr 2025 00:00,,,,,,,,,,,,,,,,,,,,,,,,,,,,,,,,
29th Apr 2025 01:00,,,,,,,,,,,,,,,,,,,,,,,,,,,,,,,,
29th Apr 2025 02:00,,,,,,,,,,,,,,,,,,,,,,,,,,,,,,,,
29th Apr 2025 03:00,,,,,,,,,,,,,,,,,,,,,,,,,,,,,,,,
29th Apr 2025 04:00,,,,,,,,,,,,,,,,,,,,,,,,,,,,,,,,
29th Apr 2025 05:00,,,,,,,,,,,,,,,,,,,,,,,,,,,,,,,,
29th Apr 2025 06:00,,,,,,,,,,,,,,,,,,,,,,,,,,,,,,,,
29th Apr 2025 07:00,,,,,,,,,,,,,,,,,,,,,,,,,,,,,,,,
29th Apr 2025 08:00,,,,,,,,,,,,,,,,,,,,,,,,,,,,,,,,
29th Apr 2025 09:00,,,,,,,,,,,,,,,,,,,,,,,,,,,,,,,,
29th Apr 2025 10:00,,,,,,,,,,,,,,,,,,,,,,,,,,,,,,,,
29th Apr 2025 11:00,,,,,,,,,,,,,,,,,,,,,,,,,,,,,,,,
29th Apr 2025 12:00,,,,,,,,,,,,,,,,,,,,,,,,,,,,,,,,
29th Apr 2025 13:00,,,,,,,,,,,,,,,,,,,,,,,,,,,,,,,,
29th Apr 2025 14:00,,,,,,,,,,,,,,,,,,,,,,,,,,,,,,,,
29th Apr 2025 15:00,,,,,,,,,,,,,,,,,,,,,,,,,,,,,,,,
29th Apr 2025 16:00,,,,,,,,,,,,,,,,,,,,,,,,,,,,,,,,
29th Apr 2025 17:00,,,,,,,,,,,,,,,,,,,,,,,,,,,,,,,,
29th Apr 2025 18:00,,,,,,,,,,,,,,,,,,,,,,,,,,,,,,,,
29th Apr 2025 19:00,,,,,,,,,,,,,,,,,,,,,,,,,,,,,,,,
29th Apr 2025 20:00,,,,,,,,,,,,,,,,,,,,,,,,,,,,,,,,
29th Apr 2025 21:00,,,,,,,,,,,,,,,,,,,,,,,,,,,,,,,,
29th Apr 2025 22:00,,,,,,,,,,,,,,,,,,,,,,,,,,,,,,,,
29th Apr 2025 23:00,,,,,,,,,,,,,,,,,,,,,,,,,,,,,,,,
30th Apr 2025 00:00,,,,,,,,,,,,,,,,,,,,,,,,,,,,,,,,
30th Apr 2025 01:00,,,,,,,,,,,,,,,,,,,,,,,,,,,,,,,,
30th Apr 2025 02:00,,,,,,,,,,,,,,,,,,,,,,,,,,,,,,,,
30th Apr 2025 03:00,,,,,,,,,,,,,,,,,,,,,,,,,,,,,,,,
30th Apr 2025 04:00,,,,,,,,,,,,,,,,,,,,,,,,,,,,,,,,
30th Apr 2025 05:00,,,,,,,,,,,,,,,,,,,,,,,,,,,,,,,,
30th Apr 2025 06:00,,,,,,,,,,,,,,,,,,,,,,,,,,,,,,,,
30th Apr 2025 07:00,,,,,,,,,,,,,,,,,,,,,,,,,,,,,,,,
30th Apr 2025 08:00,,,,,,,,,,,,,,,,,,,,,,,,,,,,,,,,
30th Apr 2025 09:00,,,,,,,,,,,,,,,,,,,,,,,,,,,,,,,,
30th Apr 2025 10:00,,,,,,,,,,,,,,,,,,,,,,,,,,,,,,,,
30th Apr 2025 11:00,,,,,,,,,,,,,,,,,,,,,,,,,,,,,,,,
30th Apr 2025 12:00,,,,,,,,,,,,,,,,,,,,,,,,,,,,,,,,
30th Apr 2025 13:00,,,,,,,,,,,,,,,,,,,,,,,,,,,,,,,,
30th Apr 2025 14:00,,,,,,,,,,,,,,,,,,,,,,,,,,,,,,,,
30th Apr 2025 15:00,,,,,,,,,,,,,,,,,,,,,,,,,,,,,,,,
30th Apr 2025 16:00,,,,,,,,,,,,,,,,,,,,,,,,,,,,,,,,
30th Apr 2025 17:00,,,,,,,,,,,,,,,,,,,,,,,,,,,,,,,,
30th Apr 2025 18:00,,,,,,,,,,,,,,,,,,,,,,,,,,,,,,,,
30th Apr 2025 19:00,,,,,,,,,,,,,,,,,,,,,,,,,,,,,,,,
30th Apr 2025 20:00,,,,,,,,,,,,,,,,,,,,,,,,,,,,,,,,
30th Apr 2025 21:00,,,,,,,,,,,,,,,,,,,,,,,,,,,,,,,,
30th Apr 2025 22:00,,,,,,,,,,,,,,,,,,,,,,,,,,,,,,,,
30th Apr 2025 23:00,,,,,,,,,,,,,,,,,,,,,,,,,,,,,,,,
1st May 2025 00:00,,,,,,,,,,,,,,,,,,,,,,,,,,,,,,,,
1st May 2025 01:00,,,,,,,,,,,,,,,,,,,,,,,,,,,,,,,,
1st May 2025 02:00,,,,,,,,,,,,,,,,,,,,,,,,,,,,,,,,
1st May 2025 03:00,,,,,,,,,,,,,,,,,,,,,,,,,,,,,,,,
1st May 2025 04:00,,,,,,,,,,,,,,,,,,,,,,,,,,,,,,,,
1st May 2025 05:00,,,,,,,,,,,,,,,,,,,,,,,,,,,,,,,,
1st May 2025 06:00,,,,,,,,,,,,,,,,,,,,,,,,,,,,,,,,
1st May 2025 07:00,,,,,,,,,,,,,,,,,,,,,,,,,,,,,,,,
1st May 2025 08:00,,,,,,,,,,,,,,,,,,,,,,,,,,,,,,,,
1st May 2025 09:00,,,,,,,,,,,,,,,,,,,,,,,,,,,,,,,,
1st May 2025 10:00,,,,,,,,,,,,,,,,,,,,,,,,,,,,,,,,
1st May 2025 11:00,,,,,,,,,,,,,,,,,,,,,,,,,,,,,,,,
1st May 2025 12:00,,,,,,,,,,,,,,,,,,,,,,,,,,,,,,,,
1st May 2025 13:00,,,,,,,,,,,,,,,,,,,,,,,,,,,,,,,,
1st May 2025 14:00,,,,,,,,,,,,,,,,,,,,,,,,,,,,,,,,
1st May 2025 15:00,,,,,,,,,,,,,,,,,,,,,,,,,,,,,,,,
1st May 2025 16:00,,,,,,,,,,,,,,,,,,,,,,,,,,,,,,,,
1st May 2025 17:00,,,,,,,,,,,,,,,,,,,,,,,,,,,,,,,,
1st May 2025 18:00,,,,,,,,,,,,,,,,,,,,,,,,,,,,,,,,
1st May 2025 19:00,,,,,,,,,,,,,,,,,,,,,,,,,,,,,,,,
1st May 2025 20:00,,,,,,,,,,,,,,,,,,,,,,,,,,,,,,,,
1st May 2025 21:00,,,,,,,,,,,,,,,,,,,,,,,,,,,,,,,,
1st May 2025 22:00,,,,,,,,,,,,,,,,,,,,,,,,,,,,,,,,
1st May 2025 23:00,,,,,,,,,,,,,,,,,,,,,,,,,,,,,,,,
2nd May 2025 00:00,,,,,,,,,,,,,,,,,,,,,,,,,,,,,,,,
2nd May 2025 01:00,,,,,,,,,,,,,,,,,,,,,,,,,,,,,,,,
2nd May 2025 02:00,,,,,,,,,,,,,,,,,,,,,,,,,,,,,,,,
2nd May 2025 03:00,,,,,,,,,,,,,,,,,,,,,,,,,,,,,,,,
2nd May 2025 04:00,,,,,,,,,,,,,,,,,,,,,,,,,,,,,,,,
2nd May 2025 05:00,,,,,,,,,,,,,,,,,,,,,,,,,,,,,,,,
2nd May 2025 06:00,,,,,,,,,,,,,,,,,,,,,,,,,,,,,,,,
2nd May 2025 07:00,,,,,,,,,,,,,,,,,,,,,,,,,,,,,,,,
2nd May 2025 08:00,,,,,,,,,,,,,,,,,,,,,,,,,,,,,,,,
2nd May 2025 09:00,,,,,,,,,,,,,,,,,,,,,,,,,,,,,,,,
2nd May 2025 10:00,,,,,,,,,,,,,,,,,,,,,,,,,,,,,,,,
2nd May 2025 11:00,,,,,,,,,,,,,,,,,,,,,,,,,,,,,,,,
2nd May 2025 12:00,,,,,,,,,,,,,,,,,,,,,,,,,,,,,,,,
2nd May 2025 13:00,,,,,,,,,,,,,,,,,,,,,,,,,,,,,,,,
2nd May 2025 14:00,,,,,,,,,,,,,,,,,,,,,,,,,,,,,,,,
2nd May 2025 15:00,,,,,,,,,,,,,,,,,,,,,,,,,,,,,,,,
2nd May 2025 16:00,,,,,,,,,,,,,,,,,,,,,,,,,,,,,,,,
2nd May 2025 17:00,,,,,,,,,,,,,,,,,,,,,,,,,,,,,,,,
2nd May 2025 18:00,,,,,,,,,,,,,,,,,,,,,,,,,,,,,,,,
2nd May 2025 19:00,,,,,,,,,,,,,,,,,,,,,,,,,,,,,,,,
2nd May 2025 20:00,,,,,,,,,,,,,,,,,,,,,,,,,,,,,,,,
2nd May 2025 21:00,,,,,,,,,,,,,,,,,,,,,,,,,,,,,,,,
2nd May 2025 22:00,,,,,,,,,,,,,,,,,,,,,,,,,,,,,,,,
2nd May 2025 23:00,,,,,,,,,,,,,,,,,,,,,,,,,,,,,,,,
3rd May 2025 00:00,,,,,,,,,,,,,,,,,,,,,,,,,,,,,,,,
3rd May 2025 01:00,,,,,,,,,,,,,,,,,,,,,,,,,,,,,,,,
3rd May 2025 02:00,,,,,,,,,,,,,,,,,,,,,,,,,,,,,,,,
3rd May 2025 03:00,,,,,,,,,,,,,,,,,,,,,,,,,,,,,,,,
3rd May 2025 04:00,,,,,,,,,,,,,,,,,,,,,,,,,,,,,,,,
3rd May 2025 05:00,,,,,,,,,,,,,,,,,,,,,,,,,,,,,,,,
3rd May 2025 06:00,,,,,,,,,,,,,,,,,,,,,,,,,,,,,,,,
3rd May 2025 07:00,,,,,,,,,,,,,,,,,,,,,,,,,,,,,,,,
3rd May 2025 08:00,,,,,,,,,,,,,,,,,,,,,,,,,,,,,,,,
3rd May 2025 09:00,,,,,,,,,,,,,,,,,,,,,,,,,,,,,,,,
3rd May 2025 10:00,,,,,,,,,,,,,,,,,,,,,,,,,,,,,,,,
3rd May 2025 11:00,,,,,,,,,,,,,,,,,,,,,,,,,,,,,,,,
3rd May 2025 12:00,,,,,,,,,,,,,,,,,,,,,,,,,,,,,,,,
3rd May 2025 13:00,,,,,,,,,,,,,,,,,,,,,,,,,,,,,,,,
3rd May 2025 14:00,,,,,,,,,,,,,,,,,,,,,,,,,,,,,,,,
3rd May 2025 15:00,,,,,,,,,,,,,,,,,,,,,,,,,,,,,,,,
3rd May 2025 16:00,,,,,,,,,,,,,,,,,,,,,,,,,,,,,,,,
3rd May 2025 17:00,,,,,,,,,,,,,,,,,,,,,,,,,,,,,,,,
3rd May 2025 18:00,,,,,,,,,,,,,,,,,,,,,,,,,,,,,,,,
3rd May 2025 19:00,,,,,,,,,,,,,,,,,,,,,,,,,,,,,,,,
3rd May 2025 20:00,,,,,,,,,,,,,,,,,,,,,,,,,,,,,,,,
3rd May 2025 21:00,,,,,,,,,,,,,,,,,,,,,,,,,,,,,,,,
3rd May 2025 22:00,,,,,,,,,,,,,,,,,,,,,,,,,,,,,,,,
3rd May 2025 23:00,,,,,,,,,,,,,,,,,,,,,,,,,,,,,,,,
4th May 2025 00:00,,,,,,,,,,,,,,,,,,,,,,,,,,,,,,,,
4th May 2025 01:00,,,,,,,,,,,,,,,,,,,,,,,,,,,,,,,,
4th May 2025 02:00,,,,,,,,,,,,,,,,,,,,,,,,,,,,,,,,
4th May 2025 03:00,,,,,,,,,,,,,,,,,,,,,,,,,,,,,,,,
4th May 2025 04:00,,,,,,,,,,,,,,,,,,,,,,,,,,,,,,,,
4th May 2025 05:00,,,,,,,,,,,,,,,,,,,,,,,,,,,,,,,,
4th May 2025 06:00,,,,,,,,,,,,,,,,,,,,,,,,,,,,,,,,
4th May 2025 07:00,,,,,,,,,,,,,,,,,,,,,,,,,,,,,,,,
4th May 2025 08:00,,,,,,,,,,,,,,,,,,,,,,,,,,,,,,,,
4th May 2025 09:00,,,,,,,,,,,,,,,,,,,,,,,,,,,,,,,,
4th May 2025 10:00,,,,,,,,,,,,,,,,,,,,,,,,,,,,,,,,
4th May 2025 11:00,,,,,,,,,,,,,,,,,,,,,,,,,,,,,,,,
4th May 2025 12:00,,,,,,,,,,,,,,,,,,,,,,,,,,,,,,,,
4th May 2025 13:00,,,,,,,,,,,,,,,,,,,,,,,,,,,,,,,,
4th May 2025 14:00,,,,,,,,,,,,,,,,,,,,,,,,,,,,,,,,
4th May 2025 15:00,,,,,,,,,,,,,,,,,,,,,,,,,,,,,,,,
4th May 2025 16:00,,,,,,,,,,,,,,,,,,,,,,,,,,,,,,,,
4th May 2025 17:00,,,,,,,,,,,,,,,,,,,,,,,,,,,,,,,,
4th May 2025 18:00,,,,,,,,,,,,,,,,,,,,,,,,,,,,,,,,
4th May 2025 19:00,,,,,,,,,,,,,,,,,,,,,,,,,,,,,,,,
4th May 2025 20:00,,,,,,,,,,,,,,,,,,,,,,,,,,,,,,,,
4th May 2025 21:00,,,,,,,,,,,,,,,,,,,,,,,,,,,,,,,,
4th May 2025 22:00,,,,,,,,,,,,,,,,,,,,,,,,,,,,,,,,
4th May 2025 23:00,,,,,,,,,,,,,,,,,,,,,,,,,,,,,,,,
5th May 2025 00:00,,,,,,,,,,,,,,,,,,,,,,,,,,,,,,,,
5th May 2025 01:00,,,,,,,,,,,,,,,,,,,,,,,,,,,,,,,,
5th May 2025 02:00,,,,,,,,,,,,,,,,,,,,,,,,,,,,,,,,
5th May 2025 03:00,,,,,,,,,,,,,,,,,,,,,,,,,,,,,,,,
5th May 2025 04:00,,,,,,,,,,,,,,,,,,,,,,,,,,,,,,,,
5th May 2025 05:00,,,,,,,,,,,,,,,,,,,,,,,,,,,,,,,,
5th May 2025 06:00,,,,,,,,,,,,,,,,,,,,,,,,,,,,,,,,
5th May 2025 07:00,,,,,,,,,,,,,,,,,,,,,,,,,,,,,,,,
5th May 2025 08:00,,,,,,,,,,,,,,,,,,,,,,,,,,,,,,,,
5th May 2025 09:00,,,,,,,,,,,,,,,,,,,,,,,,,,,,,,,,
5th May 2025 10:00,,,,,,,,,,,,,,,,,,,,,,,,,,,,,,,,
5th May 2025 11:00,,,,,,,,,,,,,,,,,,,,,,,,,,,,,,,,
5th May 2025 12:00,,,,,,,,,,,,,,,,,,,,,,,,,,,,,,,,
5th May 2025 13:00,,,,,,,,,,,,,,,,,,,,,,,,,,,,,,,,
5th May 2025 14:00,,,,,,,,,,,,,,,,,,,,,,,,,,,,,,,,
5th May 2025 15:00,,,,,,,,,,,,,,,,,,,,,,,,,,,,,,,,
5th May 2025 16:00,,,,,,,,,,,,,,,,,,,,,,,,,,,,,,,,
5th May 2025 17:00,,,,,,,,,,,,,,,,,,,,,,,,,,,,,,,,
5th May 2025 18:00,,,,,,,,,,,,,,,,,,,,,,,,,,,,,,,,
5th May 2025 19:00,,,,,,,,,,,,,,,,,,,,,,,,,,,,,,,,
5th May 2025 20:00,,,,,,,,,,,,,,,,,,,,,,,,,,,,,,,,
5th May 2025 21:00,,,,,,,,,,,,,,,,,,,,,,,,,,,,,,,,
5th May 2025 22:00,,,,,,,,,,,,,,,,,,,,,,,,,,,,,,,,
5th May 2025 23:00,,,,,,,,,,,,,,,,,,,,,,,,,,,,,,,,
6th May 2025 00:00,,,,,,,,,,,,,,,,,,,,,,,,,,,,,,,,
6th May 2025 01:00,,,,,,,,,,,,,,,,,,,,,,,,,,,,,,,,
6th May 2025 02:00,,,,,,,,,,,,,,,,,,,,,,,,,,,,,,,,
6th May 2025 03:00,,,,,,,,,,,,,,,,,,,,,,,,,,,,,,,,
6th May 2025 04:00,,,,,,,,,,,,,,,,,,,,,,,,,,,,,,,,
6th May 2025 05:00,,,,,,,,,,,,,,,,,,,,,,,,,,,,,,,,
6th May 2025 06:00,,,,,,,,,,,,,,,,,,,,,,,,,,,,,,,,
6th May 2025 07:00,,,,,,,,,,,,,,,,,,,,,,,,,,,,,,,,
6th May 2025 08:00,,,,,,,,,,,,,,,,,,,,,,,,,,,,,,,,
6th May 2025 09:00,,,,,,,,,,,,,,,,,,,,,,,,,,,,,,,,
6th May 2025 10:00,,,,,,,,,,,,,,,,,,,,,,,,,,,,,,,,
6th May 2025 11:00,,,,,,,,,,,,,,,,,,,,,,,,,,,,,,,,
6th May 2025 12:00,,,,,,,,,,,,,,,,,,,,,,,,,,,,,,,,
6th May 2025 13:00,,,,,,,,,,,,,,,,,,,,,,,,,,,,,,,,
6th May 2025 14:00,,,,,,,,,,,,,,,,,,,,,,,,,,,,,,,,
6th May 2025 15:00,,,,,,,,,,,,,,,,,,,,,,,,,,,,,,,,
6th May 2025 16:00,,,,,,,,,,,,,,,,,,,,,,,,,,,,,,,,
6th May 2025 17:00,,,,,,,,,,,,,,,,,,,,,,,,,,,,,,,,
6th May 2025 18:00,,,,,,,,,,,,,,,,,,,,,,,,,,,,,,,,
6th May 2025 19:00,,,,,,,,,,,,,,,,,,,,,,,,,,,,,,,,
6th May 2025 20:00,,,,,,,,,,,,,,,,,,,,,,,,,,,,,,,,
6th May 2025 21:00,,,,,,,,,,,,,,,,,,,,,,,,,,,,,,,,
6th May 2025 22:00,,,,,,,,,,,,,,,,,,,,,,,,,,,,,,,,
6th May 2025 23:00,,,,,,,,,,,,,,,,,,,,,,,,,,,,,,,,
7th May 2025 00:00,,,,,,,,,,,,,,,,,,,,,,,,,,,,,,,,
7th May 2025 01:00,,,,,,,,,,,,,,,,,,,,,,,,,,,,,,,,
7th May 2025 02:00,,,,,,,,,,,,,,,,,,,,,,,,,,,,,,,,
7th May 2025 03:00,,,,,,,,,,,,,,,,,,,,,,,,,,,,,,,,
7th May 2025 04:00,,,,,,,,,,,,,,,,,,,,,,,,,,,,,,,,
7th May 2025 05:00,,,,,,,,,,,,,,,,,,,,,,,,,,,,,,,,
7th May 2025 06:00,,,,,,,,,,,,,,,,,,,,,,,,,,,,,,,,
7th May 2025 07:00,,,,,,,,,,,,,,,,,,,,,,,,,,,,,,,,
7th May 2025 08:00,,,,,,,,,,,,,,,,,,,,,,,,,,,,,,,,
7th May 2025 09:00,,,,,,,,,,,,,,,,,,,,,,,,,,,,,,,,
7th May 2025 10:00,,,,,,,,,,,,,,,,,,,,,,,,,,,,,,,,
7th May 2025 11:00,,,,,,,,,,,,,,,,,,,,,,,,,,,,,,,,
7th May 2025 12:00,,,,,,,,,,,,,,,,,,,,,,,,,,,,,,,,
7th May 2025 13:00,,,,,,,,,,,,,,,,,,,,,,,,,,,,,,,,
7th May 2025 14:00,,,,,,,,,,,,,,,,,,,,,,,,,,,,,,,,
7th May 2025 15:00,,,,,,,,,,,,,,,,,,,,,,,,,,,,,,,,
7th May 2025 16:00,,,,,,,,,,,,,,,,,,,,,,,,,,,,,,,,
7th May 2025 17:00,,,,,,,,,,,,,,,,,,,,,,,,,,,,,,,,
7th May 2025 18:00,,,,,,,,,,,,,,,,,,,,,,,,,,,,,,,,
7th May 2025 19:00,,,,,,,,,,,,,,,,,,,,,,,,,,,,,,,,
7th May 2025 20:00,,,,,,,,,,,,,,,,,,,,,,,,,,,,,,,,
7th May 2025 21:00,,,,,,,,,,,,,,,,,,,,,,,,,,,,,,,,
7th May 2025 22:00,,,,,,,,,,,,,,,,,,,,,,,,,,,,,,,,
7th May 2025 23:00,,,,,,,,,,,,,,,,,,,,,,,,,,,,,,,,
8th May 2025 00:00,,,,,,,,,,,,,,,,,,,,,,,,,,,,,,,,
8th May 2025 01:00,,,,,,,,,,,,,,,,,,,,,,,,,,,,,,,,
8th May 2025 02:00,,,,,,,,,,,,,,,,,,,,,,,,,,,,,,,,
8th May 2025 03:00,,,,,,,,,,,,,,,,,,,,,,,,,,,,,,,,
8th May 2025 04:00,,,,,,,,,,,,,,,,,,,,,,,,,,,,,,,,
8th May 2025 05:00,,,,,,,,,,,,,,,,,,,,,,,,,,,,,,,,
8th May 2025 06:00,,,,,,,,,,,,,,,,,,,,,,,,,,,,,,,,
8th May 2025 07:00,,,,,,,,,,,,,,,,,,,,,,,,,,,,,,,,
8th May 2025 08:00,,,,,,,,,,,,,,,,,,,,,,,,,,,,,,,,
8th May 2025 09:00,,,,,,,,,,,,,,,,,,,,,,,,,,,,,,,,
8th May 2025 10:00,,,,,,,,,,,,,,,,,,,,,,,,,,,,,,,,
8th May 2025 11:00,,,,,,,,,,,,,,,,,,,,,,,,,,,,,,,,
8th May 2025 12:00,,,,,,,,,,,,,,,,,,,,,,,,,,,,,,,,
8th May 2025 13:00,,,,,,,,,,,,,,,,,,,,,,,,,,,,,,,,
8th May 2025 14:00,,,,,,,,,,,,,,,,,,,,,,,,,,,,,,,,
8th May 2025 15:00,,,,,,,,,,,,,,,,,,,,,,,,,,,,,,,,
8th May 2025 16:00,,,,,,,,,,,,,,,,,,,,,,,,,,,,,,,,
8th May 2025 17:00,,,,,,,,,,,,,,,,,,,,,,,,,,,,,,,,
8th May 2025 18:00,,,,,,,,,,,,,,,,,,,,,,,,,,,,,,,,
8th May 2025 19:00,,,,,,,,,,,,,,,,,,,,,,,,,,,,,,,,
8th May 2025 20:00,,,,,,,,,,,,,,,,,,,,,,,,,,,,,,,,
8th May 2025 21:00,,,,,,,,,,,,,,,,,,,,,,,,,,,,,,,,
8th May 2025 22:00,,,,,,,,,,,,,,,,,,,,,,,,,,,,,,,,
8th May 2025 23:00,,,,,,,,,,,,,,,,,,,,,,,,,,,,,,,,
9th May 2025 00:00,,,,,,,,,,,,,,,,,,,,,,,,,,,,,,,,
9th May 2025 01:00,,,,,,,,,,,,,,,,,,,,,,,,,,,,,,,,
9th May 2025 02:00,,,,,,,,,,,,,,,,,,,,,,,,,,,,,,,,
9th May 2025 03:00,,,,,,,,,,,,,,,,,,,,,,,,,,,,,,,,
9th May 2025 04:00,,,,,,,,,,,,,,,,,,,,,,,,,,,,,,,,
9th May 2025 05:00,,,,,,,,,,,,,,,,,,,,,,,,,,,,,,,,
9th May 2025 06:00,,,,,,,,,,,,,,,,,,,,,,,,,,,,,,,,
9th May 2025 07:00,,,,,,,,,,,,,,,,,,,,,,,,,,,,,,,,
9th May 2025 08:00,,,,,,,,,,,,,,,,,,,,,,,,,,,,,,,,
9th May 2025 09:00,,,,,,,,,,,,,,,,,,,,,,,,,,,,,,,,
9th May 2025 10:00,,,,,,,,,,,,,,,,,,,,,,,,,,,,,,,,
9th May 2025 11:00,,,,,,,,,,,,,,,,,,,,,,,,,,,,,,,,
9th May 2025 12:00,,,,,,,,,,,,,,,,,,,,,,,,,,,,,,,,
9th May 2025 13:00,,,,,,,,,,,,,,,,,,,,,,,,,,,,,,,,
9th May 2025 14:00,,,,,,,,,,,,,,,,,,,,,,,,,,,,,,,,
9th May 2025 15:00,,,,,,,,,,,,,,,,,,,,,,,,,,,,,,,,
9th May 2025 16:00,,,,,,,,,,,,,,,,,,,,,,,,,,,,,,,,
9th May 2025 17:00,,,,,,,,,,,,,,,,,,,,,,,,,,,,,,,,
9th May 2025 18:00,,,,,,,,,,,,,,,,,,,,,,,,,,,,,,,,
9th May 2025 19:00,,,,,,,,,,,,,,,,,,,,,,,,,,,,,,,,
9th May 2025 20:00,,,,,,,,,,,,,,,,,,,,,,,,,,,,,,,,
9th May 2025 21:00,,,,,,,,,,,,,,,,,,,,,,,,,,,,,,,,
9th May 2025 22:00,,,,,,,,,,,,,,,,,,,,,,,,,,,,,,,,
9th May 2025 23:00,,,,,,,,,,,,,,,,,,,,,,,,,,,,,,,,
10th May 2025 00:00,,,,,,,,,,,,,,,,,,,,,,,,,,,,,,,,
10th May 2025 01:00,,,,,,,,,,,,,,,,,,,,,,,,,,,,,,,,
10th May 2025 02:00,,,,,,,,,,,,,,,,,,,,,,,,,,,,,,,,
10th May 2025 03:00,,,,,,,,,,,,,,,,,,,,,,,,,,,,,,,,
10th May 2025 04:00,,,,,,,,,,,,,,,,,,,,,,,,,,,,,,,,
10th May 2025 05:00,,,,,,,,,,,,,,,,,,,,,,,,,,,,,,,,
10th May 2025 06:00,,,,,,,,,,,,,,,,,,,,,,,,,,,,,,,,
10th May 2025 07:00,,,,,,,,,,,,,,,,,,,,,,,,,,,,,,,,
10th May 2025 08:00,,,,,,,,,,,,,,,,,,,,,,,,,,,,,,,,
10th May 2025 09:00,,,,,,,,,,,,,,,,,,,,,,,,,,,,,,,,
10th May 2025 10:00,,,,,,,,,,,,,,,,,,,,,,,,,,,,,,,,
10th May 2025 11:00,,,,,,,,,,,,,,,,,,,,,,,,,,,,,,,,
10th May 2025 12:00,,,,,,,,,,,,,,,,,,,,,,,,,,,,,,,,
10th May 2025 13:00,,,,,,,,,,,,,,,,,,,,,,,,,,,,,,,,
10th May 2025 14:00,,,,,,,,,,,,,,,,,,,,,,,,,,,,,,,,
10th May 2025 15:00,,,,,,,,,,,,,,,,,,,,,,,,,,,,,,,,
10th May 2025 16:00,,,,,,,,,,,,,,,,,,,,,,,,,,,,,,,,
10th May 2025 17:00,,,,,,,,,,,,,,,,,,,,,,,,,,,,,,,,
10th May 2025 18:00,,,,,,,,,,,,,,,,,,,,,,,,,,,,,,,,
10th May 2025 19:00,,,,,,,,,,,,,,,,,,,,,,,,,,,,,,,,
10th May 2025 20:00,,,,,,,,,,,,,,,,,,,,,,,,,,,,,,,,
10th May 2025 21:00,,,,,,,,,,,,,,,,,,,,,,,,,,,,,,,,
10th May 2025 22:00,,,,,,,,,,,,,,,,,,,,,,,,,,,,,,,,
10th May 2025 23:00,,,,,,,,,,,,,,,,,,,,,,,,,,,,,,,,
11th May 2025 00:00,,,,,,,,,,,,,,,,,,,,,,,,,,,,,,,,
11th May 2025 01:00,,,,,,,,,,,,,,,,,,,,,,,,,,,,,,,,
11th May 2025 02:00,,,,,,,,,,,,,,,,,,,,,,,,,,,,,,,,
11th May 2025 03:00,,,,,,,,,,,,,,,,,,,,,,,,,,,,,,,,
11th May 2025 04:00,,,,,,,,,,,,,,,,,,,,,,,,,,,,,,,,
11th May 2025 05:00,,,,,,,,,,,,,,,,,,,,,,,,,,,,,,,,
11th May 2025 06:00,,,,,,,,,,,,,,,,,,,,,,,,,,,,,,,,
11th May 2025 07:00,,,,,,,,,,,,,,,,,,,,,,,,,,,,,,,,
11th May 2025 08:00,,,,,,,,,,,,,,,,,,,,,,,,,,,,,,,,
11th May 2025 09:00,,,,,,,,,,,,,,,,,,,,,,,,,,,,,,,,
11th May 2025 10:00,,,,,,,,,,,,,,,,,,,,,,,,,,,,,,,,
11th May 2025 11:00,,,,,,,,,,,,,,,,,,,,,,,,,,,,,,,,
11th May 2025 12:00,,,,,,,,,,,,,,,,,,,,,,,,,,,,,,,,
11th May 2025 13:00,,,,,,,,,,,,,,,,,,,,,,,,,,,,,,,,
11th May 2025 14:00,,,,,,,,,,,,,,,,,,,,,,,,,,,,,,,,
11th May 2025 15:00,,,,,,,,,,,,,,,,,,,,,,,,,,,,,,,,
11th May 2025 16:00,,,,,,,,,,,,,,,,,,,,,,,,,,,,,,,,
11th May 2025 17:00,,,,,,,,,,,,,,,,,,,,,,,,,,,,,,,,
11th May 2025 18:00,,,,,,,,,,,,,,,,,,,,,,,,,,,,,,,,
11th May 2025 19:00,,,,,,,,,,,,,,,,,,,,,,,,,,,,,,,,
11th May 2025 20:00,,,,,,,,,,,,,,,,,,,,,,,,,,,,,,,,
11th May 2025 21:00,,,,,,,,,,,,,,,,,,,,,,,,,,,,,,,,
11th May 2025 22:00,,,,,,,,,,,,,,,,,,,,,,,,,,,,,,,,
11th May 2025 23:00,,,,,,,,,,,,,,,,,,,,,,,,,,,,,,,,
12th May 2025 00:00,,,,,,,,,,,,,,,,,,,,,,,,,,,,,,,,
12th May 2025 01:00,,,,,,,,,,,,,,,,,,,,,,,,,,,,,,,,
12th May 2025 02:00,,,,,,,,,,,,,,,,,,,,,,,,,,,,,,,,
12th May 2025 03:00,,,,,,,,,,,,,,,,,,,,,,,,,,,,,,,,
12th May 2025 04:00,,,,,,,,,,,,,,,,,,,,,,,,,,,,,,,,
12th May 2025 05:00,,,,,,,,,,,,,,,,,,,,,,,,,,,,,,,,
12th May 2025 06:00,,,,,,,,,,,,,,,,,,,,,,,,,,,,,,,,
12th May 2025 07:00,,,,,,,,,,,,,,,,,,,,,,,,,,,,,,,,
12th May 2025 08:00,,,,,,,,,,,,,,,,,,,,,,,,,,,,,,,,
12th May 2025 09:00,,,,,,,,,,,,,,,,,,,,,,,,,,,,,,,,
12th May 2025 10:00,,,,,,,,,,,,,,,,,,,,,,,,,,,,,,,,
12th May 2025 11:00,,,,,,,,,,,,,,,,,,,,,,,,,,,,,,,,
12th May 2025 12:00,,,,,,,,,,,,,,,,,,,,,,,,,,,,,,,,
12th May 2025 13:00,,,,,,,,,,,,,,,,,,,,,,,,,,,,,,,,
12th May 2025 14:00,,,,,,,,,,,,,,,,,,,,,,,,,,,,,,,,
12th May 2025 15:00,,,,,,,,,,,,,,,,,,,,,,,,,,,,,,,,
12th May 2025 16:00,,,,,,,,,,,,,,,,,,,,,,,,,,,,,,,,
12th May 2025 17:00,,,,,,,,,,,,,,,,,,,,,,,,,,,,,,,,
12th May 2025 18:00,,,,,,,,,,,,,,,,,,,,,,,,,,,,,,,,
12th May 2025 19:00,,,,,,,,,,,,,,,,,,,,,,,,,,,,,,,,
12th May 2025 20:00,,,,,,,,,,,,,,,,,,,,,,,,,,,,,,,,
12th May 2025 21:00,,,,,,,,,,,,,,,,,,,,,,,,,,,,,,,,
12th May 2025 22:00,,,,,,,,,,,,,,,,,,,,,,,,,,,,,,,,
12th May 2025 23:00,,,,,,,,,,,,,,,,,,,,,,,,,,,,,,,,
13th May 2025 00:00,,,,,,,,,,,,,,,,,,,,,,,,,,,,,,,,
13th May 2025 01:00,,,,,,,,,,,,,,,,,,,,,,,,,,,,,,,,
13th May 2025 02:00,,,,,,,,,,,,,,,,,,,,,,,,,,,,,,,,
13th May 2025 03:00,,,,,,,,,,,,,,,,,,,,,,,,,,,,,,,,
13th May 2025 04:00,,,,,,,,,,,,,,,,,,,,,,,,,,,,,,,,
13th May 2025 05:00,,,,,,,,,,,,,,,,,,,,,,,,,,,,,,,,
13th May 2025 06:00,,,,,,,,,,,,,,,,,,,,,,,,,,,,,,,,
13th May 2025 07:00,,,,,,,,,,,,,,,,,,,,,,,,,,,,,,,,
13th May 2025 08:00,,,,,,,,,,,,,,,,,,,,,,,,,,,,,,,,
13th May 2025 09:00,,,,,,,,,,,,,,,,,,,,,,,,,,,,,,,,
13th May 2025 10:00,,,,,,,,,,,,,,,,,,,,,,,,,,,,,,,,
13th May 2025 11:00,,,,,,,,,,,,,,,,,,,,,,,,,,,,,,,,
13th May 2025 12:00,,,,,,,,,,,,,,,,,,,,,,,,,,,,,,,,
13th May 2025 13:00,,,,,,,,,,,,,,,,,,,,,,,,,,,,,,,,
13th May 2025 14:00,,,,,,,,,,,,,,,,,,,,,,,,,,,,,,,,
13th May 2025 15:00,,,,,,,,,,,,,,,,,,,,,,,,,,,,,,,,
13th May 2025 16:00,,,,,,,,,,,,,,,,,,,,,,,,,,,,,,,,
13th May 2025 17:00,,,,,,,,,,,,,,,,,,,,,,,,,,,,,,,,
13th May 2025 18:00,,,,,,,,,,,,,,,,,,,,,,,,,,,,,,,,
13th May 2025 19:00,,,,,,,,,,,,,,,,,,,,,,,,,,,,,,,,
13th May 2025 20:00,,,,,,,,,,,,,,,,,,,,,,,,,,,,,,,,
13th May 2025 21:00,,,,,,,,,,,,,,,,,,,,,,,,,,,,,,,,
13th May 2025 22:00,,,,,,,,,,,,,,,,,,,,,,,,,,,,,,,,
13th May 2025 23:00,,,,,,,,,,,,,,,,,,,,,,,,,,,,,,,,
14th May 2025 00:00,,,,,,,,,,,,,,,,,,,,,,,,,,,,,,,,
14th May 2025 01:00,,,,,,,,,,,,,,,,,,,,,,,,,,,,,,,,
14th May 2025 02:00,,,,,,,,,,,,,,,,,,,,,,,,,,,,,,,,
14th May 2025 03:00,,,,,,,,,,,,,,,,,,,,,,,,,,,,,,,,
14th May 2025 04:00,,,,,,,,,,,,,,,,,,,,,,,,,,,,,,,,
14th May 2025 05:00,,,,,,,,,,,,,,,,,,,,,,,,,,,,,,,,
14th May 2025 06:00,,,,,,,,,,,,,,,,,,,,,,,,,,,,,,,,
14th May 2025 07:00,,,,,,,,,,,,,,,,,,,,,,,,,,,,,,,,
14th May 2025 08:00,,,,,,,,,,,,,,,,,,,,,,,,,,,,,,,,
14th May 2025 09:00,,,,,,,,,,,,,,,,,,,,,,,,,,,,,,,,
14th May 2025 10:00,,,,,,,,,,,,,,,,,,,,,,,,,,,,,,,,
14th May 2025 11:00,,,,,,,,,,,,,,,,,,,,,,,,,,,,,,,,
14th May 2025 12:00,,,,,,,,,,,,,,,,,,,,,,,,,,,,,,,,
14th May 2025 13:00,,,,,,,,,,,,,,,,,,,,,,,,,,,,,,,,
14th May 2025 14:00,,,,,,,,,,,,,,,,,,,,,,,,,,,,,,,,
14th May 2025 15:00,,,,,,,,,,,,,,,,,,,,,,,,,,,,,,,,
14th May 2025 16:00,,,,,,,,,,,,,,,,,,,,,,,,,,,,,,,,
14th May 2025 17:00,,,,,,,,,,,,,,,,,,,,,,,,,,,,,,,,
14th May 2025 18:00,,,,,,,,,,,,,,,,,,,,,,,,,,,,,,,,
14th May 2025 19:00,,,,,,,,,,,,,,,,,,,,,,,,,,,,,,,,
14th May 2025 20:00,,,,,,,,,,,,,,,,,,,,,,,,,,,,,,,,
14th May 2025 21:00,,,,,,,,,,,,,,,,,,,,,,,,,,,,,,,,
14th May 2025 22:00,,,,,,,,,,,,,,,,,,,,,,,,,,,,,,,,
14th May 2025 23:00,,,,,,,,,,,,,,,,,,,,,,,,,,,,,,,,
15th May 2025 00:00,,,,,,,,,,,,,,,,,,,,,,,,,,,,,,,,
15th May 2025 01:00,,,,,,,,,,,,,,,,,,,,,,,,,,,,,,,,
15th May 2025 02:00,,,,,,,,,,,,,,,,,,,,,,,,,,,,,,,,
15th May 2025 03:00,,,,,,,,,,,,,,,,,,,,,,,,,,,,,,,,
15th May 2025 04:00,,,,,,,,,,,,,,,,,,,,,,,,,,,,,,,,
15th May 2025 05:00,,,,,,,,,,,,,,,,,,,,,,,,,,,,,,,,
15th May 2025 06:00,,,,,,,,,,,,,,,,,,,,,,,,,,,,,,,,
15th May 2025 07:00,,,,,,,,,,,,,,,,,,,,,,,,,,,,,,,,
15th May 2025 08:00,,,,,,,,,,,,,,,,,,,,,,,,,,,,,,,,
15th May 2025 09:00,,,,,,,,,,,,,,,,,,,,,,,,,,,,,,,,
15th May 2025 10:00,,,,,,,,,,,,,,,,,,,,,,,,,,,,,,,,
15th May 2025 11:00,,,,,,,,,,,,,,,,,,,,,,,,,,,,,,,,
15th May 2025 12:00,,,,,,,,,,,,,,,,,,,,,,,,,,,,,,,,
15th May 2025 13:00,,,,,,,,,,,,,,,,,,,,,,,,,,,,,,,,
15th May 2025 14:00,,,,,,,,,,,,,,,,,,,,,,,,,,,,,,,,
15th May 2025 15:00,,,,,,,,,,,,,,,,,,,,,,,,,,,,,,,,
15th May 2025 16:00,,,,,,,,,,,,,,,,,,,,,,,,,,,,,,,,
15th May 2025 17:00,,,,,,,,,,,,,,,,,,,,,,,,,,,,,,,,
15th May 2025 18:00,,,,,,,,,,,,,,,,,,,,,,,,,,,,,,,,
15th May 2025 19:00,,,,,,,,,,,,,,,,,,,,,,,,,,,,,,,,
15th May 2025 20:00,,,,,,,,,,,,,,,,,,,,,,,,,,,,,,,,
15th May 2025 21:00,,,,,,,,,,,,,,,,,,,,,,,,,,,,,,,,
15th May 2025 22:00,,,,,,,,,,,,,,,,,,,,,,,,,,,,,,,,
15th May 2025 23:00,,,,,,,,,,,,,,,,,,,,,,,,,,,,,,,,
16th May 2025 00:00,,,,,,,,,,,,,,,,,,,,,,,,,,,,,,,,
16th May 2025 01:00,,,,,,,,,,,,,,,,,,,,,,,,,,,,,,,,
16th May 2025 02:00,,,,,,,,,,,,,,,,,,,,,,,,,,,,,,,,
16th May 2025 03:00,,,,,,,,,,,,,,,,,,,,,,,,,,,,,,,,
16th May 2025 04:00,,,,,,,,,,,,,,,,,,,,,,,,,,,,,,,,
16th May 2025 05:00,,,,,,,,,,,,,,,,,,,,,,,,,,,,,,,,
16th May 2025 06:00,,,,,,,,,,,,,,,,,,,,,,,,,,,,,,,,
16th May 2025 07:00,,,,,,,,,,,,,,,,,,,,,,,,,,,,,,,,
16th May 2025 08:00,,,,,,,,,,,,,,,,,,,,,,,,,,,,,,,,
16th May 2025 09:00,,,,,,,,,,,,,,,,,,,,,,,,,,,,,,,,
16th May 2025 10:00,,,,,,,,,,,,,,,,,,,,,,,,,,,,,,,,
16th May 2025 11:00,,,,,,,,,,,,,,,,,,,,,,,,,,,,,,,,
16th May 2025 12:00,,,,,,,,,,,,,,,,,,,,,,,,,,,,,,,,
16th May 2025 13:00,,,,,,,,,,,,,,,,,,,,,,,,,,,,,,,,
16th May 2025 14:00,,,,,,,,,,,,,,,,,,,,,,,,,,,,,,,,
16th May 2025 15:00,,,,,,,,,,,,,,,,,,,,,,,,,,,,,,,,
16th May 2025 16:00,,,,,,,,,,,,,,,,,,,,,,,,,,,,,,,,
16th May 2025 17:00,,,,,,,,,,,,,,,,,,,,,,,,,,,,,,,,
16th May 2025 18:00,,,,,,,,,,,,,,,,,,,,,,,,,,,,,,,,
16th May 2025 19:00,,,,,,,,,,,,,,,,,,,,,,,,,,,,,,,,
16th May 2025 20:00,,,,,,,,,,,,,,,,,,,,,,,,,,,,,,,,
16th May 2025 21:00,,,,,,,,,,,,,,,,,,,,,,,,,,,,,,,,
16th May 2025 22:00,,,,,,,,,,,,,,,,,,,,,,,,,,,,,,,,
16th May 2025 23:00,,,,,,,,,,,,,,,,,,,,,,,,,,,,,,,,
17th May 2025 00:00,,,,,,,,,,,,,,,,,,,,,,,,,,,,,,,,
17th May 2025 01:00,,,,,,,,,,,,,,,,,,,,,,,,,,,,,,,,
17th May 2025 02:00,,,,,,,,,,,,,,,,,,,,,,,,,,,,,,,,
17th May 2025 03:00,,,,,,,,,,,,,,,,,,,,,,,,,,,,,,,,
17th May 2025 04:00,,,,,,,,,,,,,,,,,,,,,,,,,,,,,,,,
17th May 2025 05:00,,,,,,,,,,,,,,,,,,,,,,,,,,,,,,,,
17th May 2025 06:00,,,,,,,,,,,,,,,,,,,,,,,,,,,,,,,,
17th May 2025 07:00,,,,,,,,,,,,,,,,,,,,,,,,,,,,,,,,
17th May 2025 08:00,,,,,,,,,,,,,,,,,,,,,,,,,,,,,,,,
17th May 2025 09:00,,,,,,,,,,,,,,,,,,,,,,,,,,,,,,,,
17th May 2025 10:00,,,,,,,,,,,,,,,,,,,,,,,,,,,,,,,,
17th May 2025 11:00,,,,,,,,,,,,,,,,,,,,,,,,,,,,,,,,
17th May 2025 12:00,,,,,,,,,,,,,,,,,,,,,,,,,,,,,,,,
17th May 2025 13:00,,,,,,,,,,,,,,,,,,,,,,,,,,,,,,,,
17th May 2025 14:00,,,,,,,,,,,,,,,,,,,,,,,,,,,,,,,,
17th May 2025 15:00,,,,,,,,,,,,,,,,,,,,,,,,,,,,,,,,
17th May 2025 16:00,,,,,,,,,,,,,,,,,,,,,,,,,,,,,,,,
17th May 2025 17:00,,,,,,,,,,,,,,,,,,,,,,,,,,,,,,,,
17th May 2025 18:00,,,,,,,,,,,,,,,,,,,,,,,,,,,,,,,,
17th May 2025 19:00,,,,,,,,,,,,,,,,,,,,,,,,,,,,,,,,
17th May 2025 20:00,,,,,,,,,,,,,,,,,,,,,,,,,,,,,,,,
17th May 2025 21:00,,,,,,,,,,,,,,,,,,,,,,,,,,,,,,,,
17th May 2025 22:00,,,,,,,,,,,,,,,,,,,,,,,,,,,,,,,,
17th May 2025 23:00,,,,,,,,,,,,,,,,,,,,,,,,,,,,,,,,
18th May 2025 00:00,,,,,,,,,,,,,,,,,,,,,,,,,,,,,,,,
18th May 2025 01:00,,,,,,,,,,,,,,,,,,,,,,,,,,,,,,,,
18th May 2025 02:00,,,,,,,,,,,,,,,,,,,,,,,,,,,,,,,,
18th May 2025 03:00,,,,,,,,,,,,,,,,,,,,,,,,,,,,,,,,
18th May 2025 04:00,,,,,,,,,,,,,,,,,,,,,,,,,,,,,,,,
18th May 2025 05:00,,,,,,,,,,,,,,,,,,,,,,,,,,,,,,,,
18th May 2025 06:00,,,,,,,,,,,,,,,,,,,,,,,,,,,,,,,,
18th May 2025 07:00,,,,,,,,,,,,,,,,,,,,,,,,,,,,,,,,
18th May 2025 08:00,,,,,,,,,,,,,,,,,,,,,,,,,,,,,,,,
18th May 2025 09:00,,,,,,,,,,,,,,,,,,,,,,,,,,,,,,,,
18th May 2025 10:00,,,,,,,,,,,,,,,,,,,,,,,,,,,,,,,,
18th May 2025 11:00,,,,,,,,,,,,,,,,,,,,,,,,,,,,,,,,
18th May 2025 12:00,,,,,,,,,,,,,,,,,,,,,,,,,,,,,,,,
18th May 2025 13:00,,,,,,,,,,,,,,,,,,,,,,,,,,,,,,,,
18th May 2025 14:00,,,,,,,,,,,,,,,,,,,,,,,,,,,,,,,,
18th May 2025 15:00,,,,,,,,,,,,,,,,,,,,,,,,,,,,,,,,
18th May 2025 16:00,,,,,,,,,,,,,,,,,,,,,,,,,,,,,,,,
18th May 2025 17:00,,,,,,,,,,,,,,,,,,,,,,,,,,,,,,,,
18th May 2025 18:00,,,,,,,,,,,,,,,,,,,,,,,,,,,,,,,,
18th May 2025 19:00,,,,,,,,,,,,,,,,,,,,,,,,,,,,,,,,
18th May 2025 20:00,,,,,,,,,,,,,,,,,,,,,,,,,,,,,,,,
18th May 2025 21:00,,,,,,,,,,,,,,,,,,,,,,,,,,,,,,,,
18th May 2025 22:00,,,,,,,,,,,,,,,,,,,,,,,,,,,,,,,,
18th May 2025 23:00,,,,,,,,,,,,,,,,,,,,,,,,,,,,,,,,
19th May 2025 00:00,,,,,,,,,,,,,,,,,,,,,,,,,,,,,,,,
19th May 2025 01:00,,,,,,,,,,,,,,,,,,,,,,,,,,,,,,,,
19th May 2025 02:00,,,,,,,,,,,,,,,,,,,,,,,,,,,,,,,,
19th May 2025 03:00,,,,,,,,,,,,,,,,,,,,,,,,,,,,,,,,
19th May 2025 04:00,,,,,,,,,,,,,,,,,,,,,,,,,,,,,,,,
19th May 2025 05:00,,,,,,,,,,,,,,,,,,,,,,,,,,,,,,,,
19th May 2025 06:00,,,,,,,,,,,,,,,,,,,,,,,,,,,,,,,,
19th May 2025 07:00,,,,,,,,,,,,,,,,,,,,,,,,,,,,,,,,
19th May 2025 08:00,,,,,,,,,,,,,,,,,,,,,,,,,,,,,,,,
19th May 2025 09:00,,,,,,,,,,,,,,,,,,,,,,,,,,,,,,,,
19th May 2025 10:00,,,,,,,,,,,,,,,,,,,,,,,,,,,,,,,,
19th May 2025 11:00,,,,,,,,,,,,,,,,,,,,,,,,,,,,,,,,
19th May 2025 12:00,,,,,,,,,,,,,,,,,,,,,,,,,,,,,,,,
19th May 2025 13:00,,,,,,,,,,,,,,,,,,,,,,,,,,,,,,,,
19th May 2025 14:00,,,,,,,,,,,,,,,,,,,,,,,,,,,,,,,,
19th May 2025 15:00,,,,,,,,,,,,,,,,,,,,,,,,,,,,,,,,
19th May 2025 16:00,,,,,,,,,,,,,,,,,,,,,,,,,,,,,,,,
19th May 2025 17:00,,,,,,,,,,,,,,,,,,,,,,,,,,,,,,,,
19th May 2025 18:00,,,,,,,,,,,,,,,,,,,,,,,,,,,,,,,,
19th May 2025 19:00,,,,,,,,,,,,,,,,,,,,,,,,,,,,,,,,
19th May 2025 20:00,,,,,,,,,,,,,,,,,,,,,,,,,,,,,,,,
19th May 2025 21:00,,,,,,,,,,,,,,,,,,,,,,,,,,,,,,,,
19th May 2025 22:00,,,,,,,,,,,,,,,,,,,,,,,,,,,,,,,,
19th May 2025 23:00,,,,,,,,,,,,,,,,,,,,,,,,,,,,,,,,
20th May 2025 00:00,,,,,,,,,,,,,,,,,,,,,,,,,,,,,,,,
20th May 2025 01:00,,,,,,,,,,,,,,,,,,,,,,,,,,,,,,,,
20th May 2025 02:00,,,,,,,,,,,,,,,,,,,,,,,,,,,,,,,,
20th May 2025 03:00,,,,,,,,,,,,,,,,,,,,,,,,,,,,,,,,
20th May 2025 04:00,,,,,,,,,,,,,,,,,,,,,,,,,,,,,,,,
20th May 2025 05:00,,,,,,,,,,,,,,,,,,,,,,,,,,,,,,,,
20th May 2025 06:00,,,,,,,,,,,,,,,,,,,,,,,,,,,,,,,,
20th May 2025 07:00,,,,,,,,,,,,,,,,,,,,,,,,,,,,,,,,
20th May 2025 08:00,,,,,,,,,,,,,,,,,,,,,,,,,,,,,,,,
20th May 2025 09:00,,,,,,,,,,,,,,,,,,,,,,,,,,,,,,,,
20th May 2025 10:00,,,,,,,,,,,,,,,,,,,,,,,,,,,,,,,,
20th May 2025 11:00,,,,,,,,,,,,,,,,,,,,,,,,,,,,,,,,
20th May 2025 12:00,,,,,,,,,,,,,,,,,,,,,,,,,,,,,,,,
20th May 2025 13:00,,,,,,,,,,,,,,,,,,,,,,,,,,,,,,,,
20th May 2025 14:00,,,,,,,,,,,,,,,,,,,,,,,,,,,,,,,,
20th May 2025 15:00,,,,,,,,,,,,,,,,,,,,,,,,,,,,,,,,
20th May 2025 16:00,,,,,,,,,,,,,,,,,,,,,,,,,,,,,,,,
20th May 2025 17:00,,,,,,,,,,,,,,,,,11,18,,,,,,,,,,,,,,
20th May 2025 18:00,,,,,,,,,,,,,,,,,14,34,,,,,,,,,,,,,,
20th May 2025 19:00,,,,,,,,,,,,,,,,,7,22,,,,,,,,,,,,,,
20th May 2025 20:00,,,,,,,,,,,,,,,,,6,10,,,,,,,,,,,,,,
20th May 2025 21:00,,,,,,,,,,,,,,,,,11,5,,,,,,,,,,,,,,
20th May 2025 22:00,,,,,,,,,,,,,,,,,0,0,,,,,,,,,,,,,,
20th May 2025 23:00,,,,,,,,,,,,,,,,,2,1,,,,,,,,,,,,,,
21st May 2025 00:00,,,,,,,,,,,,,,,,,,0,,,,,,,,,,,,,,
21st May 2025 01:00,,,,,,,,,,,,,,,,,,0,,,,,,,,,,,,,,
21st May 2025 02:00,,,,,,,,,,,,,,,,,,0,,,,,,,,,,,,,,
21st May 2025 03:00,,,,,,,,,,,,,,,,,,0,,,,,,,,,,,,,,
21st May 2025 04:00,,,,,,,,,,,,,,,,,,1,,,,,,,,,,,,,,
21st May 2025 05:00,,,,,,,,,,,,,,,,,,6,,,,,,,,,,,,,,
21st May 2025 06:00,,,,,,,,,,,,,,,,,,4,,,,,,,,,,,,,,
21st May 2025 07:00,,,,,,,,,,,,,,,,,,13,,,,,,,,,,,,,,
21st May 2025 08:00,,,,,,,,,,,,,,,,,,22,,,,,,,,,,,,,,
21st May 2025 09:00,,,,,,,,,,,,,,,,,,27,,,,,,,,,,,,,,
21st May 2025 10:00,,,,,,,,,,,,,,,,,,,,,,,,,,,,,,,,
21st May 2025 11:00,,,,,,,,,,,,,,,,,,,,,,,,,,,,,,,,
21st May 2025 12:00,,,,,,,,,,,,,,,,,,,,,,,,,,,,,,,,
21st May 2025 13:00,,,,,,,,,,,,,,,,,,,,,,,,,,,,,,,,
21st May 2025 14:00,,,,,,,,,,,,,,,,,,,,,,,,,,,,,,,,
21st May 2025 15:00,,,,,,,,,,,,,,,,,,,,,,,,,,,,,,,,
21st May 2025 16:00,,,,,,,,,,,,,,,,,,,,,,,,,,,,,,,,
21st May 2025 17:00,,,,,,,,,,,,,,,,,,,,,,,,,,,,,,,,
21st May 2025 18:00,,,,,,,,,,,,,,,,,,,,,,,,,,,,,,,,
21st May 2025 19:00,,,,,,,,,,,,,,,,,,,,,,,,,,,,,,,,
21st May 2025 20:00,,,,,,,,,,,,,,,,,,,,,,,,,,,,,,,,
21st May 2025 21:00,,,,,,,,,,,,,,,,,,,,,,,,,,,,,,,,
21st May 2025 22:00,,,,,,,,,,,,,,,,,,,,,,,,,,,,,,,,
21st May 2025 23:00,,,,,,,,,,,,,,,,,,,,,,,,,,,,,,,,
